Keyword,Page URL,LOCKED,Status,Action,Clicks,Position,Match Score,AI Score,Source,Redirect Processed,Keyword Replaced
wall art decor,https://aboutwallart.com/,LOCKED,DONE,TO_OPTIMIZE,N/A,N/A,N/A,N/A,Other,,
unique wall art,https://aboutwallart.com/pages/unique-wall-art,LOCKED,DONE,TO_OPTIMIZE,N/A,N/A,N/A,N/A,Pre-Optimized Page,,
home decor unique,https://aboutwallart.com/pages/home-decor-items,LOCKED,DONE,TO_OPTIMIZE,N/A,N/A,N/A,N/A,Pre-Optimized Page,,
modern wall art,https://aboutwallart.com/pages/modern-art-wall-decoration-shop-by-room,LOCKED,DONE,TO_OPTIMIZE,N/A,N/A,N/A,N/A,Pre-Optimized Page,,
framed wall art,https://aboutwallart.com/pages/wall-hanging-pictures-shop-by-style,LOCKED,DONE,TO_OPTIMIZE,N/A,N/A,N/A,N/A,Pre-Optimized Page,,
wall art by colour,https://aboutwallart.com/pages/gallery-wall-art-shop-by-colour-scheme,LOCKED,DONE,TO_OPTIMIZE,N/A,N/A,N/A,N/A,Pre-Optimized Page,,
celebration gifts,https://aboutwallart.com/pages/celebration-gifts-shop-by-occasion,LOCKED,DONE,TO_OPTIMIZE,N/A,N/A,N/A,N/A,Pre-Optimized Page,,
botanical themed bedroom,https://aboutwallart.com/blogs/news-articles-home-decor-inspiration/master-botanical-themed-bedroom-like-a-professional-designer,LOCKED,DONE,TO_OPTIMIZE,N/A,N/A,N/A,N/A,Published Blog,,
boho art design,https://aboutwallart.com/blogs/news-articles-home-decor-inspiration/boho-art-design-how-to-master-bohemian-wall-decor,LOCKED,DONE,TO_OPTIMIZE,N/A,N/A,N/A,N/A,Published Blog,,
boho bedroom,https://aboutwallart.com/blogs/news-articles-home-decor-inspiration/boho-bedroom-ideas-create-your-peaceful-sanctuary,LOCKED,DONE,TO_OPTIMIZE,N/A,N/A,N/A,N/A,Published Blog,,
boho living room ideas,https://aboutwallart.com/blogs/news-articles-home-decor-inspiration/bohemian-living-room-ideas-free-spirited-decor-tips,LOCKED,DONE,TO_OPTIMIZE,N/A,N/A,N/A,N/A,Published Blog,,
rustic boho,https://aboutwallart.com/blogs/news-articles-home-decor-inspiration/rustic-boho-style-how-to-blend-two-design-trends,LOCKED,DONE,TO_OPTIMIZE,N/A,N/A,N/A,N/A,Published Blog,,
coastal interior design,https://aboutwallart.com/blogs/news-articles-home-decor-inspiration/coastal-interior-design-that-will-make-your-home-instagram-w,LOCKED,DONE,TO_OPTIMIZE,N/A,N/A,N/A,N/A,Published Blog,,
summer design ideas,https://aboutwallart.com/blogs/news-articles-home-decor-inspiration/summer-design-ideas-made-easy-complete-beginners-guide,LOCKED,DONE,TO_OPTIMIZE,N/A,N/A,N/A,N/A,Published Blog,,
coastal chic style,https://aboutwallart.com/blogs/news-articles-home-decor-inspiration/latest-coastal-chic-style-trends-every-designer-is-using,LOCKED,DONE,TO_OPTIMIZE,N/A,N/A,N/A,N/A,Published Blog,,
coastal interiors,https://aboutwallart.com/blogs/news-articles-home-decor-inspiration/coastal-interior-design-bring-the-beach-home-with-these-idea,LOCKED,DONE,TO_OPTIMIZE,N/A,N/A,N/A,N/A,Published Blog,,
coastal master bedroom ideas,https://aboutwallart.com/blogs/news-articles-home-decor-inspiration/coastal-master-bedroom-ideas-serene-decor-inspiration,LOCKED,DONE,TO_OPTIMIZE,N/A,N/A,N/A,N/A,Published Blog,,
shibori wall art,https://aboutwallart.com/blogs/news-articles-home-decor-inspiration/how-to-choose-the-perfect-shibori-wall-art-for-your-home,LOCKED,DONE,TO_OPTIMIZE,N/A,N/A,N/A,N/A,Published Blog,,
minimalist black and white art,https://aboutwallart.com/blogs/news-articles-home-decor-inspiration/best-minimalist-black-and-white-art-for-small-spaces-and-apa,LOCKED,DONE,TO_OPTIMIZE,N/A,N/A,N/A,N/A,Published Blog,,
design trends interior,https://aboutwallart.com/blogs/news-articles-home-decor-inspiration/interior-design-trends-for-2026-key-looks-to-try,LOCKED,DONE,TO_OPTIMIZE,N/A,N/A,N/A,N/A,Published Blog,,
home decor trends,https://aboutwallart.com/blogs/news-articles-home-decor-inspiration/7-home-decor-trends-2025-you-need-to-know-now,LOCKED,DONE,TO_OPTIMIZE,N/A,N/A,N/A,N/A,Published Blog,,
trends now,https://aboutwallart.com/blogs/news-articles-home-decor-inspiration/home-decor-trends-now-what-people-are-actually-buying-in-202,LOCKED,DONE,TO_OPTIMIZE,N/A,N/A,N/A,N/A,Published Blog,,
interior design trends,https://aboutwallart.com/blogs/news-articles-home-decor-inspiration/top-interior-design-trends-to-watch-for-in-the-coming-year,LOCKED,DONE,TO_OPTIMIZE,N/A,N/A,N/A,N/A,Published Blog,,
paintings for living room,https://aboutwallart.com/blogs/news-articles-home-decor-inspiration/top-paintings-for-living-room-trends-you-need-to-know,LOCKED,DONE,TO_OPTIMIZE,N/A,N/A,N/A,N/A,Published Blog,,
small living room decor ideas,https://aboutwallart.com/blogs/news-articles-home-decor-inspiration/top-small-living-room-decor-ideas-trends-you-need-to-know,LOCKED,DONE,TO_OPTIMIZE,N/A,N/A,N/A,N/A,Published Blog,,
texture art,https://aboutwallart.com/blogs/news-articles-home-decor-inspiration/how-texture-art-can-completely-change-your-space,LOCKED,DONE,TO_OPTIMIZE,N/A,N/A,N/A,N/A,Published Blog,,
home decorating trends,https://aboutwallart.com/blogs/news-articles-home-decor-inspiration/home-decorating-trends-for-2026-whats-in-and-whats-out,LOCKED,DONE,TO_OPTIMIZE,N/A,N/A,N/A,N/A,Published Blog,,
art for kitchen walls,https://aboutwallart.com/blogs/news-articles-home-decor-inspiration/everything-you-need-about-perfect-art-for-kitchen-walls,LOCKED,DONE,TO_OPTIMIZE,N/A,N/A,N/A,N/A,Published Blog,,
bedroom ideas for teens,https://aboutwallart.com/blogs/news-articles-home-decor-inspiration/budget-friendly-bedroom-ideas-for-teens-ideas-that-look-expe,LOCKED,DONE,TO_OPTIMIZE,N/A,N/A,N/A,N/A,Published Blog,,
home interior design,https://aboutwallart.com/blogs/news-articles-home-decor-inspiration/create-beautiful-home-interior-design-in-5-simple-steps,LOCKED,DONE,TO_OPTIMIZE,N/A,N/A,N/A,N/A,Published Blog,,
current interior decorating trends,https://aboutwallart.com/blogs/news-articles-home-decor-inspiration/current-interior-decorating-trends-for-2026-you-need-to-know,LOCKED,DONE,TO_OPTIMIZE,N/A,N/A,N/A,N/A,Published Blog,,
kitchen wall art,https://aboutwallart.com/blogs/news-articles-home-decor-inspiration/kitchen-wall-art-expert-interior-design-tips-trends-2026,LOCKED,DONE,TO_OPTIMIZE,N/A,N/A,N/A,N/A,Published Blog,,
studio apartment ideas,https://aboutwallart.com/blogs/news-articles-home-decor-inspiration/studio-apartment-ideas-small-space-design-solutions-for-2026,LOCKED,DONE,TO_OPTIMIZE,N/A,N/A,N/A,N/A,Published Blog,,
interior design trends 2026,https://aboutwallart.com/blogs/news-articles-home-decor-inspiration/interior-design-trends-for-2026-and-what-continues-into-2026,LOCKED,DONE,TO_OPTIMIZE,N/A,N/A,N/A,N/A,Published Blog,,
wall gallery layouts,https://aboutwallart.com/blogs/news-articles-home-decor-inspiration/inspiring-wall-gallery-layouts-from-blank-walls-to-a-perfect,LOCKED,DONE,TO_OPTIMIZE,N/A,N/A,N/A,N/A,Published Blog,,
black & white bathroom ideas,https://aboutwallart.com/blogs/news-articles-home-decor-inspiration/everything-you-need-about-perfect-black-white-bathroom-ideas,LOCKED,DONE,TO_OPTIMIZE,N/A,N/A,N/A,N/A,Published Blog,,
black and white wall art,https://aboutwallart.com/blogs/news-articles-home-decor-inspiration/black-and-white-wall-art-expert-design-tips-and-inspiration,LOCKED,DONE,TO_OPTIMIZE,N/A,N/A,N/A,N/A,Published Blog,,
wall art trends,https://aboutwallart.com/blogs/news-articles-home-decor-inspiration/wall-art-trends-for-2026-styles-designers-are-loving,LOCKED,DONE,TO_OPTIMIZE,N/A,N/A,N/A,N/A,Published Blog,,
trending home decor,https://aboutwallart.com/blogs/news-articles-home-decor-inspiration/trending-home-decor-ideas-for-2026-on-a-reallife-budget,LOCKED,DONE,TO_OPTIMIZE,N/A,N/A,N/A,N/A,Published Blog,,
decor trends 2026,https://aboutwallart.com/blogs/news-articles-home-decor-inspiration/decor-trends-for-2026-what-to-watch-next,LOCKED,DONE,TO_OPTIMIZE,N/A,N/A,N/A,N/A,Published Blog,,
newest decorating trends,https://aboutwallart.com/blogs/news-articles-home-decor-inspiration/newest-decorating-trends-for-2026-you-can-try-now,LOCKED,DONE,TO_OPTIMIZE,N/A,N/A,N/A,N/A,Published Blog,,
colour trends,https://aboutwallart.com/blogs/news-articles-home-decor-inspiration/colour-trends-for-2026-paint-shades-designers-recommend,LOCKED,DONE,TO_OPTIMIZE,N/A,N/A,N/A,N/A,Published Blog,,
design and trends 2026,https://aboutwallart.com/blogs/news-articles-home-decor-inspiration/design-and-decor-trends-for-2026,LOCKED,DONE,TO_OPTIMIZE,N/A,N/A,N/A,N/A,Published Blog,,
grey and beige living room,https://aboutwallart.com/blogs/news-articles-home-decor-inspiration/the-ultimate-guide-to-styling-grey-and-beige-living-room,LOCKED,DONE,TO_OPTIMIZE,N/A,N/A,N/A,N/A,Published Blog,,
japanese cherry blossom art,https://aboutwallart.com/blogs/news-articles-home-decor-inspiration/japanese-cherry-blossom-art-for-small-spaces-and-apartments,LOCKED,DONE,TO_OPTIMIZE,N/A,N/A,N/A,N/A,Published Blog,,
space temporary cultural,https://aboutwallart.com/blogs/news-articles-home-decor-inspiration/space-temporary-cultural-practical-design-insights-for-moder,LOCKED,DONE,TO_OPTIMIZE,N/A,N/A,N/A,N/A,Published Blog,,
how to decorate a large wall in living room,https://aboutwallart.com/blogs/news-articles-home-decor-inspiration/everything-you-need-about-perfect-how-to-decorate-a-large-wa,LOCKED,DONE,TO_OPTIMIZE,N/A,N/A,N/A,N/A,Published Blog,,
how to decorate your home,https://aboutwallart.com/blogs/news-articles-home-decor-inspiration/solve-your-how-to-decorate-your-home-problems-with-these-tip,LOCKED,DONE,TO_OPTIMIZE,N/A,N/A,N/A,N/A,Published Blog,,
ideas for wall art in bedroom,https://aboutwallart.com/blogs/news-articles-home-decor-inspiration/design-your-dream-ideas-for-wall-art-in-bedroom-with-these-t,LOCKED,DONE,TO_OPTIMIZE,N/A,N/A,N/A,N/A,Published Blog,,
large wall decor ideas,https://aboutwallart.com/blogs/news-articles-home-decor-inspiration/large-wall-decor-ideas-to-fill-big-blank-walls-beautifully,LOCKED,DONE,TO_OPTIMIZE,N/A,N/A,N/A,N/A,Published Blog,,
small bathroom wall art,https://aboutwallart.com/blogs/news-articles-home-decor-inspiration/create-beautiful-small-bathroom-wall-art-in-5-simple-steps,LOCKED,DONE,TO_OPTIMIZE,N/A,N/A,N/A,N/A,Published Blog,,
tv room ideas,https://aboutwallart.com/blogs/news-articles-home-decor-inspiration/tv-room-ideas-inspiration-from-top-interior-designers,LOCKED,DONE,TO_OPTIMIZE,N/A,N/A,N/A,N/A,Published Blog,,
wall art ideas bedroom,https://aboutwallart.com/blogs/news-articles-home-decor-inspiration/best-wall-art-ideas-bedroom-for-small-spaces-and-apartments,LOCKED,DONE,TO_OPTIMIZE,N/A,N/A,N/A,N/A,Published Blog,,
what frame size doÂ iÂ need,https://aboutwallart.com/blogs/news-articles-home-decor-inspiration/everything-you-need-about-perfect-what-frame-size-do-i-need,LOCKED,DONE,TO_OPTIMIZE,N/A,N/A,N/A,N/A,Published Blog,,
ai living room design,https://aboutwallart.com/blogs/news-articles-home-decor-inspiration/everything-you-need-about-perfect-ai-living-room-design,LOCKED,DONE,TO_OPTIMIZE,N/A,N/A,N/A,N/A,Published Blog,,
design principles art,https://aboutwallart.com/blogs/news-articles-home-decor-inspiration/design-principles-in-art-simple-rules-for-better-wall-displa,LOCKED,DONE,TO_OPTIMIZE,N/A,N/A,N/A,N/A,Published Blog,,
study room decoration,https://aboutwallart.com/blogs/news-articles-home-decor-inspiration/study-room-decoration-ideas-to-boost-focus-and-motivation,LOCKED,DONE,TO_OPTIMIZE,N/A,N/A,N/A,N/A,Published Blog,,
tiny studio apartment ideas,https://aboutwallart.com/blogs/news-articles-home-decor-inspiration/tiny-studio-apartment-ideas-small-space-design-solutions-for,LOCKED,DONE,TO_OPTIMIZE,N/A,N/A,N/A,N/A,Published Blog,,
farmhouse country living room ideas,https://aboutwallart.com/blogs/news-articles-home-decor-inspiration/farmhouse-living-room-ideas-rustic-charm-warmth,LOCKED,DONE,TO_OPTIMIZE,N/A,N/A,N/A,N/A,Published Blog,,
wall art for grey living room,https://aboutwallart.com/blogs/news-articles-home-decor-inspiration/why-wall-art-for-grey-living-room-is-the-must-have-trend-rig,LOCKED,DONE,TO_OPTIMIZE,N/A,N/A,N/A,N/A,Published Blog,,
what color curtains for grey walls,https://aboutwallart.com/blogs/news-articles-home-decor-inspiration/master-what-color-curtains-for-grey-walls-like-a-professiona,LOCKED,DONE,TO_OPTIMIZE,N/A,N/A,N/A,N/A,Published Blog,,
above toilet decor,https://aboutwallart.com/blogs/news-articles-home-decor-inspiration/bathroom-above-toilet-decor-transform-that-empty-space,LOCKED,DONE,TO_OPTIMIZE,N/A,N/A,N/A,N/A,Published Blog,,
bathroom art prints,https://aboutwallart.com/blogs/news-articles-home-decor-inspiration/beautiful-bathroom-art-prints-elevate-your-decor-game,LOCKED,DONE,TO_OPTIMIZE,N/A,N/A,N/A,N/A,Published Blog,,
small farmhouse living room ideas,https://aboutwallart.com/blogs/news-articles-home-decor-inspiration/small-farmhouse-living-room-cozy-rustic-design-ideas,LOCKED,DONE,TO_OPTIMIZE,N/A,N/A,N/A,N/A,Published Blog,,
calming bedroom ideas,https://aboutwallart.com/blogs/news-articles-home-decor-inspiration/calming-bedroom-ideas-design-for-better-sleep-relaxation,LOCKED,DONE,TO_OPTIMIZE,N/A,N/A,N/A,N/A,Published Blog,,
colors that go well with grey,https://aboutwallart.com/blogs/news-articles-home-decor-inspiration/colors-that-go-with-grey-perfect-combinations-for-home-decor,LOCKED,DONE,TO_OPTIMIZE,N/A,N/A,N/A,N/A,Published Blog,,
farmhouse interior ideas,https://aboutwallart.com/blogs/news-articles-home-decor-inspiration/farmhouse-interior-ideas-bringing-rustic-elegance-home,LOCKED,DONE,TO_OPTIMIZE,N/A,N/A,N/A,N/A,Published Blog,,
farmhouse master bedroom ideas,https://aboutwallart.com/blogs/news-articles-home-decor-inspiration/farmhouse-master-bedroom-cozy-comfort-design-guide,LOCKED,DONE,TO_OPTIMIZE,N/A,N/A,N/A,N/A,Published Blog,,
dining room wall art ideas,https://aboutwallart.com/blogs/news-articles-home-decor-inspiration/dining-room-wall-art-ideas-set-the-perfect-mood,LOCKED,DONE,TO_OPTIMIZE,N/A,N/A,N/A,N/A,Published Blog,,
framed pictures for living room,https://aboutwallart.com/blogs/news-articles-home-decor-inspiration/hanging-framed-pictures-in-living-room-a-design-guide,LOCKED,DONE,TO_OPTIMIZE,N/A,N/A,N/A,N/A,Published Blog,,
botanical prints set of 3,https://aboutwallart.com/blogs/news-articles-home-decor-inspiration/botanical-prints-set-of-3-perfect-gallery-wall-layout-guide-,LOCKED,DONE,TO_OPTIMIZE,N/A,N/A,N/A,N/A,Published Blog,,
master bed room,https://aboutwallart.com/blogs/news-articles-home-decor-inspiration/master-bedroom-ideas-transform-your-private-sanctuary,LOCKED,DONE,TO_OPTIMIZE,N/A,N/A,N/A,N/A,Published Blog,,
master bedroom wall art above bed,https://aboutwallart.com/blogs/news-articles-home-decor-inspiration/wall-art-above-bed-choosing-the-perfect-master-bedroom-piece,LOCKED,DONE,TO_OPTIMIZE,N/A,N/A,N/A,N/A,Published Blog,,
office decor inspiration,https://aboutwallart.com/blogs/news-articles-home-decor-inspiration/home-office-decor-inspiration-work-from-home-in-style,LOCKED,DONE,TO_OPTIMIZE,N/A,N/A,N/A,N/A,Published Blog,,
wall art budget,https://aboutwallart.com/blogs/news-articles-home-decor-inspiration/how-much-should-i-budget-for-wall-art,LOCKED,DONE,TO_OPTIMIZE,N/A,N/A,N/A,N/A,Published Blog,,
wall art size,https://aboutwallart.com/blogs/news-articles-home-decor-inspiration/how-big-should-my-wall-art-be,LOCKED,DONE,TO_OPTIMIZE,N/A,N/A,N/A,N/A,Published Blog,,
canvas vs framed prints,https://aboutwallart.com/blogs/news-articles-home-decor-inspiration/whats-the-difference-between-canvas-and-framed-prints,LOCKED,DONE,TO_OPTIMIZE,N/A,N/A,N/A,N/A,Published Blog,,
hang wall art,https://aboutwallart.com/blogs/news-articles-home-decor-inspiration/how-to-hang-wall-art-like-a-pro,LOCKED,DONE,TO_OPTIMIZE,N/A,N/A,N/A,N/A,Published Blog,,
custom wall art,https://aboutwallart.com/blogs/news-articles-home-decor-inspiration/should-i-commission-custom-wall-art,LOCKED,DONE,TO_OPTIMIZE,N/A,N/A,N/A,N/A,Published Blog,,
gallery wall,https://aboutwallart.com/blogs/news-articles-home-decor-inspiration/how-to-style-a-gallery-wall,LOCKED,DONE,TO_OPTIMIZE,N/A,N/A,N/A,N/A,Published Blog,,
wall art for my space,https://aboutwallart.com/blogs/news-articles-home-decor-inspiration/how-much-wall-art-do-i-need-for-my-space,LOCKED,DONE,TO_OPTIMIZE,N/A,N/A,N/A,N/A,Published Blog,,
digital vs handmade wall art,https://aboutwallart.com/blogs/news-articles-home-decor-inspiration/whats-the-difference-between-digital-and-handmade-wall-art,LOCKED,DONE,TO_OPTIMIZE,N/A,N/A,N/A,N/A,Published Blog,,
wall art for rental spaces,https://aboutwallart.com/blogs/news-articles-home-decor-inspiration/how-to-choose-wall-art-for-rental-spaces,LOCKED,DONE,TO_OPTIMIZE,N/A,N/A,N/A,N/A,Published Blog,,
match wall art to paint colors,https://aboutwallart.com/blogs/news-articles-home-decor-inspiration/how-to-match-wall-art-to-your-paint-colors,LOCKED,DONE,TO_OPTIMIZE,N/A,N/A,N/A,N/A,Published Blog,,
wall art mediums,https://aboutwallart.com/blogs/news-articles-home-decor-inspiration/what-wall-art-mediums-are-available,LOCKED,DONE,TO_OPTIMIZE,N/A,N/A,N/A,N/A,Published Blog,,
cultural wall art,https://aboutwallart.com/blogs/news-articles-home-decor-inspiration/how-to-incorporate-cultural-wall-art-into-your-home,LOCKED,DONE,TO_OPTIMIZE,N/A,N/A,N/A,N/A,Published Blog,,
mix and match wall art styles,https://aboutwallart.com/blogs/news-articles-home-decor-inspiration/how-to-mix-and-match-wall-art-styles,LOCKED,DONE,TO_OPTIMIZE,N/A,N/A,N/A,N/A,Published Blog,,
local wall art,https://aboutwallart.com/blogs/news-articles-home-decor-inspiration/what-are-the-benefits-of-buying-local-wall-art,LOCKED,DONE,TO_OPTIMIZE,N/A,N/A,N/A,N/A,Published Blog,,
wall art to brighten dark room,https://aboutwallart.com/blogs/news-articles-home-decor-inspiration/how-to-use-wall-art-to-brighten-a-dark-room,LOCKED,DONE,TO_OPTIMIZE,N/A,N/A,N/A,N/A,Published Blog,,
care for wall art,https://aboutwallart.com/blogs/news-articles-home-decor-inspiration/how-to-care-for-and-maintain-wall-art,LOCKED,DONE,TO_OPTIMIZE,N/A,N/A,N/A,N/A,Published Blog,,
wall art home office,https://aboutwallart.com/blogs/news-articles-home-decor-inspiration/how-to-incorporate-wall-art-into-your-home-office,LOCKED,DONE,TO_OPTIMIZE,N/A,N/A,N/A,N/A,Published Blog,,
wall art styles personality,https://aboutwallart.com/blogs/news-articles-home-decor-inspiration/what-wall-art-styles-fit-my-personality,LOCKED,DONE,TO_OPTIMIZE,N/A,N/A,N/A,N/A,Published Blog,,
interior decorator cost,https://aboutwallart.com/blogs/news-articles-home-decor-inspiration/how-much-does-an-interior-decorator-cost,LOCKED,DONE,TO_OPTIMIZE,N/A,N/A,N/A,N/A,Published Blog,,
find interior designer,https://aboutwallart.com/blogs/news-articles-home-decor-inspiration/how-can-i-find-the-right-interior-designer-for-my-home,LOCKED,DONE,TO_OPTIMIZE,N/A,N/A,N/A,N/A,Published Blog,,
questions to ask interior designer,https://aboutwallart.com/blogs/news-articles-home-decor-inspiration/what-questions-should-i-ask-before-hiring-an-interior-design,LOCKED,DONE,TO_OPTIMIZE,N/A,N/A,N/A,N/A,Published Blog,,
interior designer small space,https://aboutwallart.com/blogs/news-articles-home-decor-inspiration/should-i-hire-an-interior-designer-for-my-small-space,LOCKED,DONE,TO_OPTIMIZE,N/A,N/A,N/A,N/A,Published Blog,,
interior designer budget,https://aboutwallart.com/blogs/news-articles-home-decor-inspiration/how-can-an-interior-designer-help-maximize-my-budget,LOCKED,DONE,TO_OPTIMIZE,N/A,N/A,N/A,N/A,Published Blog,,
interior decorator vs designer,https://aboutwallart.com/blogs/news-articles-home-decor-inspiration/whats-the-difference-between-an-interior-decorator-and-desig,LOCKED,DONE,TO_OPTIMIZE,N/A,N/A,N/A,N/A,Published Blog,,
value of interior designer,https://aboutwallart.com/blogs/news-articles-home-decor-inspiration/how-can-i-get-the-most-value-from-hiring-an-interior-designe,LOCKED,DONE,TO_OPTIMIZE,N/A,N/A,N/A,N/A,Published Blog,,
interior designer rental apartment,https://aboutwallart.com/blogs/news-articles-home-decor-inspiration/should-i-hire-an-interior-designer-for-my-rental-apartment,LOCKED,DONE,TO_OPTIMIZE,N/A,N/A,N/A,N/A,Published Blog,,
prepare for interior designer consultation,https://aboutwallart.com/blogs/news-articles-home-decor-inspiration/how-can-i-prepare-my-home-for-an-interior-designer-consultat,LOCKED,DONE,TO_OPTIMIZE,N/A,N/A,N/A,N/A,Published Blog,,
sustainable interior design,https://aboutwallart.com/blogs/news-articles-home-decor-inspiration/how-can-i-incorporate-sustainable-design-into-my-home,LOCKED,DONE,TO_OPTIMIZE,N/A,N/A,N/A,N/A,Published Blog,,
interior design ideas small spaces,https://aboutwallart.com/blogs/news-articles-home-decor-inspiration/what-are-the-best-interior-design-ideas-for-small-spaces,LOCKED,DONE,TO_OPTIMIZE,N/A,N/A,N/A,N/A,Published Blog,,
curb appeal on a budget,https://aboutwallart.com/blogs/news-articles-home-decor-inspiration/how-can-i-update-my-homes-curb-appeal-on-a-budget,LOCKED,DONE,TO_OPTIMIZE,N/A,N/A,N/A,N/A,Published Blog,,
home decor essentials,https://aboutwallart.com/blogs/news-articles-home-decor-inspiration/what-home-decor-essentials-should-i-invest-in,LOCKED,DONE,TO_OPTIMIZE,N/A,N/A,N/A,N/A,Published Blog,,
timeless interior design,https://aboutwallart.com/blogs/news-articles-home-decor-inspiration/how-can-i-incorporate-timeless-design-into-my-home,LOCKED,DONE,TO_OPTIMIZE,N/A,N/A,N/A,N/A,Published Blog,,
paint colors for small rooms,https://aboutwallart.com/blogs/news-articles-home-decor-inspiration/what-are-the-best-paint-colors-for-small-rooms,LOCKED,DONE,TO_OPTIMIZE,N/A,N/A,N/A,N/A,Published Blog,,
refresh living room on a budget,https://aboutwallart.com/blogs/news-articles-home-decor-inspiration/how-can-i-refresh-my-living-room-on-a-budget,LOCKED,DONE,TO_OPTIMIZE,N/A,N/A,N/A,N/A,Published Blog,,
benefits of hiring an interior designer,https://aboutwallart.com/blogs/news-articles-home-decor-inspiration/what-are-the-benefits-of-hiring-an-interior-designer-for-my-,LOCKED,DONE,TO_OPTIMIZE,N/A,N/A,N/A,N/A,Published Blog,,
feng shui home design,https://aboutwallart.com/blogs/news-articles-home-decor-inspiration/how-can-i-incorporate-feng-shui-principles-into-my-home-desi,LOCKED,DONE,TO_OPTIMIZE,N/A,N/A,N/A,N/A,Published Blog,,
style your home like a professional,https://aboutwallart.com/blogs/news-articles-home-decor-inspiration/how-to-style-your-home-like-a-professional,LOCKED,DONE,TO_OPTIMIZE,N/A,N/A,N/A,N/A,Published Blog,,
diy home decor projects,https://aboutwallart.com/blogs/news-articles-home-decor-inspiration/5-easy-diy-home-decor-projects-for-beginners,LOCKED,DONE,TO_OPTIMIZE,N/A,N/A,N/A,N/A,Published Blog,,
online tools for interior design planning,https://aboutwallart.com/blogs/news-articles-home-decor-inspiration/the-best-online-tools-for-interior-design-planning,LOCKED,DONE,TO_OPTIMIZE,N/A,N/A,N/A,N/A,Published Blog,,
declutter and organize your home,https://aboutwallart.com/blogs/news-articles-home-decor-inspiration/how-to-declutter-and-organize-your-home-in-5-steps,LOCKED,DONE,TO_OPTIMIZE,N/A,N/A,N/A,N/A,Published Blog,,
mixing patterns in interior design,https://aboutwallart.com/blogs/news-articles-home-decor-inspiration/the-dos-and-donts-of-mixing-patterns-in-interior-design,LOCKED,DONE,TO_OPTIMIZE,N/A,N/A,N/A,N/A,Published Blog,,
sustainable interior design materials,https://aboutwallart.com/blogs/news-articles-home-decor-inspiration/how-to-incorporate-sustainable-materials-in-your-interior-de,LOCKED,DONE,TO_OPTIMIZE,N/A,N/A,N/A,N/A,Published Blog,,
small space interior design,https://aboutwallart.com/blogs/news-articles-home-decor-inspiration/design-tips-for-compact-homes,LOCKED,DONE,TO_OPTIMIZE,N/A,N/A,N/A,N/A,Published Blog,,
practical interior design,https://aboutwallart.com/blogs/news-articles-home-decor-inspiration/balancing-function-and-aesthetics-a-guide-to-practical-inter,LOCKED,DONE,TO_OPTIMIZE,N/A,N/A,N/A,N/A,Published Blog,,
hiring an interior decorator,https://aboutwallart.com/blogs/news-articles-home-decor-inspiration/is-hiring-an-interior-decorator-worth-it,LOCKED,DONE,TO_OPTIMIZE,N/A,N/A,N/A,N/A,Published Blog,,
questions to ask interior decorator,https://aboutwallart.com/blogs/news-articles-home-decor-inspiration/5-questions-to-ask-before-hiring-an-interior-decorator,LOCKED,DONE,TO_OPTIMIZE,N/A,N/A,N/A,N/A,Published Blog,,
choose interior decorator,https://aboutwallart.com/blogs/news-articles-home-decor-inspiration/how-to-choose-the-perfect-interior-decorator-for-your-home,LOCKED,DONE,TO_OPTIMIZE,N/A,N/A,N/A,N/A,Published Blog,,
hire an interior decorator or diy,https://aboutwallart.com/blogs/news-articles-home-decor-inspiration/should-i-hire-an-interior-decorator-or-do-it-myself,LOCKED,DONE,TO_OPTIMIZE,N/A,N/A,N/A,N/A,Published Blog,,
working with an interior decorator,https://aboutwallart.com/blogs/news-articles-home-decor-inspiration/what-to-expect-when-working-with-an-interior-decorator,LOCKED,DONE,TO_OPTIMIZE,N/A,N/A,N/A,N/A,Published Blog,,
prepare for interior decorator meeting,https://aboutwallart.com/blogs/news-articles-home-decor-inspiration/how-to-prepare-for-your-first-meeting-with-an-interior-decor,LOCKED,DONE,TO_OPTIMIZE,N/A,N/A,N/A,N/A,Published Blog,,
interior decorator stay on budget,https://aboutwallart.com/blogs/news-articles-home-decor-inspiration/can-an-interior-decorator-help-me-stay-on-budget,LOCKED,DONE,TO_OPTIMIZE,N/A,N/A,N/A,N/A,Published Blog,,
gold wall art decor,https://aboutwallart.com/blogs/news-articles-home-decor-inspiration/gilded-opulence-elevate-your-space-with-gold-wall-art-decor,LOCKED,DONE,TO_OPTIMIZE,N/A,N/A,N/A,N/A,Published Blog,,
first home decor,https://aboutwallart.com/blogs/news-articles-home-decor-inspiration/elevate-your-just-married-first-home-decor-with-wall-art-abo,LOCKED,DONE,TO_OPTIMIZE,N/A,N/A,N/A,N/A,Published Blog,,
personalised family presents,https://aboutwallart.com/blogs/news-articles-home-decor-inspiration/personalised-family-presents-for-everlasting-memories,LOCKED,DONE,TO_OPTIMIZE,N/A,N/A,N/A,N/A,Published Blog,,
unique birthday presents,https://aboutwallart.com/blogs/news-articles-home-decor-inspiration/unique-birthday-presents-to-celebrate-beyond-ordinary,LOCKED,DONE,TO_OPTIMIZE,N/A,N/A,N/A,N/A,Published Blog,,
bohemian art wall,https://aboutwallart.com/blogs/news-articles-home-decor-inspiration/bohemian-bliss-elevate-your-space-with-bohemian-art-wall,LOCKED,DONE,TO_OPTIMIZE,N/A,N/A,N/A,N/A,Published Blog,,
spiritual home decor,https://aboutwallart.com/blogs/news-articles-home-decor-inspiration/10-tips-for-decorating-your-yoga-studio-with-spiritual-home-,LOCKED,DONE,TO_OPTIMIZE,N/A,N/A,N/A,N/A,Published Blog,,
small bathroom wall art ideas,https://aboutwallart.com/blogs/news-articles-home-decor-inspiration/elevate-your-space-small-bathroom-wall-art-ideas-to-inspire-,LOCKED,DONE,TO_OPTIMIZE,N/A,N/A,N/A,N/A,Published Blog,,
islamic art wall ideas,https://aboutwallart.com/blogs/news-articles-home-decor-inspiration/top-5-islamic-art-wall-ideas-revealed,LOCKED,DONE,TO_OPTIMIZE,N/A,N/A,N/A,N/A,Published Blog,,
bible scripture wall art prints,https://aboutwallart.com/blogs/news-articles-home-decor-inspiration/bible-scripture-wall-art-prints-to-inspire-your-home-decor,LOCKED,DONE,TO_OPTIMIZE,N/A,N/A,N/A,N/A,Published Blog,,
chinoiserie wall murals,https://aboutwallart.com/blogs/news-articles-home-decor-inspiration/from-east-to-west-chinoiserie-wall-murals-in-home-interiors,LOCKED,DONE,TO_OPTIMIZE,N/A,N/A,N/A,N/A,Published Blog,,
wall art pictures for living room,https://aboutwallart.com/blogs/news-articles-home-decor-inspiration/trending-now-wall-art-pictures-for-living-room-in-grounded-c,LOCKED,DONE,TO_OPTIMIZE,N/A,N/A,N/A,N/A,Published Blog,,
galleries with framed wall art,https://aboutwallart.com/blogs/news-articles-home-decor-inspiration/black-and-white-magic-creating-bold-galleries-with-framed-wa,LOCKED,DONE,TO_OPTIMIZE,N/A,N/A,N/A,N/A,Published Blog,,
botanical wall art for bedroom,https://aboutwallart.com/blogs/news-articles-home-decor-inspiration/blossoming-trends-botanical-wall-art-for-bedroom,LOCKED,DONE,TO_OPTIMIZE,N/A,N/A,N/A,N/A,Published Blog,,
boho home decor ideas,https://aboutwallart.com/blogs/news-articles-home-decor-inspiration/get-the-boho-look-9-diy-boho-home-decor-ideas-for-every-room,LOCKED,DONE,TO_OPTIMIZE,N/A,N/A,N/A,N/A,Published Blog,,
cherry blossom art japan,https://aboutwallart.com/blogs/news-articles-home-decor-inspiration/cherry-blossom-art-japan-understanding-the-deep-symbolism,LOCKED,DONE,TO_OPTIMIZE,N/A,N/A,N/A,N/A,Published Blog,,
christmas decor ideas,https://aboutwallart.com/blogs/news-articles-home-decor-inspiration/christmas-decor-ideas-beyond-the-tree-8-fresh-ideas-for-a-fe,LOCKED,DONE,TO_OPTIMIZE,N/A,N/A,N/A,N/A,Published Blog,,
framed artwork prints,https://aboutwallart.com/blogs/news-articles-home-decor-inspiration/decorating-with-framed-artwork-prints,LOCKED,DONE,TO_OPTIMIZE,N/A,N/A,N/A,N/A,Published Blog,,
small restroom decor ideas,https://aboutwallart.com/blogs/news-articles-home-decor-inspiration/12-small-restroom-decor-ideas-to-maximise-space,LOCKED,DONE,TO_OPTIMIZE,N/A,N/A,N/A,N/A,Published Blog,,
zen decor idea,https://aboutwallart.com/blogs/news-articles-home-decor-inspiration/zen-decor-ideas-calm-serenity-in-your-living-space,LOCKED,DONE,TO_OPTIMIZE,N/A,N/A,N/A,N/A,Published Blog,,
relaxing bedroom decor,https://aboutwallart.com/blogs/news-articles-home-decor-inspiration/5-calming-wall-art-ideas-to-create-a-relaxing-bedroom-decor,LOCKED,DONE,TO_OPTIMIZE,N/A,N/A,N/A,N/A,Published Blog,,
scandinavian interior design,https://aboutwallart.com/blogs/news-articles-home-decor-inspiration/the-essence-of-scandinavian-interior-design,LOCKED,DONE,TO_OPTIMIZE,N/A,N/A,N/A,N/A,Published Blog,,
wall decor christmas,https://aboutwallart.com/blogs/news-articles-home-decor-inspiration/transform-your-home-into-a-winter-wonderland-with-wall-decor,LOCKED,DONE,TO_OPTIMIZE,N/A,N/A,N/A,N/A,Published Blog,,
modern islamic art,https://aboutwallart.com/blogs/news-articles-home-decor-inspiration/illuminate-your-home-decor-this-eid-with-modern-islamic-art,LOCKED,DONE,TO_OPTIMIZE,N/A,N/A,N/A,N/A,Published Blog,,
wedding anniversary gifts by year,https://aboutwallart.com/blogs/news-articles-home-decor-inspiration/the-symbolism-behind-wedding-anniversary-gifts-by-year,LOCKED,DONE,TO_OPTIMIZE,N/A,N/A,N/A,N/A,Published Blog,,
contemporary home decor,https://aboutwallart.com/blogs/news-articles-home-decor-inspiration/the-impact-of-modern-wall-art-on-contemporary-home-decor,LOCKED,DONE,TO_OPTIMIZE,N/A,N/A,N/A,N/A,Published Blog,,
modern master bedroom decor ideas,https://aboutwallart.com/blogs/news-articles-home-decor-inspiration/the-art-of-decorating-modern-master-bedroom-decor-ideas,LOCKED,DONE,TO_OPTIMIZE,N/A,N/A,N/A,N/A,Published Blog,,
wall art for nursery ideas,https://aboutwallart.com/blogs/news-articles-home-decor-inspiration/enhancing-your-babys-room-with-the-cutest-wall-art-for-nurse,LOCKED,DONE,TO_OPTIMIZE,N/A,N/A,N/A,N/A,Published Blog,,
tropical home decor,https://aboutwallart.com/blogs/news-articles-home-decor-inspiration/transform-your-home-into-a-coastal-haven-with-tropical-home-,LOCKED,DONE,TO_OPTIMIZE,N/A,N/A,N/A,N/A,Published Blog,,
wall art ideas for bathroom,https://aboutwallart.com/blogs/news-articles-home-decor-inspiration/how-to-design-create-a-retreat-with-wall-art-ideas-for-bathr,LOCKED,DONE,TO_OPTIMIZE,N/A,N/A,N/A,N/A,Published Blog,,
large wall in a living room,https://aboutwallart.com/blogs/news-articles-home-decor-inspiration/how-to-decorate-a-large-wall-in-a-living-room-with-wall-art,LOCKED,DONE,TO_OPTIMIZE,N/A,N/A,N/A,N/A,Published Blog,,
coastal decor home ideas on a budget,https://aboutwallart.com/blogs/news-articles-home-decor-inspiration/top-8-coastal-decor-home-ideas-on-a-budget,LOCKED,DONE,TO_OPTIMIZE,N/A,N/A,N/A,N/A,Published Blog,,
mid century modern interior decor,https://aboutwallart.com/blogs/news-articles-home-decor-inspiration/how-mid-century-modern-interior-decor-uses-wall-art-as-conve,LOCKED,DONE,TO_OPTIMIZE,N/A,N/A,N/A,N/A,Published Blog,,
japanese minimalism,https://aboutwallart.com/blogs/news-articles-home-decor-inspiration/the-fusion-of-japanese-minimalism-scandinavian-decor,LOCKED,DONE,TO_OPTIMIZE,N/A,N/A,N/A,N/A,Published Blog,,
travel posters,https://aboutwallart.com/blogs/news-articles-home-decor-inspiration/exploring-the-world-from-your-living-room-travel-posters,LOCKED,DONE,TO_OPTIMIZE,N/A,N/A,N/A,N/A,Published Blog,,
eclectic interior decor,https://aboutwallart.com/blogs/news-articles-home-decor-inspiration/exploring-the-beauty-of-eclectic-interior-decor,LOCKED,DONE,TO_OPTIMIZE,N/A,N/A,N/A,N/A,Published Blog,,
office wall art prints,https://aboutwallart.com/blogs/news-articles-home-decor-inspiration/exploring-office-wall-art-prints-when-designing-a-home-offic,LOCKED,DONE,TO_OPTIMIZE,N/A,N/A,N/A,N/A,Published Blog,,
french country interior decor,https://aboutwallart.com/blogs/news-articles-home-decor-inspiration/creating-a-charming-home-with-timeless-french-country-interi,LOCKED,DONE,TO_OPTIMIZE,N/A,N/A,N/A,N/A,Published Blog,,
farmhouse decor,https://aboutwallart.com/blogs/news-articles-home-decor-inspiration/create-a-serene-retreat-transform-your-space-with-farmhouse-,LOCKED,DONE,TO_OPTIMIZE,N/A,N/A,N/A,N/A,Published Blog,,
birthstone presents,https://aboutwallart.com/blogs/news-articles-home-decor-inspiration/birthstone-presents-finding-the-perfect-gift-for-an-astrolog,LOCKED,DONE,TO_OPTIMIZE,N/A,N/A,N/A,N/A,Published Blog,,
10 creative kitchen wall decor ideas,https://aboutwallart.com/blogs/news-articles-home-decor-inspiration/10-creative-kitchen-wall-decor-ideas,LOCKED,DONE,TO_OPTIMIZE,N/A,N/A,N/A,N/A,Published Blog,,
japan prints and feng shui,https://aboutwallart.com/blogs/news-articles-home-decor-inspiration/transforming-spaces-unveiling-the-power-of-japan-prints-and-,LOCKED,DONE,TO_OPTIMIZE,N/A,N/A,N/A,N/A,Published Blog,,
islamic calligraphy,https://aboutwallart.com/blogs/news-articles-home-decor-inspiration/dive-into-the-history-of-islamic-calligraphy-wall-art-and-it,LOCKED,DONE,TO_OPTIMIZE,N/A,N/A,N/A,N/A,Published Blog,,
teal color wall art,https://aboutwallart.com/blogs/news-articles-home-decor-inspiration/mesmerising-spaces-elevate-your-space-with-teal-color-wall-a,LOCKED,DONE,TO_OPTIMIZE,N/A,N/A,N/A,N/A,Published Blog,,
embrace nature's palette using earth tone colors,https://aboutwallart.com/blogs/news-articles-home-decor-inspiration/embrace-natures-palette-using-earth-tone-colors,LOCKED,DONE,TO_OPTIMIZE,N/A,N/A,N/A,N/A,Published Blog,,
neutral wall decor,https://aboutwallart.com/blogs/news-articles-home-decor-inspiration/neutral-wall-decor-elevate-your-space-with-timeless-tranquil,LOCKED,DONE,TO_OPTIMIZE,N/A,N/A,N/A,N/A,Published Blog,,
wallpaper vs wall art,https://aboutwallart.com/blogs/news-articles-home-decor-inspiration/wall-arts-for-living-room-wallpaper-vs-wall-art,LOCKED,DONE,TO_OPTIMIZE,N/A,N/A,N/A,N/A,Published Blog,,
living room fireplace decor ideas,https://aboutwallart.com/blogs/news-articles-home-decor-inspiration/living-room-fireplace-decor-ideas-step-by-step-guide-to-a-ma,LOCKED,DONE,TO_OPTIMIZE,N/A,N/A,N/A,N/A,Published Blog,,
bathroom design ideas,https://aboutwallart.com/blogs/news-articles-home-decor-inspiration/from-drab-to-fab-black-and-white-bathroom-design-ideas-for-a,LOCKED,DONE,TO_OPTIMIZE,N/A,N/A,N/A,N/A,Published Blog,,
gallery wall ideas for huge walls,https://aboutwallart.com/blogs/news-articles-home-decor-inspiration/from-blank-to-beautiful-gallery-wall-ideas-for-huge-walls,LOCKED,DONE,TO_OPTIMIZE,N/A,N/A,N/A,N/A,Published Blog,,
beach house decor,https://aboutwallart.com/blogs/news-articles-home-decor-inspiration/beach-house-decor-embrace-the-shibori-trend-for-a-unique-coa,LOCKED,DONE,TO_OPTIMIZE,N/A,N/A,N/A,N/A,Published Blog,,
decor for the home,https://aboutwallart.com/blogs/news-articles-home-decor-inspiration/decor-for-the-home-choosing-the-perfect-vibes-for-your-home-,LOCKED,DONE,TO_OPTIMIZE,N/A,N/A,N/A,N/A,Published Blog,,
japandi style interiors,https://aboutwallart.com/blogs/news-articles-home-decor-inspiration/how-to-decorate-japandi-style-interiors-and-what-it-is,LOCKED,DONE,TO_OPTIMIZE,N/A,N/A,N/A,N/A,Published Blog,,
small studio apartment decor,https://aboutwallart.com/blogs/news-articles-home-decor-inspiration/small-studio-apartment-decor-10-genius-tips-hacks-for-maximi,LOCKED,DONE,TO_OPTIMIZE,N/A,N/A,N/A,N/A,Published Blog,,
wall decoration office ideas,https://aboutwallart.com/blogs/news-articles-home-decor-inspiration/never-too-small-wall-decoration-office-ideas-for-tiny-apartm,LOCKED,DONE,TO_OPTIMIZE,N/A,N/A,N/A,N/A,Published Blog,,
greige colours,https://aboutwallart.com/blogs/news-articles-home-decor-inspiration/greige-colours-how-to-decorate-with-the-timeless-blend-of-gr,LOCKED,DONE,TO_OPTIMIZE,N/A,N/A,N/A,N/A,Published Blog,,
what frame size do i need for my space,https://aboutwallart.com/blogs/news-articles-home-decor-inspiration/step-by-step-guide-what-frame-size-do-i-need-for-my-space,LOCKED,DONE,TO_OPTIMIZE,N/A,N/A,N/A,N/A,Published Blog,,
what colour goes best with grey,https://aboutwallart.com/blogs/news-articles-home-decor-inspiration/choosing-the-right-palette-what-colour-goes-with-grey-walls-,LOCKED,DONE,TO_OPTIMIZE,N/A,N/A,N/A,N/A,Published Blog,,YES
inspiring laundry room decor,https://aboutwallart.com/blogs/news-articles-home-decor-inspiration/inspiring-laundry-room-decor-tips-for-a-functional-and-beaut,LOCKED,DONE,TO_OPTIMIZE,N/A,N/A,N/A,N/A,Published Blog,,
corridor decor ideas,https://aboutwallart.com/blogs/news-articles-home-decor-inspiration/corridor-decor-ideas-transforming-your-hallways-with-style,LOCKED,DONE,TO_OPTIMIZE,N/A,N/A,N/A,N/A,Published Blog,,
teenage bedroom decor ideas,https://aboutwallart.com/blogs/news-articles-home-decor-inspiration/8-creative-teenage-bedroom-decor-ideas,LOCKED,DONE,TO_OPTIMIZE,N/A,N/A,N/A,N/A,Published Blog,,
how to decorate a bathtub,https://aboutwallart.com/blogs/news-articles-home-decor-inspiration/how-to-decorate-a-bathtub-and-transform-your-bathroom,LOCKED,DONE,TO_OPTIMIZE,N/A,N/A,N/A,N/A,Published Blog,,
how to decorate hallways,https://aboutwallart.com/blogs/news-articles-home-decor-inspiration/how-to-decorate-hallways-to-maximise-space-quick-tips-and-tr,LOCKED,DONE,TO_OPTIMIZE,N/A,N/A,N/A,N/A,Published Blog,,
how to decorate a really small bedroom,https://aboutwallart.com/blogs/news-articles-home-decor-inspiration/how-to-decorate-a-really-small-bedroom-10-space-saving-tips-,LOCKED,DONE,TO_OPTIMIZE,N/A,N/A,N/A,N/A,Published Blog,,
scandinavian design decor,https://aboutwallart.com/blogs/news-articles-home-decor-inspiration/bringing-scandinavian-design-decor-into-your-home,LOCKED,DONE,TO_OPTIMIZE,N/A,N/A,N/A,N/A,Published Blog,,
abstract art,https://aboutwallart.com/blogs/news-articles-home-decor-inspiration/can-a-single,LOCKED,DONE,TO_OPTIMIZE,N/A,N/A,N/A,N/A,Published Blog,,
cozy interiors retreat,https://aboutwallart.com/blogs/news-articles-home-decor-inspiration/want-to-turn-plain-walls-into-a-stunning,LOCKED,DONE,TO_OPTIMIZE,N/A,N/A,N/A,N/A,Published Blog,,
living room wall art decor,https://aboutwallart.com/blogs/news-articles-home-decor-inspiration/how-to-create-a-wow-factor-with-the-right-living-room-wall-a,LOCKED,DONE,TO_OPTIMIZE,N/A,N/A,N/A,N/A,Published Blog,,
above the bed decor ideas,https://aboutwallart.com/blogs/news-articles-home-decor-inspiration/transform-your-bedroom-into-a-sanctuary-discover-perfect-abo,LOCKED,DONE,TO_OPTIMIZE,N/A,N/A,N/A,N/A,Published Blog,,
biophilic design,https://aboutwallart.com/blogs/news-articles-home-decor-inspiration/transform-your-home-into-an-walk-in-the-woods-oasis-using-bi,LOCKED,DONE,TO_OPTIMIZE,N/A,N/A,N/A,N/A,Published Blog,,
typography wall art decor,https://aboutwallart.com/blogs/news-articles-home-decor-inspiration/how-to-use-typography-for-a-playful-kitchen-wall-art-decor,LOCKED,DONE,TO_OPTIMIZE,N/A,N/A,N/A,N/A,Published Blog,,
art style types,https://aboutwallart.com/blogs/news-articles-home-decor-inspiration/how-to-effortlessly-mix-and-blend-different-art-style-types-,LOCKED,DONE,TO_OPTIMIZE,N/A,N/A,N/A,N/A,Published Blog,,
art for an office wall,https://aboutwallart.com/blogs/news-articles-home-decor-inspiration/how-could-your-art-for-an-office-wall-fuel-creativity-and-pr,LOCKED,DONE,TO_OPTIMIZE,N/A,N/A,N/A,N/A,Published Blog,,
space bedroom decor,https://aboutwallart.com/blogs/news-articles-home-decor-inspiration/how-a-single-wall-can-transform-your-space-bedroom-decor-int,LOCKED,DONE,TO_OPTIMIZE,N/A,N/A,N/A,N/A,Published Blog,,
atmosphere with art,https://aboutwallart.com/blogs/news-articles-home-decor-inspiration/atmosphere-with-art-transform-your-space-faster-than-a-fresh,LOCKED,DONE,TO_OPTIMIZE,N/A,N/A,N/A,N/A,Published Blog,,
art for the kitchen,https://aboutwallart.com/blogs/news-articles-home-decor-inspiration/can-the-right-art-for-the-kitchen-turn-it-into-an-inviting-s,LOCKED,DONE,TO_OPTIMIZE,N/A,N/A,N/A,N/A,Published Blog,,
art for a kitchen wall ideas,https://aboutwallart.com/blogs/news-articles-home-decor-inspiration/from-dull-to-dazzling-the-best-art-for-a-kitchen-wall-ideas,LOCKED,DONE,TO_OPTIMIZE,N/A,N/A,N/A,N/A,Published Blog,,
nature-inspired art,https://aboutwallart.com/blogs/news-articles-home-decor-inspiration/how-nature-inspired-art-can-transform-your-walls-into-a-soul,LOCKED,DONE,TO_OPTIMIZE,N/A,N/A,N/A,N/A,Published Blog,,
budget dining area decor ideas,https://aboutwallart.com/blogs/news-articles-home-decor-inspiration/budget-dining-area-decor-ideas-that-instantly-elevate-the-ro,LOCKED,DONE,TO_OPTIMIZE,N/A,N/A,N/A,N/A,Published Blog,,
pictures for lounge rooms,https://aboutwallart.com/blogs/news-articles-home-decor-inspiration/solving-wall-blankness-with-well-placed-pictures-for-lounge-,LOCKED,DONE,TO_OPTIMIZE,N/A,N/A,N/A,N/A,Published Blog,,
bathtub decor ideas,https://aboutwallart.com/blogs/news-articles-home-decor-inspiration/solving-moisture-problems-with-safe-bathtub-decor-ideas,LOCKED,DONE,TO_OPTIMIZE,N/A,N/A,N/A,N/A,Published Blog,,
rustic decoration for home,https://aboutwallart.com/blogs/news-articles-home-decor-inspiration/rustic-decoration-for-home-that-doesnt-feel-dated,LOCKED,DONE,TO_OPTIMIZE,N/A,N/A,N/A,N/A,Published Blog,,
moisture resistant restroom wall art,https://aboutwallart.com/blogs/news-articles-home-decor-inspiration/moisture-resistant-restroom-wall-art-what-actually-works,LOCKED,DONE,TO_OPTIMIZE,N/A,N/A,N/A,N/A,Published Blog,,
color psychology in interior design,https://aboutwallart.com/blogs/news-articles-home-decor-inspiration/how-to-use-color-psychology-in-interior-design,LOCKED,DONE,TO_OPTIMIZE,N/A,N/A,N/A,N/A,Published Blog,,
art on walls,https://aboutwallart.com/blogs/news-articles-home-decor-inspiration/how-to-use-art-on-walls-to-anchor-a-color-scheme,LOCKED,DONE,TO_OPTIMIZE,N/A,N/A,N/A,N/A,Published Blog,,
pictures frames for your artwork,https://aboutwallart.com/blogs/news-articles-home-decor-inspiration/how-to-select-the-right-pictures-frames-for-your-artwork,LOCKED,DONE,TO_OPTIMIZE,N/A,N/A,N/A,N/A,Published Blog,,
interior color scheme,https://aboutwallart.com/blogs/news-articles-home-decor-inspiration/how-to-match-prints-for-the-wall-with-your-interior-color-sc,LOCKED,DONE,TO_OPTIMIZE,N/A,N/A,N/A,N/A,Published Blog,,
feng shui bedroom,https://aboutwallart.com/blogs/news-articles-home-decor-inspiration/feng-shui-bedroom-tips-and-tricks,LOCKED,DONE,TO_OPTIMIZE,N/A,N/A,N/A,N/A,Published Blog,,
dua of forgiveness,https://aboutwallart.com/blogs/news-articles-home-decor-inspiration/elegant-ways-to-incorporate-the-dua-of-forgiveness-into-mode,LOCKED,DONE,TO_OPTIMIZE,N/A,N/A,N/A,N/A,Published Blog,,
size of a frame for wall art,https://aboutwallart.com/blogs/news-articles-home-decor-inspiration/common-mistakes-when-estimating-the-size-of-a-frame-for-wall,LOCKED,DONE,TO_OPTIMIZE,N/A,N/A,N/A,N/A,Published Blog,,
canvas wall arts vs. framed prints,https://aboutwallart.com/blogs/news-articles-home-decor-inspiration/canvas-wall-arts-vs-framed-prints-whats-best-for-each-room,LOCKED,DONE,TO_OPTIMIZE,N/A,N/A,N/A,N/A,Published Blog,,
decorating your living room wall on a budget,https://aboutwallart.com/blogs/news-articles-home-decor-inspiration/10-creative-ideas-for-decorating-your-living-room-wall-on-a-,LOCKED,DONE,TO_OPTIMIZE,N/A,N/A,N/A,N/A,Published Blog,,
art for grey walls,https://aboutwallart.com/blogs/news-articles-home-decor-inspiration/choosing-the-right-art-for-grey-walls-without-making-the-roo,LOCKED,DONE,TO_OPTIMIZE,N/A,N/A,N/A,N/A,Published Blog,,
wall art for teenagers,https://aboutwallart.com/blogs/news-articles-home-decor-inspiration/7-inspiring-ideas-for-wall-art-for-teenagers,LOCKED,DONE,TO_OPTIMIZE,N/A,N/A,N/A,N/A,Published Blog,,
wall art for high ceilings,https://aboutwallart.com/blogs/news-articles-home-decor-inspiration/7-creative-ideas-for-wall-art-for-high-ceilings,LOCKED,DONE,TO_OPTIMIZE,N/A,N/A,N/A,N/A,Published Blog,,
ideas for decorating the home,https://aboutwallart.com/blogs/news-articles-home-decor-inspiration/7-creative-ideas-for-decorating-the-home,LOCKED,DONE,TO_OPTIMIZE,N/A,N/A,N/A,N/A,Published Blog,,
art and wellbeing,https://aboutwallart.com/blogs/news-articles-home-decor-inspiration/understanding-art-and-wellbeing-impact-and-insights,LOCKED,DONE,TO_OPTIMIZE,N/A,N/A,N/A,N/A,Published Blog,,
art color meaning,https://aboutwallart.com/blogs/news-articles-home-decor-inspiration/understanding-art-color-meaning-emotions-and-symbolism,LOCKED,DONE,TO_OPTIMIZE,N/A,N/A,N/A,N/A,Published Blog,,
inspiration for home decor,https://aboutwallart.com/blogs/news-articles-home-decor-inspiration/8-fresh-ideas-for-inspiration-for-home-decor,LOCKED,DONE,TO_OPTIMIZE,N/A,N/A,N/A,N/A,Published Blog,,
decorating on a budget,https://aboutwallart.com/blogs/news-articles-home-decor-inspiration/7-smart-tips-for-decorating-on-a-budget,LOCKED,DONE,TO_OPTIMIZE,N/A,N/A,N/A,N/A,Published Blog,,
shop online decoration for home,https://aboutwallart.com/blogs/news-articles-home-decor-inspiration/8-essential-tips-to-shop-online-decoration-for-home,LOCKED,DONE,TO_OPTIMIZE,N/A,N/A,N/A,N/A,Published Blog,,
abstract wall art ideas,https://aboutwallart.com/blogs/news-articles-home-decor-inspiration/8-inspiring-abstract-wall-art-ideas-for-any-space,LOCKED,DONE,TO_OPTIMIZE,N/A,N/A,N/A,N/A,Published Blog,,
choosing art for small spaces,https://aboutwallart.com/blogs/news-articles-home-decor-inspiration/7-smart-tips-for-choosing-art-for-small-spaces,LOCKED,DONE,TO_OPTIMIZE,N/A,N/A,N/A,N/A,Published Blog,,
accent wall art ideas,https://aboutwallart.com/blogs/news-articles-home-decor-inspiration/7-accent-wall-art-ideas-for-a-stunning-home,LOCKED,DONE,TO_OPTIMIZE,N/A,N/A,N/A,N/A,Published Blog,,
diy accent wall ideas,https://aboutwallart.com/blogs/news-articles-home-decor-inspiration/7-diy-accent-wall-ideas-to-transform-your-space,LOCKED,DONE,TO_OPTIMIZE,N/A,N/A,N/A,N/A,Published Blog,,
landscape art styles,https://aboutwallart.com/blogs/news-articles-home-decor-inspiration/understanding-landscape-art-styles-what-they-are-and-why-the,LOCKED,DONE,TO_OPTIMIZE,N/A,N/A,N/A,N/A,Published Blog,,
current home decor trends,https://aboutwallart.com/blogs/news-articles-home-decor-inspiration/current-home-decor-trends-transforming-spaces-in-2025,LOCKED,DONE,TO_OPTIMIZE,N/A,N/A,N/A,N/A,Published Blog,,
perfect guest room,https://aboutwallart.com/blogs/news-articles-home-decor-inspiration/stylish-bedroom-ideas-to-create-the-perfect-guest-room,LOCKED,DONE,TO_OPTIMIZE,N/A,N/A,N/A,N/A,Published Blog,,
design lounge room,https://aboutwallart.com/blogs/news-articles-home-decor-inspiration/design-lounge-room-feels-effortlessly-stylish,LOCKED,DONE,TO_OPTIMIZE,N/A,N/A,N/A,N/A,Published Blog,,
home decor styles,https://aboutwallart.com/blogs/news-articles-home-decor-inspiration/how-to-find-your-perfect-home-decor-styles,LOCKED,DONE,TO_OPTIMIZE,N/A,N/A,N/A,N/A,Published Blog,,
finding your home decor,https://aboutwallart.com/blogs/news-articles-home-decor-inspiration/a-guide-to-finding-your-home-decor-style,LOCKED,DONE,TO_OPTIMIZE,N/A,N/A,N/A,N/A,Published Blog,,
decorations for master bedrooms,https://aboutwallart.com/blogs/news-articles-home-decor-inspiration/top-decorations-for-master-bedrooms-to-elevate-your-space,LOCKED,DONE,TO_OPTIMIZE,N/A,N/A,N/A,N/A,Published Blog,,
creative dining area interiors,https://aboutwallart.com/blogs/news-articles-home-decor-inspiration/creative-dining-area-interiors-to-inspire-your-home,LOCKED,DONE,TO_OPTIMIZE,N/A,N/A,N/A,N/A,Published Blog,,
guest bedroom decorating ideas,https://aboutwallart.com/blogs/news-articles-home-decor-inspiration/guest-bedroom-decorating-ideas-for-a-warm-and-welcoming-spac,LOCKED,DONE,TO_OPTIMIZE,N/A,N/A,N/A,N/A,Published Blog,,
ideas for a teenage bedroom,https://aboutwallart.com/blogs/news-articles-home-decor-inspiration/fun-and-stylish-decorating-ideas-for-a-teenage-bedroom,LOCKED,DONE,TO_OPTIMIZE,N/A,N/A,N/A,N/A,Published Blog,,
stylish practical decorating tips,https://aboutwallart.com/blogs/news-articles-home-decor-inspiration/stylish-practical-decorating-tips-for-family-room,LOCKED,DONE,TO_OPTIMIZE,N/A,N/A,N/A,N/A,Published Blog,,
children's room wall decorations,https://aboutwallart.com/blogs/news-articles-home-decor-inspiration/creative-childrens-room-wall-decorations-to-brighten-their-s,LOCKED,DONE,TO_OPTIMIZE,N/A,N/A,N/A,N/A,Published Blog,,
sitting room designs,https://aboutwallart.com/blogs/news-articles-home-decor-inspiration/nice-sitting-room-designs-to-inspire-comfort-and-style,LOCKED,DONE,TO_OPTIMIZE,N/A,N/A,N/A,N/A,Published Blog,,
decorate a powder room,https://aboutwallart.com/blogs/news-articles-home-decor-inspiration/my-guide-to-decorate-a-powder-room-with-style,LOCKED,DONE,TO_OPTIMIZE,N/A,N/A,N/A,N/A,Published Blog,,
what is minimalist art,https://aboutwallart.com/blogs/news-articles-home-decor-inspiration/what-is-minimalist-art-the-beauty-of-less-is-more,LOCKED,DONE,TO_OPTIMIZE,N/A,N/A,N/A,N/A,Published Blog,,
gallery wall planning,https://aboutwallart.com/blogs/news-articles-home-decor-inspiration/essential-tips-for-gallery-wall-planning-to-showcase-your-st,LOCKED,DONE,TO_OPTIMIZE,N/A,N/A,N/A,N/A,Published Blog,,
office wall design ideas,https://aboutwallart.com/blogs/news-articles-home-decor-inspiration/creative-office-wall-design-ideas-to-inspire-productivity,LOCKED,DONE,TO_OPTIMIZE,N/A,N/A,N/A,N/A,Published Blog,,
black and white wall art for bedroom,https://aboutwallart.com/blogs/news-articles-home-decor-inspiration/creating-a-stylish-retreat-with-black-and-white-wall-art-for,LOCKED,DONE,TO_OPTIMIZE,N/A,N/A,N/A,N/A,Published Blog,,
pink room ideas,https://aboutwallart.com/blogs/news-articles-home-decor-inspiration/chic-pink-room-ideas-for-a-stylish-and-fun-space,LOCKED,DONE,TO_OPTIMIZE,N/A,N/A,N/A,N/A,Published Blog,,
decor ideas for large walls,https://aboutwallart.com/blogs/news-articles-home-decor-inspiration/creative-wall-decor-ideas-for-large-walls-to-transform-your-,LOCKED,DONE,TO_OPTIMIZE,N/A,N/A,N/A,N/A,Published Blog,,
creative toilet decorations,https://aboutwallart.com/blogs/news-articles-home-decor-inspiration/creative-toilet-decorations-to-elevate-your-small-bathroom,LOCKED,DONE,TO_OPTIMIZE,N/A,N/A,N/A,N/A,Published Blog,,
perfect dine in room,https://aboutwallart.com/blogs/news-articles-home-decor-inspiration/stylish-ideas-for-your-perfect-dine-in-room,LOCKED,DONE,TO_OPTIMIZE,N/A,N/A,N/A,N/A,Published Blog,,
essential tips for man decorating,https://aboutwallart.com/blogs/news-articles-home-decor-inspiration/essential-tips-for-man-decorating-stylish-ideas-for-every-sp,LOCKED,DONE,TO_OPTIMIZE,N/A,N/A,N/A,N/A,Published Blog,,
how to find your decorating style,https://aboutwallart.com/blogs/news-articles-home-decor-inspiration/how-to-find-your-decorating-style-a-guide-to-personalised-in,LOCKED,DONE,TO_OPTIMIZE,N/A,N/A,N/A,N/A,Published Blog,,
stylish man cave decorations for wall,https://aboutwallart.com/blogs/news-articles-home-decor-inspiration/stylish-man-cave-decorations-for-wall-personalise-your-space,LOCKED,DONE,TO_OPTIMIZE,N/A,N/A,N/A,N/A,Published Blog,,
how to live a minimalist life,https://aboutwallart.com/blogs/news-articles-home-decor-inspiration/how-to-live-a-minimalist-life-and-thrive-with-simplicity,LOCKED,DONE,TO_OPTIMIZE,N/A,N/A,N/A,N/A,Published Blog,,
study room decor ideas,https://aboutwallart.com/blogs/news-articles-home-decor-inspiration/creative-study-room-decor-ideas-to-boost-focus-and-style,LOCKED,DONE,TO_OPTIMIZE,N/A,N/A,N/A,N/A,Published Blog,,
bathroom en suite ideas,https://aboutwallart.com/blogs/news-articles-home-decor-inspiration/stylish-bathroom-en-suite-ideas-to-elevate-your-space,LOCKED,DONE,TO_OPTIMIZE,N/A,N/A,N/A,N/A,Published Blog,,
playroom your kids will adore,https://aboutwallart.com/blogs/news-articles-home-decor-inspiration/my-friendly-guide-to-designing-a-playroom-your-kids-will-ado,LOCKED,DONE,TO_OPTIMIZE,N/A,N/A,N/A,N/A,Published Blog,,
family room interiors,https://aboutwallart.com/blogs/news-articles-home-decor-inspiration/family-room-interiors-to-inspire-comfort-and-togetherness,LOCKED,DONE,TO_OPTIMIZE,N/A,N/A,N/A,N/A,Published Blog,,
role of wall art in mood setting,https://aboutwallart.com/blogs/news-articles-home-decor-inspiration/the-role-of-wall-art-in-mood-setting-enhance-your-space-with,LOCKED,DONE,TO_OPTIMIZE,N/A,N/A,N/A,N/A,Published Blog,,
decorate a professional office,https://aboutwallart.com/blogs/news-articles-home-decor-inspiration/smart-ways-to-decorate-a-professional-office-for-style-and-p,LOCKED,DONE,TO_OPTIMIZE,N/A,N/A,N/A,N/A,Published Blog,,
support mental health at work,https://aboutwallart.com/blogs/news-articles-home-decor-inspiration/how-to-create-a-relaxing-workspace-practical-ways-to-support,LOCKED,DONE,TO_OPTIMIZE,N/A,N/A,N/A,N/A,Published Blog,,
awesome bedroom ideas,https://aboutwallart.com/blogs/news-articles-home-decor-inspiration/awesome-bedroom-ideas-to-transform-your-space,LOCKED,DONE,TO_OPTIMIZE,N/A,N/A,N/A,N/A,Published Blog,,
inspiring interior design ideas for bedrooms,https://aboutwallart.com/blogs/news-articles-home-decor-inspiration/inspiring-interior-design-ideas-for-bedrooms-creating-your-c,LOCKED,DONE,TO_OPTIMIZE,N/A,N/A,N/A,N/A,Published Blog,,
functional childrens bedroom,https://aboutwallart.com/blogs/news-articles-home-decor-inspiration/creative-ideas-for-a-fun-and-functional-childrens-bedroom,LOCKED,DONE,TO_OPTIMIZE,N/A,N/A,N/A,N/A,Published Blog,,
ideas for lounge,https://aboutwallart.com/blogs/news-articles-home-decor-inspiration/stylish-ideas-for-lounge-create-comfort-and-elegance,LOCKED,DONE,TO_OPTIMIZE,N/A,N/A,N/A,N/A,Published Blog,,
coastal decor bedroom ideas,https://aboutwallart.com/blogs/news-articles-home-decor-inspiration/coastal-decor-bedroom-ideas-how-to-style-this-new-trend-it,LOCKED,DONE,TO_OPTIMIZE,N/A,N/A,N/A,N/A,Published Blog,,
what to do when your home lacks natural light,https://aboutwallart.com/blogs/news-articles-home-decor-inspiration/what-to-do-when-your-home-lacks-natural-light-decorate-livin,LOCKED,DONE,TO_OPTIMIZE,N/A,N/A,N/A,N/A,Published Blog,,
home decor design trends,https://aboutwallart.com/blogs/news-articles-home-decor-inspiration/what-interior-stylists-predict-for-the-next-5-years-home-dec,LOCKED,DONE,TO_OPTIMIZE,N/A,N/A,N/A,N/A,Published Blog,,
color schemes in bedrooms,https://aboutwallart.com/blogs/news-articles-home-decor-inspiration/using-wall-art-to-complement-color-schemes-in-bedrooms,LOCKED,DONE,TO_OPTIMIZE,N/A,N/A,N/A,N/A,Published Blog,,
beige modern wall arts,https://aboutwallart.com/blogs/news-articles-home-decor-inspiration/the-new-neutrals-trend-beyond-beige-modern-wall-arts,LOCKED,DONE,TO_OPTIMIZE,N/A,N/A,N/A,N/A,Published Blog,,
the case for empty space,https://aboutwallart.com/blogs/news-articles-home-decor-inspiration/the-case-for-empty-spaces-when-less-truly-is-more,LOCKED,DONE,TO_OPTIMIZE,N/A,N/A,N/A,N/A,Published Blog,,
style trends,https://aboutwallart.com/blogs/news-articles-home-decor-inspiration/style-trends-add-a-dash-of-drama-with-the-wild-side-look-for,LOCKED,DONE,TO_OPTIMIZE,N/A,N/A,N/A,N/A,Published Blog,,
interior decor ideas for living room,https://aboutwallart.com/blogs/news-articles-home-decor-inspiration/fresh-interior-decor-ideas-for-living-room-updates,LOCKED,DONE,TO_OPTIMIZE,N/A,N/A,N/A,N/A,Published Blog,,
deep winter colour palette,https://aboutwallart.com/blogs/news-articles-home-decor-inspiration/solving-lighting-challenges-when-using-a-deep-winter-colour-,LOCKED,DONE,TO_OPTIMIZE,N/A,N/A,N/A,N/A,Published Blog,,
xmas decorations personalised,https://aboutwallart.com/blogs/news-articles-home-decor-inspiration/solving-last-minute-gifting-with-elegant-xmas-decorations-pe,LOCKED,DONE,TO_OPTIMIZE,N/A,N/A,N/A,N/A,Published Blog,,
solving focal point issues,https://aboutwallart.com/blogs/news-articles-home-decor-inspiration/solving-focal-point-issues-with-the-right-sitting-room-art,LOCKED,DONE,TO_OPTIMIZE,N/A,N/A,N/A,N/A,Published Blog,,
dining room decor,https://aboutwallart.com/blogs/news-articles-home-decor-inspiration/solving-dull-vibes-add-personality-with-easy-dining-room-dec,LOCKED,DONE,TO_OPTIMIZE,N/A,N/A,N/A,N/A,Published Blog,,
bold vs muted color trends,https://aboutwallart.com/blogs/news-articles-home-decor-inspiration/the-clash-of-2025-bold-vs-muted-color-trends-in-home-decor,LOCKED,DONE,TO_OPTIMIZE,N/A,N/A,N/A,N/A,Published Blog,,
how to use decor to improve daily habits,https://aboutwallart.com/blogs/news-articles-home-decor-inspiration/how-to-use-decor-to-improve-daily-habits,LOCKED,DONE,TO_OPTIMIZE,N/A,N/A,N/A,N/A,Published Blog,,
nursery decor style,https://aboutwallart.com/blogs/news-articles-home-decor-inspiration/how-to-use-a-nursery-decor-style-that-grows-with-your-child,LOCKED,DONE,TO_OPTIMIZE,N/A,N/A,N/A,N/A,Published Blog,,
wall art for stairs,https://aboutwallart.com/blogs/news-articles-home-decor-inspiration/how-to-hang-wall-art-for-stairs-without-a-straight-wall,LOCKED,DONE,TO_OPTIMIZE,N/A,N/A,N/A,N/A,Published Blog,,
nursery colours,https://aboutwallart.com/blogs/news-articles-home-decor-inspiration/how-to-add-personality-without-overstimulating-young-minds-n,LOCKED,DONE,TO_OPTIMIZE,N/A,N/A,N/A,N/A,Published Blog,,
fixing a room with too much neutral tones,https://aboutwallart.com/blogs/news-articles-home-decor-inspiration/fixing-a-room-with-too-much-neutral-tones,LOCKED,DONE,TO_OPTIMIZE,N/A,N/A,N/A,N/A,Published Blog,,
earth colour trends,https://aboutwallart.com/blogs/news-articles-home-decor-inspiration/earth-inspired-living-the-volcano-and-forest-palettes-down-t,LOCKED,DONE,TO_OPTIMIZE,N/A,N/A,N/A,N/A,Published Blog,,
do beige and grey go together,https://aboutwallart.com/blogs/news-articles-home-decor-inspiration/do-beige-and-grey-go-together-heres-how-to-make-it-work,LOCKED,DONE,TO_OPTIMIZE,N/A,N/A,N/A,N/A,Published Blog,,
living room decor wall space,https://aboutwallart.com/blogs/news-articles-home-decor-inspiration/designing-a-living-room-decor-wall-space,LOCKED,DONE,TO_OPTIMIZE,N/A,N/A,N/A,N/A,Published Blog,,
childrens playroom ideas,https://aboutwallart.com/blogs/news-articles-home-decor-inspiration/designing-a-clutter-free-kids-playroom-childrens-playroom-id,LOCKED,DONE,TO_OPTIMIZE,N/A,N/A,N/A,N/A,Published Blog,,
decor for nursery wall,https://aboutwallart.com/blogs/news-articles-home-decor-inspiration/decor-for-nursery-wall-that-stimulates-without-overwhelming,LOCKED,DONE,TO_OPTIMIZE,N/A,N/A,N/A,N/A,Published Blog,,
creating a gallery wall,https://aboutwallart.com/blogs/news-articles-home-decor-inspiration/creating-a-gallery-wall-feel-in-a-small-flat,LOCKED,DONE,TO_OPTIMIZE,N/A,N/A,N/A,N/A,Published Blog,,
common mistakes in colour schemes,https://aboutwallart.com/blogs/news-articles-home-decor-inspiration/common-mistakes-in-colour-schemes-living-room-designers-avoi,LOCKED,DONE,TO_OPTIMIZE,N/A,N/A,N/A,N/A,Published Blog,,
rental decor,https://aboutwallart.com/blogs/news-articles-home-decor-inspiration/rental-decor-how-to-make-a-rental-feel-like-home-without-get,LOCKED,DONE,TO_OPTIMIZE,N/A,N/A,N/A,N/A,Published Blog,,
solving extra large wall art,https://aboutwallart.com/blogs/news-articles-home-decor-inspiration/solving-extra-large-wall-art-placement-anxiety-where-and-how,LOCKED,DONE,TO_OPTIMIZE,N/A,N/A,N/A,N/A,Published Blog,,
modern wall art ideas,https://aboutwallart.com/blogs/news-articles-home-decor-inspiration/modern-wall-art-ideas-to-refresh-any-space,LOCKED,DONE,TO_OPTIMIZE,N/A,N/A,N/A,N/A,Published Blog,,
art for offices,https://aboutwallart.com/blogs/news-articles-home-decor-inspiration/art-for-offices-inspiring-ideas-for-every-workspace,LOCKED,DONE,TO_OPTIMIZE,N/A,N/A,N/A,N/A,Published Blog,,
stylish prints for living room,https://aboutwallart.com/blogs/news-articles-home-decor-inspiration/stylish-prints-for-living-room-inspire-your-space,LOCKED,DONE,TO_OPTIMIZE,N/A,N/A,N/A,N/A,Published Blog,,
canvas paintings for living room,https://aboutwallart.com/blogs/news-articles-home-decor-inspiration/canvas-paintings-for-living-room-stylish-ideas-and-tips,LOCKED,DONE,TO_OPTIMIZE,N/A,N/A,N/A,N/A,Published Blog,,
types of wall art for every space,https://aboutwallart.com/blogs/news-articles-home-decor-inspiration/10-popular-types-of-wall-art-for-every-space,LOCKED,DONE,TO_OPTIMIZE,N/A,N/A,N/A,N/A,Published Blog,,
essential tips for moving house,https://aboutwallart.com/blogs/news-articles-home-decor-inspiration/essential-tips-for-moving-house-a-stress-free-guide,LOCKED,DONE,TO_OPTIMIZE,N/A,N/A,N/A,N/A,Published Blog,,
art for bedrooms,https://aboutwallart.com/blogs/news-articles-home-decor-inspiration/the-best-art-for-bedrooms-relaxing-pieces-and-placement-tips,LOCKED,DONE,TO_OPTIMIZE,N/A,N/A,N/A,N/A,Published Blog,,
canvas pictures for living rooms,https://aboutwallart.com/blogs/news-articles-home-decor-inspiration/how-i-used-canvas-pictures-for-living-rooms-to-create-my-cal,LOCKED,DONE,TO_OPTIMIZE,N/A,N/A,N/A,N/A,Published Blog,,
minimalist living decor,https://aboutwallart.com/blogs/news-articles-home-decor-inspiration/creating-calm-with-minimalist-living-decor,LOCKED,DONE,TO_OPTIMIZE,N/A,N/A,N/A,N/A,Published Blog,,
first apartment essentials,https://aboutwallart.com/blogs/news-articles-home-decor-inspiration/first-apartment-essentials-ultimate-guide-for-every-home,LOCKED,DONE,TO_OPTIMIZE,N/A,N/A,N/A,N/A,Published Blog,,
how to hang ar,https://aboutwallart.com/blogs/news-articles-home-decor-inspiration/how-to-hang-art-easy-steps-for-perfect-display,LOCKED,DONE,TO_OPTIMIZE,N/A,N/A,N/A,N/A,Published Blog,,
understanding wall art size,https://aboutwallart.com/blogs/news-articles-home-decor-inspiration/understanding-wall-art-size-guide-for-your-space,LOCKED,DONE,TO_OPTIMIZE,N/A,N/A,N/A,N/A,Published Blog,,
small space decorating ideas,https://aboutwallart.com/blogs/news-articles-home-decor-inspiration/8-smart-small-space-decorating-ideas-for-your-home,LOCKED,DONE,TO_OPTIMIZE,N/A,N/A,N/A,N/A,Published Blog,,
color palettes for your home and office,https://aboutwallart.com/blogs/news-articles-home-decor-inspiration/7-soothing-color-palettes-for-your-home-and-office,LOCKED,DONE,TO_OPTIMIZE,N/A,N/A,N/A,N/A,Published Blog,,
what is canvas art?,https://aboutwallart.com/blogs/news-articles-home-decor-inspiration/what-is-canvas-art-understanding-the-beauty-and-impact,LOCKED,DONE,TO_OPTIMIZE,N/A,N/A,N/A,N/A,Published Blog,,
role of art in interior design,https://aboutwallart.com/blogs/news-articles-home-decor-inspiration/understanding-the-role-of-art-in-interior-design,LOCKED,DONE,TO_OPTIMIZE,N/A,N/A,N/A,N/A,Published Blog,,
interior decorating terms,https://aboutwallart.com/blogs/news-articles-home-decor-inspiration/understanding-interior-decorating-terms-for-everyone,LOCKED,DONE,TO_OPTIMIZE,N/A,N/A,N/A,N/A,Published Blog,,
tips for wall art hanging,https://aboutwallart.com/blogs/news-articles-home-decor-inspiration/7-essential-tips-for-wall-art-hanging-systems,LOCKED,DONE,TO_OPTIMIZE,N/A,N/A,N/A,N/A,Published Blog,,
nature inspired wall art,https://aboutwallart.com/blogs/news-articles-home-decor-inspiration/7-inspiring-tips-for-nature-inspired-wall-art,LOCKED,DONE,TO_OPTIMIZE,N/A,N/A,N/A,N/A,Published Blog,,
old money style interiors,https://aboutwallart.com/blogs/news-articles-home-decor-inspiration/old-money-style-interiors-classic-design-trends-that-never-f,LOCKED,DONE,TO_OPTIMIZE,N/A,N/A,N/A,N/A,Published Blog,,
interior design of house,https://aboutwallart.com/blogs/news-articles-home-decor-inspiration/interior-design-of-house-transform-your-home-with-calm-wall-,LOCKED,DONE,TO_OPTIMIZE,N/A,N/A,N/A,N/A,Published Blog,,
list of interior design styles,https://aboutwallart.com/blogs/news-articles-home-decor-inspiration/list-of-interior-design-styles-find-the-perfect-look-for-you,LOCKED,DONE,TO_OPTIMIZE,N/A,N/A,N/A,N/A,Published Blog,,
year round decor ideas,https://aboutwallart.com/blogs/news-articles-home-decor-inspiration/year-round-decor-ideas-you-dont-need-to-pack-away,LOCKED,DONE,TO_OPTIMIZE,N/A,N/A,N/A,N/A,Published Blog,,
warm neutral ideas,https://aboutwallart.com/blogs/news-articles-home-decor-inspiration/desert-brown-decor-warm-neutral-ideas-inspired-by-the-desert,LOCKED,DONE,TO_OPTIMIZE,N/A,N/A,N/A,N/A,Published Blog,,
travel-inspired decor ideas,https://aboutwallart.com/blogs/news-articles-home-decor-inspiration/home-trotters-style-travel-inspired-decor-ideas-for-every-ro,LOCKED,DONE,TO_OPTIMIZE,N/A,N/A,N/A,N/A,Published Blog,,
quirky kitchen wall art ideas,https://aboutwallart.com/blogs/news-articles-home-decor-inspiration/quirky-kitchen-wall-art-ideas-for-fun,LOCKED,DONE,TO_OPTIMIZE,N/A,N/A,N/A,N/A,Published Blog,,
smart zoning for small homes,https://aboutwallart.com/blogs/news-articles-home-decor-inspiration/multi-use-room-ideas-smart-zoning-for-small-homes,LOCKED,DONE,TO_OPTIMIZE,N/A,N/A,N/A,N/A,Published Blog,,
focal point gallery wall,https://aboutwallart.com/blogs/news-articles-home-decor-inspiration/how-to-create-a-focal-point-gallery-wall-in-any-room,LOCKED,DONE,TO_OPTIMIZE,N/A,N/A,N/A,N/A,Published Blog,,
glam 1920s-style ideas,https://aboutwallart.com/blogs/news-articles-home-decor-inspiration/modern-art-deco-home-decor-glam-1920s-style-ideas-for-modern,LOCKED,DONE,TO_OPTIMIZE,N/A,N/A,N/A,N/A,Published Blog,,
art inspired by nature,https://aboutwallart.com/blogs/news-articles-home-decor-inspiration/art-inspired-by-nature-ways-to-bring-the-outdoors-inside,LOCKED,DONE,TO_OPTIMIZE,N/A,N/A,N/A,N/A,Published Blog,,
art moderne home decor,https://aboutwallart.com/blogs/news-articles-home-decor-inspiration/art-moderne-home-decor-streamlined-1930s-inspired-design-ide,LOCKED,DONE,TO_OPTIMIZE,N/A,N/A,N/A,N/A,Published Blog,,
asian home decor ideas,https://aboutwallart.com/blogs/news-articles-home-decor-inspiration/asian-home-decor-ideas-for-tranquil,LOCKED,DONE,TO_OPTIMIZE,N/A,N/A,N/A,N/A,Published Blog,,
warm minimalism,https://aboutwallart.com/blogs/news-articles-home-decor-inspiration/warm-minimalism-how-to-create-a-calm-yet-cosy-home-,LOCKED,DONE,TO_OPTIMIZE,N/A,N/A,N/A,N/A,Published Blog,,
black and white art,https://aboutwallart.com/blogs/news-articles-home-decor-inspiration/black-and-white-art-styles-and-how-to-use-them-at-home,LOCKED,DONE,TO_OPTIMIZE,N/A,N/A,N/A,N/A,Published Blog,,
calming home decor ideas,https://aboutwallart.com/blogs/news-articles-home-decor-inspiration/calming-home-decor-ideas-for-a-stress-free-space,LOCKED,DONE,TO_OPTIMIZE,N/A,N/A,N/A,N/A,Published Blog,,
childrens room picture ideas,https://aboutwallart.com/blogs/news-articles-home-decor-inspiration/childrens-room-picture-ideas-to-inspire-imagination,LOCKED,DONE,TO_OPTIMIZE,N/A,N/A,N/A,N/A,Published Blog,,
entryway decor ideas,https://aboutwallart.com/blogs/news-articles-home-decor-inspiration/entryway-decor-ideas-for-a-welcoming-first-impression,LOCKED,DONE,TO_OPTIMIZE,N/A,N/A,N/A,N/A,Published Blog,,
coastal home decor,https://aboutwallart.com/blogs/news-articles-home-decor-inspiration/coastal-home-decor-light,LOCKED,DONE,TO_OPTIMIZE,N/A,N/A,N/A,N/A,Published Blog,,
kitchen trends for 2026,https://aboutwallart.com/blogs/news-articles-home-decor-inspiration/kitchen-trends-for-2026-colours,LOCKED,DONE,TO_OPTIMIZE,N/A,N/A,N/A,N/A,Published Blog,,
children's room wall art ideas,https://aboutwallart.com/blogs/news-articles-home-decor-inspiration/childrens-room-wall-art-ideas-for-every-age-and-interest,LOCKED,DONE,TO_OPTIMIZE,N/A,N/A,N/A,N/A,Published Blog,,
toilet decor ideas,https://aboutwallart.com/blogs/news-articles-home-decor-inspiration/toilet-decor-ideas-to-instantly-upgrade-a-small-bathroom,LOCKED,DONE,TO_OPTIMIZE,N/A,N/A,N/A,N/A,Published Blog,,
farmhouse living room ideas,https://aboutwallart.com/blogs/news-articles-home-decor-inspiration/farmhouse-living-room-ideas-for-cosy,LOCKED,DONE,TO_OPTIMIZE,N/A,N/A,N/A,N/A,Published Blog,,
minimalist bedroom decor ideas,https://aboutwallart.com/blogs/news-articles-home-decor-inspiration/minimalist-bedroom-decor-ideas-for-calm,LOCKED,DONE,TO_OPTIMIZE,N/A,N/A,N/A,N/A,Published Blog,,
preppy decorating style,https://aboutwallart.com/blogs/news-articles-home-decor-inspiration/preppy-decorating-style-how-to-bring-this-classic-look-into-,LOCKED,DONE,TO_OPTIMIZE,N/A,N/A,N/A,N/A,Published Blog,,
masculine home decor,https://aboutwallart.com/blogs/news-articles-home-decor-inspiration/masculine-home-decor-stylish-ideas-to-elevate-any-modern-spa,,DONE,LOCKED_TO_OTHER_KEYWORD,N/A,N/A,N/A,N/A,Published Blog,,
dining room galleries,https://aboutwallart.com/blogs/news-articles-home-decor-inspiration/how-can-dining-room-galleries-transform-your-meals,LOCKED,DONE,TO_OPTIMIZE,N/A,N/A,N/A,N/A,Published Blog,,
large dining rooms,https://aboutwallart.com/blogs/news-articles-home-decor-inspiration/how-can-you-make-large-dining-rooms-feel-more-inviting,LOCKED,DONE,TO_OPTIMIZE,N/A,N/A,N/A,N/A,Published Blog,,
family area ideas,https://aboutwallart.com/blogs/news-articles-home-decor-inspiration/stylish-family-area-ideas-for-a-cosy-and-functional-home,LOCKED,DONE,TO_OPTIMIZE,N/A,N/A,N/A,N/A,Published Blog,,
different type of interior design,https://aboutwallart.com/blogs/news-articles-home-decor-inspiration/a-guide-to-a-different-type-of-interior-design-for-a-calming,LOCKED,DONE,TO_OPTIMIZE,N/A,N/A,N/A,N/A,Published Blog,,
man cave decor,https://aboutwallart.com/blogs/news-articles-home-decor-inspiration/how-can-man-cave-decor-create-your-perfect-personal-sanctuar,LOCKED,DONE,TO_OPTIMIZE,N/A,N/A,N/A,N/A,Published Blog,,
home decor modern accessories,https://aboutwallart.com/blogs/news-articles-home-decor-inspiration/how-can-home-decor-modern-accessories-transform-your-space,LOCKED,DONE,TO_OPTIMIZE,N/A,N/A,N/A,N/A,Published Blog,,
stylish interior for dining room,https://aboutwallart.com/blogs/news-articles-home-decor-inspiration/how-can-you-create-a-stylish-interior-for-dining-room,LOCKED,DONE,TO_OPTIMIZE,N/A,N/A,N/A,N/A,Published Blog,,
my guide to the top interior decorating trends 2026,https://aboutwallart.com/blogs/news-articles-home-decor-inspiration/my-guide-to-the-top-interior-decorating-trends-2026,LOCKED,DONE,TO_OPTIMIZE,N/A,N/A,N/A,N/A,Published Blog,,
current interior design trends,https://aboutwallart.com/blogs/news-articles-home-decor-inspiration/how-can-current-interior-design-trends-help-create-a-calmer-,LOCKED,DONE,TO_OPTIMIZE,N/A,N/A,N/A,N/A,Published Blog,,
interior styles list,https://aboutwallart.com/blogs/news-articles-home-decor-inspiration/your-ultimate-interior-styles-list-for-a-beautiful-home,LOCKED,DONE,TO_OPTIMIZE,N/A,N/A,N/A,N/A,Published Blog,,
behind toilet decor,https://aboutwallart.com/blogs/news-articles-home-decor-inspiration/stylish-behind-toilet-decor-5-ideas-to-transform-your-small-,LOCKED,DONE,TO_OPTIMIZE,N/A,N/A,N/A,N/A,Published Blog,,
current wall colour trends,https://aboutwallart.com/blogs/news-articles-home-decor-inspiration/how-to-use-current-wall-colour-trends-for-a-truly-calming-ho,LOCKED,DONE,TO_OPTIMIZE,N/A,N/A,N/A,N/A,Published Blog,,
breakfast nook,https://aboutwallart.com/blogs/news-articles-home-decor-inspiration/how-to-make-a-breakfast-nook-thats-both-cosy-and-chic,LOCKED,DONE,TO_OPTIMIZE,N/A,N/A,N/A,N/A,Published Blog,,
guy home decor,https://aboutwallart.com/blogs/news-articles-home-decor-inspiration/my-guide-to-guy-home-decor-creating-a-stylish-masculine-home,LOCKED,DONE,TO_OPTIMIZE,N/A,N/A,N/A,N/A,Published Blog,,
home interior trends 2026 for living rooms,https://aboutwallart.com/blogs/news-articles-home-decor-inspiration/what-are-the-key-home-interior-trends-2026-for-living-rooms,LOCKED,DONE,TO_OPTIMIZE,N/A,N/A,N/A,N/A,Published Blog,,
productive home office,https://aboutwallart.com/blogs/news-articles-home-decor-inspiration/how-i-use-wall-art-to-create-a-calm-and-productive-home-offi,LOCKED,DONE,TO_OPTIMIZE,N/A,N/A,N/A,N/A,Published Blog,,
earthy neutrals,https://aboutwallart.com/blogs/news-articles-home-decor-inspiration/earthy-neutrals-how-to-create-a-calming-sanctuary-in-your-ho,LOCKED,DONE,TO_OPTIMIZE,N/A,N/A,N/A,N/A,Published Blog,,
black accents,https://aboutwallart.com/blogs/news-articles-home-decor-inspiration/using-black-accents-to-add-drama-and-depth-to-your-home,LOCKED,DONE,TO_OPTIMIZE,N/A,N/A,N/A,N/A,Published Blog,,
art of simple living and design,https://aboutwallart.com/blogs/news-articles-home-decor-inspiration/define-minimalism-understanding-the-art-of-simple-living-and,LOCKED,DONE,TO_OPTIMIZE,N/A,N/A,N/A,N/A,Published Blog,,
decorating above toilet,https://aboutwallart.com/blogs/news-articles-home-decor-inspiration/decorating-above-toilet-stylish-ideas-to-elevate-your-bathro,LOCKED,DONE,TO_OPTIMIZE,N/A,N/A,N/A,N/A,Published Blog,,
dark moody hues,https://aboutwallart.com/blogs/news-articles-home-decor-inspiration/dark-moody-hues-how-to-add-drama-and-depth-to-your-interiors,LOCKED,DONE,TO_OPTIMIZE,N/A,N/A,N/A,N/A,Published Blog,,
luxurious retreats,https://aboutwallart.com/blogs/news-articles-home-decor-inspiration/luxurious-retreats-creating-opulent-and-relaxing-spaces-at-h,LOCKED,DONE,TO_OPTIMIZE,N/A,N/A,N/A,N/A,Published Blog,,
modern ensuite bathroom suite,https://aboutwallart.com/blogs/news-articles-home-decor-inspiration/stylish-solutions-for-your-modern-ensuite-bathroom-suite,LOCKED,DONE,TO_OPTIMIZE,N/A,N/A,N/A,N/A,Published Blog,,
create a gallery wall,https://aboutwallart.com/blogs/news-articles-home-decor-inspiration/how-to-create-a-gallery-wall-simple-steps-to-transform-any-r,LOCKED,DONE,TO_OPTIMIZE,N/A,N/A,N/A,N/A,Published Blog,,
easy decoration for toilet,https://aboutwallart.com/blogs/news-articles-home-decor-inspiration/stylish-ideas-for-your-smallest-room-easy-decoration-for-toi,LOCKED,DONE,TO_OPTIMIZE,N/A,N/A,N/A,N/A,Published Blog,,
main bedroom decoration ideas,https://aboutwallart.com/blogs/news-articles-home-decor-inspiration/inspiring-main-bedroom-decoration-ideas-for-comfort-and-styl,LOCKED,DONE,TO_OPTIMIZE,N/A,N/A,N/A,N/A,Published Blog,,
powder room bathroom decorating ideas,https://aboutwallart.com/blogs/news-articles-home-decor-inspiration/stylish-powder-room-bathroom-decorating-ideas-to-elevate-you,LOCKED,DONE,TO_OPTIMIZE,N/A,N/A,N/A,N/A,Published Blog,,
japandi style,https://aboutwallart.com/blogs/news-articles-home-decor-inspiration/decorating-trend-japandi-style---how-to-create-a-calm-home,LOCKED,DONE,TO_OPTIMIZE,N/A,N/A,N/A,N/A,Published Blog,,
typographic art,https://aboutwallart.com/blogs/news-articles-home-decor-inspiration/what-is-typographic-art-exploring-words-as-visual-design,LOCKED,DONE,TO_OPTIMIZE,N/A,N/A,N/A,N/A,Published Blog,,
how to decorate a master bedroom,https://aboutwallart.com/blogs/news-articles-home-decor-inspiration/how-to-decorate-a-master-bedroom-stylish-ideas-for-comfort-a,LOCKED,DONE,TO_OPTIMIZE,N/A,N/A,N/A,N/A,Published Blog,,
art placement,https://aboutwallart.com/blogs/news-articles-home-decor-inspiration/ever-wondered-why-art-placement-is-important-for-your-homes-,LOCKED,DONE,TO_OPTIMIZE,N/A,N/A,N/A,N/A,Published Blog,,
why refresh wall decor,https://aboutwallart.com/blogs/news-articles-home-decor-inspiration/why-refresh-wall-decor-transform-your-space-with-ease,LOCKED,DONE,TO_OPTIMIZE,N/A,N/A,N/A,N/A,Published Blog,,
types of wall art materials,https://aboutwallart.com/blogs/news-articles-home-decor-inspiration/types-of-wall-art-materials-a-guide-to-choosing-the-perfect-,LOCKED,DONE,TO_OPTIMIZE,N/A,N/A,N/A,N/A,Published Blog,,
color psychology in art,https://aboutwallart.com/blogs/news-articles-home-decor-inspiration/color-psychology-in-art-understanding-how-shades-shape-emoti,LOCKED,DONE,TO_OPTIMIZE,N/A,N/A,N/A,N/A,Published Blog,,
best plants for offices,https://aboutwallart.com/blogs/news-articles-home-decor-inspiration/best-plants-for-offices-bring-life-and-calm-into-your-worksp,LOCKED,DONE,TO_OPTIMIZE,N/A,N/A,N/A,N/A,Published Blog,,
what is the 3-5-7 rule in decorating,https://aboutwallart.com/blogs/news-articles-home-decor-inspiration/what-is-the-3-5-7-rule-in-decorating-a-simple-formula-for-st,LOCKED,DONE,TO_OPTIMIZE,N/A,N/A,N/A,N/A,Published Blog,,
the history of wall art,https://aboutwallart.com/blogs/news-articles-home-decor-inspiration/a-journey-through-the-history-of-wall-art,LOCKED,DONE,TO_OPTIMIZE,N/A,N/A,N/A,N/A,Published Blog,,
accessories for living room decor,https://aboutwallart.com/blogs/news-articles-home-decor-inspiration/essential-accessories-for-living-room-decor-to-elevate-your-,LOCKED,DONE,TO_OPTIMIZE,N/A,N/A,N/A,N/A,Published Blog,,
art as stress relief,https://aboutwallart.com/blogs/news-articles-home-decor-inspiration/art-as-stress-relief-how-creativity-can-calm-the-mind,LOCKED,DONE,TO_OPTIMIZE,N/A,N/A,N/A,N/A,Published Blog,,
wall art above a sofa,https://aboutwallart.com/blogs/news-articles-home-decor-inspiration/how-big-should-wall-art-be-above-a-sofa,LOCKED,DONE,TO_OPTIMIZE,N/A,N/A,N/A,N/A,Published Blog,,
japandi home decor,https://aboutwallart.com/blogs/news-articles-home-decor-inspiration/japandi-home-decor-a-calm-and-minimal-blend-of-east-meets-we,LOCKED,DONE,TO_OPTIMIZE,N/A,N/A,N/A,N/A,Published Blog,,
minimalist wall art,https://aboutwallart.com/blogs/news-articles-home-decor-inspiration/what-is-minimalist-wall-art-simplicity-that-speaks-volumes,LOCKED,DONE,TO_OPTIMIZE,N/A,N/A,N/A,N/A,Published Blog,,
wall decor modern ideas,https://aboutwallart.com/blogs/news-articles-home-decor-inspiration/wall-decor-modern-ideas-to-refresh-any-room,LOCKED,DONE,TO_OPTIMIZE,N/A,N/A,N/A,N/A,Published Blog,,
art print vs poster,https://aboutwallart.com/blogs/news-articles-home-decor-inspiration/art-print-vs-poster-whats-the-difference-and-which-should-yo,LOCKED,DONE,TO_OPTIMIZE,N/A,N/A,N/A,N/A,Published Blog,,
colour in office spaces,https://aboutwallart.com/blogs/news-articles-home-decor-inspiration/the-role-of-colour-in-office-spaces-create-productivity-thro,LOCKED,DONE,TO_OPTIMIZE,N/A,N/A,N/A,N/A,Published Blog,,
wall art decor for bedroom,https://aboutwallart.com/blogs/news-articles-home-decor-inspiration/tips-for-using-wall-art-decor-for-bedroom-to-elevate-your-sp,LOCKED,DONE,TO_OPTIMIZE,N/A,N/A,N/A,N/A,Published Blog,,
why art matters in offices,https://aboutwallart.com/blogs/news-articles-home-decor-inspiration/why-art-matters-in-offices-boost-productivity-and-inspire-cr,LOCKED,DONE,TO_OPTIMIZE,N/A,N/A,N/A,N/A,Published Blog,,
about wall art,https://aboutwallart.com/blogs/news-articles-home-decor-inspiration/what-is-the-3-5-7-rule-in-decorating,,DONE,UNRESOLVABLE,1489,2.8,100%,97.2,AI Suggestion,,
about wall art,https://aboutwallart.com/blogs/news-articles-home-decor-inspiration/do-beige-and-grey-go-together-heres-how-to-make-it-work,,DONE,UNRESOLVABLE,1362,4.3,100%,95.7,AI Suggestion,,
about wall art,https://aboutwallart.com/blogs/news-articles-home-decor-inspiration/what-colour-goes-with-grey-walls-essential-tips,,DONE,UNRESOLVABLE,728,5,100%,95,AI Suggestion,,
about wall art,https://aboutwallart.com/blogs/news-articles-home-decor-inspiration/stylish-behind-toilet-decor-5-ideas-to-transform-your-small-bathroom,,DONE,UNRESOLVABLE,242,5.3,100%,94.7,AI Suggestion,,
about wall art,https://aboutwallart.com/blogs/news-articles-home-decor-inspiration/choosing-the-right-art-for-grey-walls,,DONE,UNRESOLVABLE,213,5.7,100%,94.3,AI Suggestion,,
about wall art,https://aboutwallart.com/blogs/news-articles-home-decor-inspiration/moisture-resistant-restroom-wall-art-what-actually-works,,DONE,UNRESOLVABLE,538,5.8,100%,94.2,AI Suggestion,,
about wall art,https://aboutwallart.com/blogs/news-articles-home-decor-inspiration/how-bedroom-wall-art-ideas-can-impact-your-quality-of-rest,,DONE,UNRESOLVABLE,107,6.1,100%,93.9,AI Suggestion,,
about wall art,https://aboutwallart.com/blogs/news-articles-home-decor-inspiration/old-money-style-interiors-classic-design-trends,,DONE,UNRESOLVABLE,299,6.4,100%,93.6,AI Suggestion,,
about wall art,https://aboutwallart.com/blogs/news-articles-home-decor-inspiration/wall-art-for-high-ceilings-7-creative-ideas,,DONE,UNRESOLVABLE,288,6.4,100%,93.6,AI Suggestion,,
about wall art,https://aboutwallart.com/blogs/news-articles-home-decor-inspiration/cherry-blossom-art-japan-understanding-the-deep-symbolism,,DONE,UNRESOLVABLE,114,6.4,100%,93.6,AI Suggestion,,
living room pictures,https://aboutwallart.com/collections/framed-wall-pictures-for-living-room,LOCKED,DONE,TO_OPTIMIZE,198,7.8,100%,92.2,AI Suggestion,,
living room pictures,https://aboutwallart.com/products/large-living-room-pictures-set-of-3-wall-art-prints,,DONE,LOCKED_TO_OTHER_KEYWORD,47,6.6,100%,77.5,AI Suggestion,,
living room pictures,https://aboutwallart.com/blogs/news-articles-home-decor-inspiration/wall-art-pictures-for-living-room-grounded-neutral-colours,,DONE,LINK,17,7.5,100%,67.6,AI Suggestion,,
artwork for a living room,https://aboutwallart.com/blogs/news-articles-home-decor-inspiration/how-i-used-canvas-pictures-for-living-rooms,LOCKED,DONE,TO_OPTIMIZE,20,9,100%,67,AI Suggestion,,YES
living room pictures,https://aboutwallart.com/products/large-living-room-pictures-set-of-3-wall-art-prints?variant=55849278964092,,DONE,LINK,1,4.5,100%,65.8,AI Suggestion,,
living room pictures,https://aboutwallart.com/products/big-pictures-for-living-room-set-of-2-wall-art,,PENDING,PENDING,7,6.4,100%,65.7,AI Suggestion,,
living room pictures,https://aboutwallart.com/products/large-living-room-pictures-set-of-3-wall-art-prints?variant=49245258973470,,PENDING,PENDING,1,4.9,100%,65.4,AI Suggestion,,
living room pictures,https://aboutwallart.com/blogs/news-articles-home-decor-inspiration/hanging-framed-pictures-in-living-room-a-design-guide,,PENDING,PENDING,4,6.1,100%,65.1,AI Suggestion,,
living room pictures,https://aboutwallart.com/products/london-wall-pictures-for-living-room-ideas-set-of-3-wall-art-prints,,PENDING,PENDING,8,7.6,100%,64.8,AI Suggestion,,
living room pictures,https://aboutwallart.com/products/large-living-room-pictures-set-of-3-wall-art-prints?variant=55161248579964&country=GB&currency=GBP,,PENDING,PENDING,1,6.5,100%,63.8,AI Suggestion,,
bathroom art ideas,https://aboutwallart.com/blogs/news-articles-home-decor-inspiration/stylish-behind-toilet-decor-5-ideas-to-transform-your-small-bathroom,LOCKED,DONE,TO_OPTIMIZE,242,5.3,100%,94.7,AI Suggestion,,
bathroom art ideas,https://aboutwallart.com/blogs/news-articles-home-decor-inspiration/decorating-above-toilet-stylish-ideas-to-elevate-your-bathroom,,DONE,LOCKED_TO_OTHER_KEYWORD,139,6.5,100%,93.5,AI Suggestion,,
bathroom art ideas,https://aboutwallart.com/blogs/news-articles-home-decor-inspiration/bathroom-art-ideas-to-transform-your-bathroom-into-an-oasis,,DONE,LOCKED_TO_OTHER_KEYWORD,225,8.4,100%,91.6,AI Suggestion,,
bathroom art ideas,https://aboutwallart.com/blogs/news-articles-home-decor-inspiration/how-bedroom-wall-art-ideas-can-impact-your-quality-of-rest,,DONE,LINK,107,6.1,67%,77.2,AI Suggestion,,
bathroom art ideas,https://aboutwallart.com/blogs/news-articles-home-decor-inspiration/wall-art-for-high-ceilings-7-creative-ideas,,DONE,LINK,288,6.4,67%,76.9,AI Suggestion,,
bathroom art ideas,https://aboutwallart.com/blogs/news-articles-home-decor-inspiration/masculine-home-decor-stylish-ideas-to-elevate-any-modern-space,,PENDING,PENDING,145,7.2,67%,76.2,AI Suggestion,,
bathroom art ideas,https://aboutwallart.com/blogs/news-articles-home-decor-inspiration/art-for-offices-inspiring-ideas-for-every-workspace,,PENDING,PENDING,101,7.8,67%,75.5,AI Suggestion,,
bathroom art ideas,https://aboutwallart.com/blogs/news-articles-home-decor-inspiration/bathroom-wall-decor-ideas-for-spa-like-spaces,,PENDING,PENDING,26,8.1,100%,69.7,AI Suggestion,,
bathroom art ideas,https://aboutwallart.com/products/modern-bathroom-wall-decor-ideas-set-of-3-wall-art-prints?pr_prod_strat=e5_desc&pr_rec_id=0793c8f3f&pr_rec_pid=8517977899294&pr_ref_pid=8807650459934&pr_seq=uniform,,PENDING,PENDING,1,1.2,100%,69.1,AI Suggestion,,
bathroom art ideas,https://aboutwallart.com/products/modern-bathroom-wall-decor-ideas-set-of-3-wall-art-prints,,PENDING,PENDING,13,6.1,100%,67.8,AI Suggestion,,
write for us home decor,https://aboutwallart.com/blogs/news-articles-home-decor-inspiration/stylish-behind-toilet-decor-5-ideas-to-transform-your-small-bathroom,,DONE,DELETED,242,5.3,75%,82.2,AI Suggestion,,
write for us home decor,https://aboutwallart.com/blogs/news-articles-home-decor-inspiration/choosing-the-right-art-for-grey-walls,,DONE,DELETED,213,5.7,75%,81.8,AI Suggestion,,
write for us home decor,https://aboutwallart.com/blogs/news-articles-home-decor-inspiration/wall-art-for-high-ceilings-7-creative-ideas,,DONE,DELETED,288,6.4,75%,81.1,AI Suggestion,,
write for us home decor,https://aboutwallart.com/blogs/news-articles-home-decor-inspiration/the-case-for-empty-spaces-when-less-truly-is-more,,DONE,DELETED,102,6.5,75%,81,AI Suggestion,,
write for us home decor,https://aboutwallart.com/blogs/news-articles-home-decor-inspiration/art-for-offices-inspiring-ideas-for-every-workspace,,DONE,DELETED,101,7.8,75%,79.7,AI Suggestion,,
write for us home decor,https://aboutwallart.com/blogs/news-articles-home-decor-inspiration/bathroom-art-ideas-to-transform-your-bathroom-into-an-oasis,,DONE,DELETED,225,8.4,75%,79.1,AI Suggestion,,
write for us home decor,https://aboutwallart.com/blogs/news-articles-home-decor-inspiration/determining-what-frame-size-do-i-need-for-my-space,,DONE,DELETED,200,9.1,75%,78.4,AI Suggestion,,
write for us home decor,https://aboutwallart.com/blogs/news-articles-home-decor-inspiration/how-to-hang-wall-art-for-stairs-without-a-straight-wall,,DONE,DELETED,84,6.8,75%,76,AI Suggestion,,
write for us home decor,https://aboutwallart.com/blogs/news-articles-home-decor-inspiration/decor-for-nursery-wall-that-stimulates-without-overwhelming,,DONE,DELETED,76,7.8,75%,72.5,AI Suggestion,,
write for us home decor,https://aboutwallart.com/blogs/news-articles-home-decor-inspiration/what-is-the-3-5-7-rule-in-decorating,,DONE,DELETED,1489,2.8,50%,72.2,AI Suggestion,,
pictures for living room,https://aboutwallart.com/collections/framed-wall-pictures-for-living-room,,PENDING,KEEP,198,7.8,100%,92.2,AI Suggestion,,
pictures for living room,https://aboutwallart.com/blogs/news-articles-home-decor-inspiration/stylish-behind-toilet-decor-5-ideas-to-transform-your-small-bathroom,,PENDING,LINK,242,5.3,50%,69.7,AI Suggestion,,
pictures for living room,https://aboutwallart.com/blogs/news-articles-home-decor-inspiration/wall-art-pictures-for-living-room-grounded-neutral-colours,LOCKED,DONE,TO_OPTIMIZE,17,7.5,100%,67.6,AI Suggestion,,
pictures for living room,https://aboutwallart.com/products/floral-large-wall-prints-for-a-living-room-set-of-3-wall-art-prints,,DONE,LINK,64,9.1,75%,67.6,AI Suggestion,,
what color goes with a gray wall,https://aboutwallart.com/blogs/news-articles-home-decor-inspiration/how-i-used-canvas-pictures-for-living-rooms,LOCKED,DONE,TO_OPTIMIZE,20,9,100%,67,AI Suggestion,,YES
pictures for living room,https://aboutwallart.com/blogs/news-articles-home-decor-inspiration/bathroom-art-ideas-to-transform-your-bathroom-into-an-oasis,,DONE,LINK,225,8.4,50%,66.6,AI Suggestion,,
pictures for living room,https://aboutwallart.com/products/big-pictures-for-living-room-set-of-2-wall-art,,DONE,LINK,7,6.4,100%,65.7,AI Suggestion,,
pictures for living room,https://aboutwallart.com/products/large-living-room-pictures-set-of-3-wall-art-prints,,PENDING,PENDING,47,6.6,75%,65,AI Suggestion,,
pictures for living room,https://aboutwallart.com/products/london-wall-pictures-for-living-room-ideas-set-of-3-wall-art-prints,,PENDING,PENDING,8,7.6,100%,64.8,AI Suggestion,,
pictures for living room,https://aboutwallart.com/products/large-pictures-for-living-room-set-of-3-wall-art-prints,,PENDING,PENDING,1,8.2,100%,62.1,AI Suggestion,,
wall pictures for living room,https://aboutwallart.com/collections/framed-wall-pictures-for-living-room,,PENDING,KEEP,198,7.8,100%,92.2,AI Suggestion,,
wall pictures for living room,https://aboutwallart.com/blogs/news-articles-home-decor-inspiration/stylish-behind-toilet-decor-5-ideas-to-transform-your-small-bathroom,,PENDING,LINK,242,5.3,60%,74.7,AI Suggestion,,
wall pictures for living room,https://aboutwallart.com/blogs/news-articles-home-decor-inspiration/bathroom-art-ideas-to-transform-your-bathroom-into-an-oasis,,DONE,LINK,225,8.4,60%,71.6,AI Suggestion,,
wall pictures for living room,https://aboutwallart.com/products/floral-large-wall-prints-for-a-living-room-set-of-3-wall-art-prints,,DONE,LOCKED_TO_OTHER_KEYWORD,64,9.1,80%,70.1,AI Suggestion,,
wall pictures for living room,https://aboutwallart.com/blogs/news-articles-home-decor-inspiration/wall-art-pictures-for-living-room-grounded-neutral-colours,,PENDING,LINK,17,7.5,100%,67.6,AI Suggestion,,
wall pictures for living room,https://aboutwallart.com/products/large-living-room-pictures-set-of-3-wall-art-prints,LOCKED,DONE,TO_OPTIMIZE,47,6.6,80%,67.5,AI Suggestion,,
wall pictures for living room,https://aboutwallart.com/blogs/news-articles-home-decor-inspiration/how-i-used-canvas-pictures-for-living-rooms,,DONE,LOCKED_TO_OTHER_KEYWORD,20,9,100%,67,AI Suggestion,,
wall pictures for living room,https://aboutwallart.com/products/big-pictures-for-living-room-set-of-2-wall-art,,DONE,LINK,7,6.4,100%,65.7,AI Suggestion,,
wall pictures for living room,https://aboutwallart.com/products/london-wall-pictures-for-living-room-ideas-set-of-3-wall-art-prints,,PENDING,PENDING,8,7.6,100%,64.8,AI Suggestion,,
wall pictures for living room,https://aboutwallart.com/blogs/news-articles-home-decor-inspiration/canvas-paintings-for-living-room,,PENDING,PENDING,43,9.4,80%,63.5,AI Suggestion,,
aboutwallart,https://aboutwallart.com/blogs/news-articles-home-decor-inspiration/what-is-the-3-5-7-rule-in-decorating,,DONE,UNRESOLVABLE,1489,2.8,100%,97.2,AI Suggestion,,
aboutwallart,https://aboutwallart.com/blogs/news-articles-home-decor-inspiration/do-beige-and-grey-go-together-heres-how-to-make-it-work,,DONE,UNRESOLVABLE,1362,4.3,100%,95.7,AI Suggestion,,
aboutwallart,https://aboutwallart.com/blogs/news-articles-home-decor-inspiration/what-colour-goes-with-grey-walls-essential-tips,,DONE,UNRESOLVABLE,728,5,100%,95,AI Suggestion,,
aboutwallart,https://aboutwallart.com/blogs/news-articles-home-decor-inspiration/stylish-behind-toilet-decor-5-ideas-to-transform-your-small-bathroom,,DONE,UNRESOLVABLE,242,5.3,100%,94.7,AI Suggestion,,
aboutwallart,https://aboutwallart.com/blogs/news-articles-home-decor-inspiration/choosing-the-right-art-for-grey-walls,,DONE,UNRESOLVABLE,213,5.7,100%,94.3,AI Suggestion,,
aboutwallart,https://aboutwallart.com/blogs/news-articles-home-decor-inspiration/moisture-resistant-restroom-wall-art-what-actually-works,,DONE,UNRESOLVABLE,538,5.8,100%,94.2,AI Suggestion,,
aboutwallart,https://aboutwallart.com/blogs/news-articles-home-decor-inspiration/how-bedroom-wall-art-ideas-can-impact-your-quality-of-rest,,DONE,UNRESOLVABLE,107,6.1,100%,93.9,AI Suggestion,,
aboutwallart,https://aboutwallart.com/blogs/news-articles-home-decor-inspiration/old-money-style-interiors-classic-design-trends,,DONE,UNRESOLVABLE,299,6.4,100%,93.6,AI Suggestion,,
aboutwallart,https://aboutwallart.com/blogs/news-articles-home-decor-inspiration/wall-art-for-high-ceilings-7-creative-ideas,,DONE,UNRESOLVABLE,288,6.4,100%,93.6,AI Suggestion,,
aboutwallart,https://aboutwallart.com/blogs/news-articles-home-decor-inspiration/cherry-blossom-art-japan-understanding-the-deep-symbolism,,DONE,UNRESOLVABLE,114,6.4,100%,93.6,AI Suggestion,,
islamic wall art,https://aboutwallart.com/collections/wall-islamic-art,LOCKED,DONE,TO_OPTIMIZE,102,11.4,100%,88.6,AI Suggestion,,
islamic wall art,https://aboutwallart.com/blogs/news-articles-home-decor-inspiration/what-is-the-3-5-7-rule-in-decorating,,DONE,LINK,1489,2.8,67%,80.5,AI Suggestion,,
islamic wall art,https://aboutwallart.com/blogs/news-articles-home-decor-inspiration/do-beige-and-grey-go-together-heres-how-to-make-it-work,,PENDING,LINK,1362,4.3,67%,79.1,AI Suggestion,,
islamic wall art,https://aboutwallart.com/blogs/news-articles-home-decor-inspiration/what-colour-goes-with-grey-walls-essential-tips,,DONE,LINK,728,5,67%,78.3,AI Suggestion,,
islamic wall art,https://aboutwallart.com/blogs/news-articles-home-decor-inspiration/stylish-behind-toilet-decor-5-ideas-to-transform-your-small-bathroom,,PENDING,LINK,242,5.3,67%,78,AI Suggestion,,
islamic wall art,https://aboutwallart.com/blogs/news-articles-home-decor-inspiration/choosing-the-right-art-for-grey-walls,,DONE,LINK,213,5.7,67%,77.6,AI Suggestion,,
islamic wall art,https://aboutwallart.com/blogs/news-articles-home-decor-inspiration/moisture-resistant-restroom-wall-art-what-actually-works,,PENDING,PENDING,538,5.8,67%,77.5,AI Suggestion,,
islamic wall art,https://aboutwallart.com/blogs/news-articles-home-decor-inspiration/how-bedroom-wall-art-ideas-can-impact-your-quality-of-rest,,DONE,LINK,107,6.1,67%,77.2,AI Suggestion,,
islamic wall art,https://aboutwallart.com/blogs/news-articles-home-decor-inspiration/old-money-style-interiors-classic-design-trends,,PENDING,PENDING,299,6.4,67%,77,AI Suggestion,,
islamic wall art,https://aboutwallart.com/blogs/news-articles-home-decor-inspiration/wall-art-for-high-ceilings-7-creative-ideas,,PENDING,PENDING,288,6.4,67%,76.9,AI Suggestion,,
quirky kitchen wall art,https://aboutwallart.com/blogs/news-articles-home-decor-inspiration/quirky-kitchen-wall-art-ideas-for-fun-lived-in-spaces,LOCKED,DONE,TO_OPTIMIZE,51,9.3,100%,76,AI Suggestion,,
quirky kitchen wall art,https://aboutwallart.com/blogs/news-articles-home-decor-inspiration/what-is-the-3-5-7-rule-in-decorating,,DONE,LINK,1489,2.8,50%,72.2,AI Suggestion,,
quirky kitchen wall art,https://aboutwallart.com/blogs/news-articles-home-decor-inspiration/do-beige-and-grey-go-together-heres-how-to-make-it-work,,PENDING,LINK,1362,4.3,50%,70.7,AI Suggestion,,
quirky kitchen wall art,https://aboutwallart.com/blogs/news-articles-home-decor-inspiration/what-colour-goes-with-grey-walls-essential-tips,,DONE,LINK,728,5,50%,70,AI Suggestion,,
quirky kitchen wall art,https://aboutwallart.com/blogs/news-articles-home-decor-inspiration/stylish-behind-toilet-decor-5-ideas-to-transform-your-small-bathroom,,PENDING,LINK,242,5.3,50%,69.7,AI Suggestion,,
quirky kitchen wall art,https://aboutwallart.com/blogs/news-articles-home-decor-inspiration/choosing-the-right-art-for-grey-walls,,DONE,LINK,213,5.7,50%,69.3,AI Suggestion,,
quirky kitchen wall art,https://aboutwallart.com/blogs/news-articles-home-decor-inspiration/moisture-resistant-restroom-wall-art-what-actually-works,,PENDING,PENDING,538,5.8,50%,69.2,AI Suggestion,,
quirky kitchen wall art,https://aboutwallart.com/blogs/news-articles-home-decor-inspiration/how-bedroom-wall-art-ideas-can-impact-your-quality-of-rest,,DONE,LINK,107,6.1,50%,68.9,AI Suggestion,,
quirky kitchen wall art,https://aboutwallart.com/blogs/news-articles-home-decor-inspiration/old-money-style-interiors-classic-design-trends,,PENDING,PENDING,299,6.4,50%,68.6,AI Suggestion,,
quirky kitchen wall art,https://aboutwallart.com/blogs/news-articles-home-decor-inspiration/wall-art-for-high-ceilings-7-creative-ideas,,PENDING,PENDING,288,6.4,50%,68.6,AI Suggestion,,
types of wall art,https://aboutwallart.com/blogs/news-articles-home-decor-inspiration/types-of-wall-art,LOCKED,DONE,TO_OPTIMIZE,209,6.6,100%,93.4,AI Suggestion,,
types of wall art,https://aboutwallart.com/blogs/news-articles-home-decor-inspiration/how-to-mix-and-blend-different-art-style-types,,DONE,REPURPOSE,107,7.7,100%,92.3,AI Suggestion,,
types of wall art,https://aboutwallart.com/blogs/news-articles-home-decor-inspiration/what-is-the-3-5-7-rule-in-decorating,,DONE,LINK,1489,2.8,67%,80.5,AI Suggestion,,
types of wall art,https://aboutwallart.com/blogs/news-articles-home-decor-inspiration/do-beige-and-grey-go-together-heres-how-to-make-it-work,,PENDING,LINK,1362,4.3,67%,79.1,AI Suggestion,,
types of wall art,https://aboutwallart.com/blogs/news-articles-home-decor-inspiration/what-colour-goes-with-grey-walls-essential-tips,,DONE,LINK,728,5,67%,78.3,AI Suggestion,,
types of wall art,https://aboutwallart.com/blogs/news-articles-home-decor-inspiration/stylish-behind-toilet-decor-5-ideas-to-transform-your-small-bathroom,,PENDING,LINK,242,5.3,67%,78,AI Suggestion,,
types of wall art,https://aboutwallart.com/blogs/news-articles-home-decor-inspiration/choosing-the-right-art-for-grey-walls,,DONE,LINK,213,5.7,67%,77.6,AI Suggestion,,
types of wall art,https://aboutwallart.com/blogs/news-articles-home-decor-inspiration/moisture-resistant-restroom-wall-art-what-actually-works,,PENDING,PENDING,538,5.8,67%,77.5,AI Suggestion,,
types of wall art,https://aboutwallart.com/blogs/news-articles-home-decor-inspiration/how-bedroom-wall-art-ideas-can-impact-your-quality-of-rest,,PENDING,PENDING,107,6.1,67%,77.2,AI Suggestion,,
types of wall art,https://aboutwallart.com/blogs/news-articles-home-decor-inspiration/old-money-style-interiors-classic-design-trends,,PENDING,PENDING,299,6.4,67%,77,AI Suggestion,,
interior design,https://aboutwallart.com/blogs/news-articles-home-decor-inspiration/old-money-style-interiors-classic-design-trends,,DONE,LOCKED_TO_OTHER_KEYWORD,299,6.4,100%,93.6,AI Suggestion,,
interior design,https://aboutwallart.com/blogs/news-articles-home-decor-inspiration/understanding-art-in-interior-design,LOCKED,DONE,TO_OPTIMIZE,34,10,100%,70.2,AI Suggestion,,
interior design,https://aboutwallart.com/blogs/news-articles-home-decor-inspiration/kitchen-wall-art-expert-interior-design-tips-trends-2026,,PENDING,LINK,15,5.9,100%,68.6,AI Suggestion,,
interior design,https://aboutwallart.com/blogs/news-articles-home-decor-inspiration/my-guide-to-the-top-interior-decorating-trends-2026,,PENDING,LINK,101,7.7,50%,67.3,AI Suggestion,,
interior design,https://aboutwallart.com/products/japandi-interior-design-set-of-3-wall-art-prints,,DONE,LINK,7,6.5,100%,65.6,AI Suggestion,,
interior design,https://aboutwallart.com/collections/biophilic-interior-design?page=3,,DONE,LINK,3,5.9,100%,65,AI Suggestion,,
interior design,https://aboutwallart.com/products/japandi-interior-design-set-of-3-wall-art-prints?variant=55161848725884,,DONE,LINK,1,5.6,100%,64.7,AI Suggestion,,
interior design,https://aboutwallart.com/blogs/news-articles-home-decor-inspiration/apartment-interior-renovation-checklist-planning-design-trends-cost-factors,,PENDING,PENDING,3,6.6,100%,64.3,AI Suggestion,,
interior design,https://aboutwallart.com/blogs/news-articles-home-decor-inspiration/a-guide-to-a-different-type-of-interior-design-for-a-calming-home,,PENDING,PENDING,3,6.7,100%,64.2,AI Suggestion,,
interior design,https://aboutwallart.com/blogs/news-articles-home-decor-inspiration/interior-design-ideas-for-bedrooms-creating-your-sanctuary,,PENDING,PENDING,5,7.9,100%,63.6,AI Suggestion,,
waterproof art for bathroom,https://aboutwallart.com/blogs/news-articles-home-decor-inspiration/stylish-behind-toilet-decor-5-ideas-to-transform-your-small-bathroom,,PENDING,KEEP,242,5.3,75%,82.2,AI Suggestion,,
waterproof art for bathroom,https://aboutwallart.com/blogs/news-articles-home-decor-inspiration/bathroom-art-ideas-to-transform-your-bathroom-into-an-oasis,,DONE,LOCKED_TO_OTHER_KEYWORD,225,8.4,75%,79.1,AI Suggestion,,
waterproof art for bathroom,https://aboutwallart.com/blogs/news-articles-home-decor-inspiration/choosing-the-right-art-for-grey-walls,,DONE,LINK,213,5.7,50%,69.3,AI Suggestion,,
waterproof art for bathroom,https://aboutwallart.com/blogs/news-articles-home-decor-inspiration/wall-art-for-high-ceilings-7-creative-ideas,,DONE,LINK,288,6.4,50%,68.6,AI Suggestion,,
waterproof art for bathroom,https://aboutwallart.com/blogs/news-articles-home-decor-inspiration/the-case-for-empty-spaces-when-less-truly-is-more,,PENDING,LINK,102,6.5,50%,68.5,AI Suggestion,,
waterproof art for bathroom,https://aboutwallart.com/blogs/news-articles-home-decor-inspiration/decorating-above-toilet-stylish-ideas-to-elevate-your-bathroom,LOCKED,DONE,TO_OPTIMIZE,139,6.5,50%,68.5,AI Suggestion,,
waterproof art for bathroom,https://aboutwallart.com/blogs/news-articles-home-decor-inspiration/art-for-offices-inspiring-ideas-for-every-workspace,,PENDING,PENDING,101,7.8,50%,67.2,AI Suggestion,,
waterproof art for bathroom,https://aboutwallart.com/collections/framed-wall-pictures-for-living-room,,PENDING,PENDING,198,7.8,50%,67.2,AI Suggestion,,
waterproof art for bathroom,https://aboutwallart.com/blogs/news-articles-home-decor-inspiration/determining-what-frame-size-do-i-need-for-my-space,,DONE,LINK,200,9.1,50%,65.9,AI Suggestion,,
waterproof art for bathroom,https://aboutwallart.com/pages/write-for-us,,PENDING,PENDING,496,11.1,50%,63.9,AI Suggestion,,
d art h,https://aboutwallart.com/blogs/news-articles-home-decor-inspiration/what-is-the-3-5-7-rule-in-decorating,LOCKED,DONE,TO_OPTIMIZE,1489,2.8,100%,97.2,AI Suggestion,,YES
wall art,https://aboutwallart.com/blogs/news-articles-home-decor-inspiration/do-beige-and-grey-go-together-heres-how-to-make-it-work,,DONE,LOCKED_TO_OTHER_KEYWORD,1362,4.3,100%,95.7,AI Suggestion,,
wall art,https://aboutwallart.com/blogs/news-articles-home-decor-inspiration/what-colour-goes-with-grey-walls-essential-tips,,DONE,LOCKED_TO_OTHER_KEYWORD,728,5,100%,95,AI Suggestion,,
wall art,https://aboutwallart.com/blogs/news-articles-home-decor-inspiration/stylish-behind-toilet-decor-5-ideas-to-transform-your-small-bathroom,,DONE,LOCKED_TO_OTHER_KEYWORD,242,5.3,100%,94.7,AI Suggestion,,
wall art,https://aboutwallart.com/blogs/news-articles-home-decor-inspiration/choosing-the-right-art-for-grey-walls,,DONE,LOCKED_TO_OTHER_KEYWORD,213,5.7,100%,94.3,AI Suggestion,,
wall art,https://aboutwallart.com/blogs/news-articles-home-decor-inspiration/moisture-resistant-restroom-wall-art-what-actually-works,,DONE,LOCKED_TO_OTHER_KEYWORD,538,5.8,100%,94.2,AI Suggestion,,
wall art for a dining room,https://aboutwallart.com/blogs/news-articles-home-decor-inspiration/how-bedroom-wall-art-ideas-can-impact-your-quality-of-rest,LOCKED,DONE,TO_OPTIMIZE,107,6.1,100%,93.9,AI Suggestion,,YES
wall art,https://aboutwallart.com/blogs/news-articles-home-decor-inspiration/old-money-style-interiors-classic-design-trends,,DONE,LOCKED_TO_OTHER_KEYWORD,299,6.4,100%,93.6,AI Suggestion,,
wall art,https://aboutwallart.com/blogs/news-articles-home-decor-inspiration/wall-art-for-high-ceilings-7-creative-ideas,,DONE,REPURPOSE,288,6.4,100%,93.6,AI Suggestion,,
wall art,https://aboutwallart.com/blogs/news-articles-home-decor-inspiration/cherry-blossom-art-japan-understanding-the-deep-symbolism,,DONE,LOCKED_TO_OTHER_KEYWORD,114,6.4,100%,93.6,AI Suggestion,,
old money interior design,https://aboutwallart.com/blogs/news-articles-home-decor-inspiration/old-money-style-interiors-classic-design-trends,LOCKED,DONE,TO_OPTIMIZE,299,6.4,100%,93.6,AI Suggestion,,
old money interior design,https://aboutwallart.com/blogs/news-articles-home-decor-inspiration/understanding-art-in-interior-design,,PENDING,LINK,34,10,50%,45.2,AI Suggestion,,
old money interior design,https://aboutwallart.com/pages/old-money-home-decor,,DONE,LINK,26,7.6,50%,45.2,AI Suggestion,,
old money interior design,https://aboutwallart.com/blogs/news-articles-home-decor-inspiration/kitchen-wall-art-expert-interior-design-tips-trends-2026,,PENDING,LINK,15,5.9,50%,43.6,AI Suggestion,,
old money interior design,https://aboutwallart.com/products/japandi-interior-design-set-of-3-wall-art-prints,,DONE,LINK,7,6.5,50%,40.6,AI Suggestion,,
old money interior design,https://aboutwallart.com/collections/biophilic-interior-design?page=3,,DONE,LINK,3,5.9,50%,40,AI Suggestion,,
old money interior design,https://aboutwallart.com/products/japandi-interior-design-set-of-3-wall-art-prints?variant=55161848725884,,DONE,LINK,1,5.6,50%,39.7,AI Suggestion,,
old money interior design,https://aboutwallart.com/blogs/news-articles-home-decor-inspiration/apartment-interior-renovation-checklist-planning-design-trends-cost-factors,,PENDING,PENDING,3,6.6,50%,39.3,AI Suggestion,,
old money interior design,https://aboutwallart.com/blogs/news-articles-home-decor-inspiration/a-guide-to-a-different-type-of-interior-design-for-a-calming-home,,PENDING,PENDING,3,6.7,50%,39.2,AI Suggestion,,
old money interior design,https://aboutwallart.com/blogs/news-articles-home-decor-inspiration/interior-design-ideas-for-bedrooms-creating-your-sanctuary,,PENDING,PENDING,5,7.9,50%,38.6,AI Suggestion,,
classy bathroom wall art,https://aboutwallart.com/blogs/news-articles-home-decor-inspiration/stylish-behind-toilet-decor-5-ideas-to-transform-your-small-bathroom,,PENDING,KEEP,242,5.3,75%,82.2,AI Suggestion,,
classy bathroom wall art,https://aboutwallart.com/blogs/news-articles-home-decor-inspiration/decorating-above-toilet-stylish-ideas-to-elevate-your-bathroom,,PENDING,LINK,139,6.5,75%,81,AI Suggestion,,
classy bathroom wall art,https://aboutwallart.com/blogs/news-articles-home-decor-inspiration/bathroom-art-ideas-to-transform-your-bathroom-into-an-oasis,LOCKED,DONE,TO_OPTIMIZE,225,8.4,75%,79.1,AI Suggestion,,
classy bathroom wall art,https://aboutwallart.com/blogs/news-articles-home-decor-inspiration/what-is-the-3-5-7-rule-in-decorating,,DONE,LINK,1489,2.8,50%,72.2,AI Suggestion,,
classy bathroom wall art,https://aboutwallart.com/blogs/news-articles-home-decor-inspiration/do-beige-and-grey-go-together-heres-how-to-make-it-work,,PENDING,LINK,1362,4.3,50%,70.7,AI Suggestion,,
classy bathroom wall art,https://aboutwallart.com/blogs/news-articles-home-decor-inspiration/what-colour-goes-with-grey-walls-essential-tips,,DONE,LINK,728,5,50%,70,AI Suggestion,,
classy bathroom wall art,https://aboutwallart.com/blogs/news-articles-home-decor-inspiration/choosing-the-right-art-for-grey-walls,,DONE,LINK,213,5.7,50%,69.3,AI Suggestion,,
classy bathroom wall art,https://aboutwallart.com/blogs/news-articles-home-decor-inspiration/moisture-resistant-restroom-wall-art-what-actually-works,,PENDING,PENDING,538,5.8,50%,69.2,AI Suggestion,,
classy bathroom wall art,https://aboutwallart.com/blogs/news-articles-home-decor-inspiration/how-bedroom-wall-art-ideas-can-impact-your-quality-of-rest,,DONE,LINK,107,6.1,50%,68.9,AI Suggestion,,
classy bathroom wall art,https://aboutwallart.com/blogs/news-articles-home-decor-inspiration/old-money-style-interiors-classic-design-trends,,PENDING,PENDING,299,6.4,50%,68.6,AI Suggestion,,
wall art decor,https://aboutwallart.com/blogs/news-articles-home-decor-inspiration/what-is-the-3-5-7-rule-in-decorating,,PENDING,KEEP,1489,2.8,100%,97.2,AI Suggestion,,
wall art decor,https://aboutwallart.com/blogs/news-articles-home-decor-inspiration/do-beige-and-grey-go-together-heres-how-to-make-it-work,,DONE,LOCKED_TO_OTHER_KEYWORD,1362,4.3,100%,95.7,AI Suggestion,,
wall art decor,https://aboutwallart.com/blogs/news-articles-home-decor-inspiration/what-colour-goes-with-grey-walls-essential-tips,,DONE,LOCKED_TO_OTHER_KEYWORD,728,5,100%,95,AI Suggestion,,
wall art decor,https://aboutwallart.com/blogs/news-articles-home-decor-inspiration/stylish-behind-toilet-decor-5-ideas-to-transform-your-small-bathroom,,DONE,LOCKED_TO_OTHER_KEYWORD,242,5.3,100%,94.7,AI Suggestion,,
wall art decor,https://aboutwallart.com/blogs/news-articles-home-decor-inspiration/choosing-the-right-art-for-grey-walls,,DONE,LOCKED_TO_OTHER_KEYWORD,213,5.7,100%,94.3,AI Suggestion,,
wall art decor,https://aboutwallart.com/blogs/news-articles-home-decor-inspiration/moisture-resistant-restroom-wall-art-what-actually-works,,PENDING,PENDING,538,5.8,100%,94.2,AI Suggestion,,
wall art decor,https://aboutwallart.com/blogs/news-articles-home-decor-inspiration/how-bedroom-wall-art-ideas-can-impact-your-quality-of-rest,,PENDING,PENDING,107,6.1,100%,93.9,AI Suggestion,,
wall art decor,https://aboutwallart.com/blogs/news-articles-home-decor-inspiration/old-money-style-interiors-classic-design-trends,,PENDING,PENDING,299,6.4,100%,93.6,AI Suggestion,,
wall art decor,https://aboutwallart.com/blogs/news-articles-home-decor-inspiration/wall-art-for-high-ceilings-7-creative-ideas,,PENDING,PENDING,288,6.4,100%,93.6,AI Suggestion,,
wall art decor,https://aboutwallart.com/blogs/news-articles-home-decor-inspiration/cherry-blossom-art-japan-understanding-the-deep-symbolism,,PENDING,PENDING,114,6.4,100%,93.6,AI Suggestion,,
what colour goes with grey,https://aboutwallart.com/blogs/news-articles-home-decor-inspiration/what-colour-goes-with-grey-walls-essential-tips,LOCKED,DONE,TO_OPTIMIZE,728,5,100%,95,AI Suggestion,,
what colour goes with grey,https://aboutwallart.com/blogs/news-articles-home-decor-inspiration/how-to-decorate-with-greige-colours-the-blend-of-grey-beige,,DONE,LINK,21,8.8,60%,47.5,AI Suggestion,,
bathroom wall art ideas,https://aboutwallart.com/blogs/news-articles-home-decor-inspiration/stylish-behind-toilet-decor-5-ideas-to-transform-your-small-bathroom,,DONE,LOCKED_TO_OTHER_KEYWORD,242,5.3,100%,94.7,AI Suggestion,,
bathroom wall art ideas,https://aboutwallart.com/blogs/news-articles-home-decor-inspiration/decorating-above-toilet-stylish-ideas-to-elevate-your-bathroom,,DONE,LOCKED_TO_OTHER_KEYWORD,139,6.5,100%,93.5,AI Suggestion,,
bathroom wall art ideas,https://aboutwallart.com/blogs/news-articles-home-decor-inspiration/bathroom-art-ideas-to-transform-your-bathroom-into-an-oasis,,DONE,LOCKED_TO_OTHER_KEYWORD,225,8.4,100%,91.6,AI Suggestion,,
bathroom wall art ideas,https://aboutwallart.com/blogs/news-articles-home-decor-inspiration/how-bedroom-wall-art-ideas-can-impact-your-quality-of-rest,,DONE,LOCKED_TO_OTHER_KEYWORD,107,6.1,75%,81.4,AI Suggestion,,
bathroom wall art ideas,https://aboutwallart.com/blogs/news-articles-home-decor-inspiration/wall-art-for-high-ceilings-7-creative-ideas,,DONE,REPURPOSE,288,6.4,75%,81.1,AI Suggestion,,
bathroom wall art ideas,https://aboutwallart.com/blogs/news-articles-home-decor-inspiration/masculine-home-decor-stylish-ideas-to-elevate-any-modern-space,,DONE,LOCKED_TO_OTHER_KEYWORD,145,7.2,75%,80.3,AI Suggestion,,
bathroom wall art ideas,https://aboutwallart.com/blogs/news-articles-home-decor-inspiration/art-for-offices-inspiring-ideas-for-every-workspace,,DONE,LOCKED_TO_OTHER_KEYWORD,101,7.8,75%,79.7,AI Suggestion,,
bathroom wall art ideas,https://aboutwallart.com/blogs/news-articles-home-decor-inspiration/what-is-the-3-5-7-rule-in-decorating,,DONE,LOCKED_TO_OTHER_KEYWORD,1489,2.8,50%,72.2,AI Suggestion,,
bathroom wall art ideas,https://aboutwallart.com/blogs/news-articles-home-decor-inspiration/top-8-hallway-art-ideas-to-transform-your-space,,DONE,REPURPOSE,75,8.7,75%,71.3,AI Suggestion,,
bathroom wall art ideas,https://aboutwallart.com/blogs/news-articles-home-decor-inspiration/do-beige-and-grey-go-together-heres-how-to-make-it-work,,DONE,LOCKED_TO_OTHER_KEYWORD,1362,4.3,50%,70.7,AI Suggestion,,
islamic wall art for living room,https://aboutwallart.com/collections/framed-wall-pictures-for-living-room,,DONE,LOCKED_TO_OTHER_KEYWORD,198,7.8,83%,83.8,AI Suggestion,,
islamic wall art for living room,https://aboutwallart.com/blogs/news-articles-home-decor-inspiration/stylish-behind-toilet-decor-5-ideas-to-transform-your-small-bathroom,,DONE,LOCKED_TO_OTHER_KEYWORD,242,5.3,67%,78,AI Suggestion,,
islamic wall art for living room,https://aboutwallart.com/blogs/news-articles-home-decor-inspiration/bathroom-art-ideas-to-transform-your-bathroom-into-an-oasis,,DONE,LOCKED_TO_OTHER_KEYWORD,225,8.4,67%,74.9,AI Suggestion,,
islamic wall art for living room,https://aboutwallart.com/products/floral-large-wall-prints-for-a-living-room-set-of-3-wall-art-prints,,DONE,LOCKED_TO_OTHER_KEYWORD,64,9.1,83%,71.8,AI Suggestion,,
islamic wall art for living room,https://aboutwallart.com/blogs/news-articles-home-decor-inspiration/choosing-the-right-art-for-grey-walls,,DONE,LOCKED_TO_OTHER_KEYWORD,213,5.7,50%,69.3,AI Suggestion,,
islamic wall art for living room,https://aboutwallart.com/blogs/news-articles-home-decor-inspiration/moisture-resistant-restroom-wall-art-what-actually-works,,DONE,LOCKED_TO_OTHER_KEYWORD,538,5.8,50%,69.2,AI Suggestion,,
islamic wall art for living room,https://aboutwallart.com/blogs/news-articles-home-decor-inspiration/how-bedroom-wall-art-ideas-can-impact-your-quality-of-rest,,DONE,LOCKED_TO_OTHER_KEYWORD,107,6.1,50%,68.9,AI Suggestion,,
islamic wall art for living room,https://aboutwallart.com/blogs/news-articles-home-decor-inspiration/wall-art-for-high-ceilings-7-creative-ideas,,DONE,REPURPOSE,288,6.4,50%,68.6,AI Suggestion,,
islamic wall art for living room,https://aboutwallart.com/blogs/news-articles-home-decor-inspiration/the-case-for-empty-spaces-when-less-truly-is-more,,DONE,LOCKED_TO_OTHER_KEYWORD,102,6.5,50%,68.5,AI Suggestion,,
islamic wall art for living room,https://aboutwallart.com/blogs/news-articles-home-decor-inspiration/decorating-above-toilet-stylish-ideas-to-elevate-your-bathroom,,DONE,LOCKED_TO_OTHER_KEYWORD,139,6.5,50%,68.5,AI Suggestion,,
old money home decor,https://aboutwallart.com/blogs/news-articles-home-decor-inspiration/old-money-style-interiors-classic-design-trends,,PENDING,KEEP,299,6.4,100%,93.6,AI Suggestion,,
old money home decor,https://aboutwallart.com/blogs/news-articles-home-decor-inspiration/what-is-the-3-5-7-rule-in-decorating,,DONE,LINK,1489,2.8,50%,72.2,AI Suggestion,,
old money home decor,https://aboutwallart.com/blogs/news-articles-home-decor-inspiration/do-beige-and-grey-go-together-heres-how-to-make-it-work,,PENDING,LINK,1362,4.3,50%,70.7,AI Suggestion,,
old money home decor,https://aboutwallart.com/pages/old-money-home-decor,LOCKED,DONE,TO_OPTIMIZE,26,7.6,100%,70.2,AI Suggestion,,
old money home decor,https://aboutwallart.com/blogs/news-articles-home-decor-inspiration/what-colour-goes-with-grey-walls-essential-tips,,PENDING,LINK,728,5,50%,70,AI Suggestion,,
old money home decor,https://aboutwallart.com/blogs/news-articles-home-decor-inspiration/stylish-behind-toilet-decor-5-ideas-to-transform-your-small-bathroom,,PENDING,LINK,242,5.3,50%,69.7,AI Suggestion,,
old money home decor,https://aboutwallart.com/blogs/news-articles-home-decor-inspiration/choosing-the-right-art-for-grey-walls,,DONE,LINK,213,5.7,50%,69.3,AI Suggestion,,
old money home decor,https://aboutwallart.com/blogs/news-articles-home-decor-inspiration/moisture-resistant-restroom-wall-art-what-actually-works,,PENDING,PENDING,538,5.8,50%,69.2,AI Suggestion,,
old money home decor,https://aboutwallart.com/blogs/news-articles-home-decor-inspiration/how-bedroom-wall-art-ideas-can-impact-your-quality-of-rest,,DONE,LINK,107,6.1,50%,68.9,AI Suggestion,,
old money home decor,https://aboutwallart.com/blogs/news-articles-home-decor-inspiration/wall-art-for-high-ceilings-7-creative-ideas,,DONE,LINK,288,6.4,50%,68.6,AI Suggestion,,
grey walls,https://aboutwallart.com/blogs/news-articles-home-decor-inspiration/what-colour-goes-with-grey-walls-essential-tips,,PENDING,KEEP,728,5,100%,95,AI Suggestion,,
grey walls,https://aboutwallart.com/blogs/news-articles-home-decor-inspiration/choosing-the-right-art-for-grey-walls,LOCKED,DONE,TO_OPTIMIZE,213,5.7,100%,94.3,AI Suggestion,,
grey walls,https://aboutwallart.com/blogs/news-articles-home-decor-inspiration/do-beige-and-grey-go-together-heres-how-to-make-it-work,,PENDING,LINK,1362,4.3,50%,70.7,AI Suggestion,,
grey walls,https://aboutwallart.com/blogs/news-articles-home-decor-inspiration/wall-decor-ideas-for-large-walls-to-transform-your-space,,DONE,LINK,49,7.9,50%,51.8,AI Suggestion,,
grey walls,https://aboutwallart.com/blogs/news-articles-home-decor-inspiration/how-nature-inspired-art-can-transform-your-walls,,DONE,LINK,30,9.8,50%,44.1,AI Suggestion,,
grey walls,https://aboutwallart.com/products/prints-for-office-walls-set-of-3-wall-art-prints?pr_prod_strat=e5_desc&pr_rec_id=4e4b39515&pr_rec_pid=8167993966878&pr_ref_pid=8167996358942&pr_seq=uniform,,DONE,LINK,1,1.9,50%,43.4,AI Suggestion,,
grey walls,https://aboutwallart.com/products/bedroom-decor-for-walls-set-of-3-wall-art-prints?pr_prod_strat=pinned&pr_rec_id=72afe9385&pr_rec_pid=8167977812254&pr_ref_pid=8167976173854&pr_seq=uniform,,DONE,LINK,1,2.1,50%,43.2,AI Suggestion,,
grey walls,https://aboutwallart.com/blogs/news-articles-home-decor-inspiration/how-to-decorate-with-greige-colours-the-blend-of-grey-beige,,PENDING,PENDING,21,8.8,50%,42.5,AI Suggestion,,
grey walls,https://aboutwallart.com/blogs/home-decor-inspiration/do-beige-and-grey-go-together,,PENDING,PENDING,1,2.9,50%,42.4,AI Suggestion,,
grey walls,https://aboutwallart.com/products/bedroom-wall-picture-set-of-3-prints-for-bedroom-walls,,PENDING,PENDING,11,6.3,50%,42,AI Suggestion,,
set of 3 wall art for living room,https://aboutwallart.com/collections/framed-wall-pictures-for-living-room,,PENDING,KEEP,198,7.8,83%,83.8,AI Suggestion,,
set of 3 wall art for living room,https://aboutwallart.com/products/floral-large-wall-prints-for-a-living-room-set-of-3-wall-art-prints,LOCKED,DONE,TO_OPTIMIZE,64,9.1,100%,80.1,AI Suggestion,,
set of 3 wall art for living room,https://aboutwallart.com/blogs/news-articles-home-decor-inspiration/stylish-behind-toilet-decor-5-ideas-to-transform-your-small-bathroom,,PENDING,LINK,242,5.3,67%,78,AI Suggestion,,
set of 3 wall art for living room,https://aboutwallart.com/blogs/news-articles-home-decor-inspiration/bathroom-art-ideas-to-transform-your-bathroom-into-an-oasis,,PENDING,LINK,225,8.4,67%,74.9,AI Suggestion,,
set of 3 wall art for living room,https://aboutwallart.com/products/wall-art-for-large-living-room-wall-set-of-3-floral-wall-art-prints,,DONE,REPURPOSE,30,8.2,100%,70.8,AI Suggestion,,
set of 3 wall art for living room,https://aboutwallart.com/products/art-wall-for-living-room-set-of-3-wall-art-prints?pr_prod_strat=e5_desc&pr_rec_id=fbc83ae13&pr_rec_pid=8167993245982&pr_ref_pid=8167997440286&pr_seq=uniform,,DONE,LINK,7,1.7,100%,70.4,AI Suggestion,,
set of 3 wall art for living room,https://aboutwallart.com/blogs/news-articles-home-decor-inspiration/choosing-the-right-art-for-grey-walls,,PENDING,PENDING,213,5.7,50%,69.3,AI Suggestion,,
set of 3 wall art for living room,https://aboutwallart.com/products/Framed-prints-living-room-set-of-3-framed-wall-art?pr_prod_strat=pinned&pr_rec_id=f88259ac0&pr_rec_pid=8168006418718&pr_ref_pid=8168006713630&pr_seq=uniform,,DONE,LINK,1,1,100%,69.3,AI Suggestion,,
set of 3 wall art for living room,https://aboutwallart.com/products/large-living-room-pictures-set-of-3-wall-art-prints,,PENDING,PENDING,47,6.6,83%,69.2,AI Suggestion,,
set of 3 wall art for living room,https://aboutwallart.com/blogs/news-articles-home-decor-inspiration/moisture-resistant-restroom-wall-art-what-actually-works,,PENDING,PENDING,538,5.8,50%,69.2,AI Suggestion,,
small bathroom wall decor ideas,https://aboutwallart.com/blogs/news-articles-home-decor-inspiration/stylish-behind-toilet-decor-5-ideas-to-transform-your-small-bathroom,,DONE,LOCKED_TO_OTHER_KEYWORD,242,5.3,100%,94.7,AI Suggestion,,
small bathroom wall decor ideas,https://aboutwallart.com/blogs/news-articles-home-decor-inspiration/decorating-above-toilet-stylish-ideas-to-elevate-your-bathroom,,DONE,LOCKED_TO_OTHER_KEYWORD,139,6.5,80%,83.5,AI Suggestion,,
small bathroom wall decor ideas,https://aboutwallart.com/blogs/news-articles-home-decor-inspiration/bathroom-art-ideas-to-transform-your-bathroom-into-an-oasis,,DONE,LOCKED_TO_OTHER_KEYWORD,225,8.4,80%,81.6,AI Suggestion,,
small bathroom wall decor ideas,https://aboutwallart.com/blogs/news-articles-home-decor-inspiration/how-bedroom-wall-art-ideas-can-impact-your-quality-of-rest,,DONE,LOCKED_TO_OTHER_KEYWORD,107,6.1,60%,73.9,AI Suggestion,,
small bathroom wall decor ideas,https://aboutwallart.com/blogs/news-articles-home-decor-inspiration/wall-art-for-high-ceilings-7-creative-ideas,,DONE,REPURPOSE,288,6.4,60%,73.6,AI Suggestion,,
small bathroom wall decor ideas,https://aboutwallart.com/blogs/news-articles-home-decor-inspiration/masculine-home-decor-stylish-ideas-to-elevate-any-modern-space,,DONE,LOCKED_TO_OTHER_KEYWORD,145,7.2,60%,72.8,AI Suggestion,,
small bathroom wall decor ideas,https://aboutwallart.com/blogs/news-articles-home-decor-inspiration/art-for-offices-inspiring-ideas-for-every-workspace,,DONE,LOCKED_TO_OTHER_KEYWORD,101,7.8,60%,72.2,AI Suggestion,,
small bathroom wall decor ideas,https://aboutwallart.com/blogs/news-articles-home-decor-inspiration/small-studio-apartment-decor-10-genius-tips-and-hacks,,DONE,LOCKED_TO_OTHER_KEYWORD,98,7.2,60%,72.2,AI Suggestion,,
small bathroom wall decor ideas,https://aboutwallart.com/blogs/news-articles-home-decor-inspiration/toilet-decor-ideas-to-instantly-upgrade-a-small-bathroom,,DONE,LOCKED_TO_OTHER_KEYWORD,9,8.1,100%,64.6,AI Suggestion,,
small bathroom wall decor ideas,https://aboutwallart.com/blogs/news-articles-home-decor-inspiration/top-8-hallway-art-ideas-to-transform-your-space,,DONE,REPURPOSE,75,8.7,60%,63.8,AI Suggestion,,
islamic wall art uk,https://aboutwallart.com/collections/wall-islamic-art,,DONE,LOCKED_TO_OTHER_KEYWORD,102,11.4,100%,88.6,AI Suggestion,,
islamic wall art uk,https://aboutwallart.com/blogs/news-articles-home-decor-inspiration/what-is-the-3-5-7-rule-in-decorating,,DONE,LOCKED_TO_OTHER_KEYWORD,1489,2.8,67%,80.5,AI Suggestion,,
islamic wall art uk,https://aboutwallart.com/blogs/news-articles-home-decor-inspiration/do-beige-and-grey-go-together-heres-how-to-make-it-work,,DONE,LOCKED_TO_OTHER_KEYWORD,1362,4.3,67%,79.1,AI Suggestion,,
islamic wall art uk,https://aboutwallart.com/blogs/news-articles-home-decor-inspiration/what-colour-goes-with-grey-walls-essential-tips,,DONE,LOCKED_TO_OTHER_KEYWORD,728,5,67%,78.3,AI Suggestion,,
islamic wall art uk,https://aboutwallart.com/blogs/news-articles-home-decor-inspiration/stylish-behind-toilet-decor-5-ideas-to-transform-your-small-bathroom,,DONE,LOCKED_TO_OTHER_KEYWORD,242,5.3,67%,78,AI Suggestion,,
islamic wall art uk,https://aboutwallart.com/blogs/news-articles-home-decor-inspiration/choosing-the-right-art-for-grey-walls,,DONE,LOCKED_TO_OTHER_KEYWORD,213,5.7,67%,77.6,AI Suggestion,,
islamic wall art uk,https://aboutwallart.com/blogs/news-articles-home-decor-inspiration/moisture-resistant-restroom-wall-art-what-actually-works,,DONE,LOCKED_TO_OTHER_KEYWORD,538,5.8,67%,77.5,AI Suggestion,,
islamic wall art uk,https://aboutwallart.com/blogs/news-articles-home-decor-inspiration/how-bedroom-wall-art-ideas-can-impact-your-quality-of-rest,,DONE,LOCKED_TO_OTHER_KEYWORD,107,6.1,67%,77.2,AI Suggestion,,
islamic wall art uk,https://aboutwallart.com/blogs/news-articles-home-decor-inspiration/old-money-style-interiors-classic-design-trends,,DONE,LOCKED_TO_OTHER_KEYWORD,299,6.4,67%,77,AI Suggestion,,
islamic wall art uk,https://aboutwallart.com/blogs/news-articles-home-decor-inspiration/wall-art-for-high-ceilings-7-creative-ideas,,DONE,REPURPOSE,288,6.4,67%,76.9,AI Suggestion,,
masculine decor,https://aboutwallart.com/blogs/news-articles-home-decor-inspiration/masculine-home-decor-stylish-ideas-to-elevate-any-modern-space,LOCKED,DONE,TO_OPTIMIZE,145,7.2,100%,92.8,AI Suggestion,,
masculine decor,https://aboutwallart.com/blogs/news-articles-home-decor-inspiration/what-is-the-3-5-7-rule-in-decorating,,DONE,LINK,1489,2.8,50%,72.2,AI Suggestion,,
masculine decor,https://aboutwallart.com/blogs/news-articles-home-decor-inspiration/do-beige-and-grey-go-together-heres-how-to-make-it-work,,PENDING,LINK,1362,4.3,50%,70.7,AI Suggestion,,
masculine decor,https://aboutwallart.com/blogs/news-articles-home-decor-inspiration/what-colour-goes-with-grey-walls-essential-tips,,PENDING,LINK,728,5,50%,70,AI Suggestion,,
masculine decor,https://aboutwallart.com/blogs/news-articles-home-decor-inspiration/stylish-behind-toilet-decor-5-ideas-to-transform-your-small-bathroom,,PENDING,LINK,242,5.3,50%,69.7,AI Suggestion,,
masculine decor,https://aboutwallart.com/blogs/news-articles-home-decor-inspiration/choosing-the-right-art-for-grey-walls,,PENDING,LINK,213,5.7,50%,69.3,AI Suggestion,,
masculine decor,https://aboutwallart.com/blogs/news-articles-home-decor-inspiration/moisture-resistant-restroom-wall-art-what-actually-works,,PENDING,PENDING,538,5.8,50%,69.2,AI Suggestion,,
masculine decor,https://aboutwallart.com/blogs/news-articles-home-decor-inspiration/how-bedroom-wall-art-ideas-can-impact-your-quality-of-rest,,DONE,LINK,107,6.1,50%,68.9,AI Suggestion,,
masculine decor,https://aboutwallart.com/blogs/news-articles-home-decor-inspiration/old-money-style-interiors-classic-design-trends,,PENDING,PENDING,299,6.4,50%,68.6,AI Suggestion,,
masculine decor,https://aboutwallart.com/blogs/news-articles-home-decor-inspiration/wall-art-for-high-ceilings-7-creative-ideas,,DONE,LINK,288,6.4,50%,68.6,AI Suggestion,,
moisture resistant art for bathroom,https://aboutwallart.com/blogs/news-articles-home-decor-inspiration/stylish-behind-toilet-decor-5-ideas-to-transform-your-small-bathroom,,PENDING,KEEP,242,5.3,60%,74.7,AI Suggestion,,
moisture resistant art for bathroom,https://aboutwallart.com/blogs/news-articles-home-decor-inspiration/moisture-resistant-restroom-wall-art-what-actually-works,,PENDING,LINK,538,5.8,60%,74.2,AI Suggestion,,
moisture resistant art for bathroom,https://aboutwallart.com/blogs/news-articles-home-decor-inspiration/bathroom-art-ideas-to-transform-your-bathroom-into-an-oasis,,PENDING,LINK,225,8.4,60%,71.6,AI Suggestion,,
moisture resistant art for bathroom,https://aboutwallart.com/blogs/news-articles-home-decor-inspiration/bathroom-wall-decor-ideas-for-spa-like-spaces,LOCKED,DONE,TO_OPTIMIZE,26,8.1,60%,49.7,AI Suggestion,,
moisture resistant art for bathroom,https://aboutwallart.com/products/bathroom-artwork-prints-set-of-3-framed-wall-art-prints?pr_prod_strat=pinned&pr_rec_id=2502a320f&pr_rec_pid=8167972241694&pr_ref_pid=8167972897054&pr_seq=uniform,,DONE,LINK,2,1,60%,49.6,AI Suggestion,,
moisture resistant art for bathroom,https://aboutwallart.com/products/framed-art-for-bathroom-set-of-3-green-botanical-wall-art?variant=47153193156894,,DONE,LINK,1,1.1,60%,49.2,AI Suggestion,,
moisture resistant art for bathroom,https://aboutwallart.com/products/art-prints-for-the-bathroom-set-of-3-wall-art-prints?pr_prod_strat=e5_desc&pr_rec_id=2d9082061&pr_rec_pid=8167974273310&pr_ref_pid=8167974076702&pr_seq=uniform,,DONE,LINK,1,1.2,60%,49.1,AI Suggestion,,
moisture resistant art for bathroom,https://aboutwallart.com/products/modern-bathroom-wall-decor-ideas-set-of-3-wall-art-prints?pr_prod_strat=e5_desc&pr_rec_id=0793c8f3f&pr_rec_pid=8517977899294&pr_ref_pid=8807650459934&pr_seq=uniform,,DONE,LINK,1,1.2,60%,49.1,AI Suggestion,,
moisture resistant art for bathroom,https://aboutwallart.com/products/art-for-a-bathrooms-set-of-3-framed-wall-art?pr_prod_strat=e5_desc&pr_rec_id=2d9082061&pr_rec_pid=8566718071070&pr_ref_pid=8167974076702&pr_seq=uniform,,PENDING,PENDING,1,1.3,60%,49,AI Suggestion,,
moisture resistant art for bathroom,https://aboutwallart.com/products/art-prints-for-the-bathroom-set-of-3-wall-art-prints?pr_prod_strat=pinned&pr_rec_id=7cfe23379&pr_rec_pid=8167974273310&pr_ref_pid=9013683388702&pr_seq=uniform,,PENDING,PENDING,2,1.8,60%,48.8,AI Suggestion,,
write for us + home decor,https://aboutwallart.com/blogs/news-articles-home-decor-inspiration/stylish-behind-toilet-decor-5-ideas-to-transform-your-small-bathroom,,DONE,DELETED,242,5.3,75%,82.2,AI Suggestion,,
write for us + home decor,https://aboutwallart.com/blogs/news-articles-home-decor-inspiration/choosing-the-right-art-for-grey-walls,,DONE,DELETED,213,5.7,75%,81.8,AI Suggestion,,
write for us + home decor,https://aboutwallart.com/blogs/news-articles-home-decor-inspiration/wall-art-for-high-ceilings-7-creative-ideas,,DONE,DELETED,288,6.4,75%,81.1,AI Suggestion,,
write for us + home decor,https://aboutwallart.com/blogs/news-articles-home-decor-inspiration/the-case-for-empty-spaces-when-less-truly-is-more,,DONE,DELETED,102,6.5,75%,81,AI Suggestion,,
write for us + home decor,https://aboutwallart.com/blogs/news-articles-home-decor-inspiration/art-for-offices-inspiring-ideas-for-every-workspace,,DONE,DELETED,101,7.8,75%,79.7,AI Suggestion,,
write for us + home decor,https://aboutwallart.com/blogs/news-articles-home-decor-inspiration/bathroom-art-ideas-to-transform-your-bathroom-into-an-oasis,,DONE,DELETED,225,8.4,75%,79.1,AI Suggestion,,
write for us + home decor,https://aboutwallart.com/blogs/news-articles-home-decor-inspiration/determining-what-frame-size-do-i-need-for-my-space,,DONE,DELETED,200,9.1,75%,78.4,AI Suggestion,,
write for us + home decor,https://aboutwallart.com/blogs/news-articles-home-decor-inspiration/how-to-hang-wall-art-for-stairs-without-a-straight-wall,,DONE,DELETED,84,6.8,75%,76,AI Suggestion,,
write for us + home decor,https://aboutwallart.com/blogs/news-articles-home-decor-inspiration/decor-for-nursery-wall-that-stimulates-without-overwhelming,,DONE,DELETED,76,7.8,75%,72.5,AI Suggestion,,
write for us + home decor,https://aboutwallart.com/blogs/news-articles-home-decor-inspiration/what-is-the-3-5-7-rule-in-decorating,,DONE,DELETED,1489,2.8,50%,72.2,AI Suggestion,,
home decor ideas thehometrotters,https://aboutwallart.com/blogs/news-articles-home-decor-inspiration/stylish-behind-toilet-decor-5-ideas-to-transform-your-small-bathroom,,DONE,DELETED,242,5.3,75%,82.2,AI Suggestion,,
home decor ideas thehometrotters,https://aboutwallart.com/blogs/news-articles-home-decor-inspiration/how-bedroom-wall-art-ideas-can-impact-your-quality-of-rest,,DONE,DELETED,107,6.1,75%,81.4,AI Suggestion,,
home decor ideas thehometrotters,https://aboutwallart.com/blogs/news-articles-home-decor-inspiration/wall-art-for-high-ceilings-7-creative-ideas,,DONE,DELETED,288,6.4,75%,81.1,AI Suggestion,,
home decor ideas thehometrotters,https://aboutwallart.com/blogs/news-articles-home-decor-inspiration/decorating-above-toilet-stylish-ideas-to-elevate-your-bathroom,,DONE,DELETED,139,6.5,75%,81,AI Suggestion,,
home decor ideas thehometrotters,https://aboutwallart.com/blogs/news-articles-home-decor-inspiration/masculine-home-decor-stylish-ideas-to-elevate-any-modern-space,,DONE,DELETED,145,7.2,75%,80.3,AI Suggestion,,
home decor ideas thehometrotters,https://aboutwallart.com/blogs/news-articles-home-decor-inspiration/art-for-offices-inspiring-ideas-for-every-workspace,,DONE,DELETED,101,7.8,75%,79.7,AI Suggestion,,
home decor ideas thehometrotters,https://aboutwallart.com/blogs/news-articles-home-decor-inspiration/bathroom-art-ideas-to-transform-your-bathroom-into-an-oasis,,DONE,DELETED,225,8.4,75%,79.1,AI Suggestion,,
home decor ideas thehometrotters,https://aboutwallart.com/blogs/news-articles-home-decor-inspiration/what-is-the-3-5-7-rule-in-decorating,,DONE,DELETED,1489,2.8,50%,72.2,AI Suggestion,,
home decor ideas thehometrotters,https://aboutwallart.com/blogs/news-articles-home-decor-inspiration/top-8-hallway-art-ideas-to-transform-your-space,,DONE,DELETED,75,8.7,75%,71.3,AI Suggestion,,
home decor ideas thehometrotters,https://aboutwallart.com/blogs/news-articles-home-decor-inspiration/do-beige-and-grey-go-together-heres-how-to-make-it-work,,DONE,DELETED,1362,4.3,50%,70.7,AI Suggestion,,
kitchen wall art ideas,https://aboutwallart.com/blogs/news-articles-home-decor-inspiration/stylish-behind-toilet-decor-5-ideas-to-transform-your-small-bathroom,,PENDING,KEEP,242,5.3,75%,82.2,AI Suggestion,,
kitchen wall art ideas,https://aboutwallart.com/blogs/news-articles-home-decor-inspiration/how-bedroom-wall-art-ideas-can-impact-your-quality-of-rest,,DONE,LINK,107,6.1,75%,81.4,AI Suggestion,,
kitchen wall art ideas,https://aboutwallart.com/blogs/news-articles-home-decor-inspiration/wall-art-for-high-ceilings-7-creative-ideas,,DONE,LINK,288,6.4,75%,81.1,AI Suggestion,,
kitchen wall art ideas,https://aboutwallart.com/blogs/news-articles-home-decor-inspiration/decorating-above-toilet-stylish-ideas-to-elevate-your-bathroom,,PENDING,LINK,139,6.5,75%,81,AI Suggestion,,
kitchen wall art ideas,https://aboutwallart.com/blogs/news-articles-home-decor-inspiration/masculine-home-decor-stylish-ideas-to-elevate-any-modern-space,,PENDING,LINK,145,7.2,75%,80.3,AI Suggestion,,
kitchen wall art ideas,https://aboutwallart.com/blogs/news-articles-home-decor-inspiration/art-for-offices-inspiring-ideas-for-every-workspace,,PENDING,PENDING,101,7.8,75%,79.7,AI Suggestion,,
kitchen wall art ideas,https://aboutwallart.com/blogs/news-articles-home-decor-inspiration/bathroom-art-ideas-to-transform-your-bathroom-into-an-oasis,,PENDING,PENDING,225,8.4,75%,79.1,AI Suggestion,,
kitchen wall art ideas,https://aboutwallart.com/blogs/news-articles-home-decor-inspiration/quirky-kitchen-wall-art-ideas-for-fun-lived-in-spaces,,PENDING,PENDING,51,9.3,100%,76,AI Suggestion,,
kitchen wall art ideas,https://aboutwallart.com/blogs/news-articles-home-decor-inspiration/the-best-art-for-a-kitchen-wall-ideas,LOCKED,DONE,TO_OPTIMIZE,51,12.9,100%,72.4,AI Suggestion,,
kitchen wall art ideas,https://aboutwallart.com/blogs/news-articles-home-decor-inspiration/what-is-the-3-5-7-rule-in-decorating,,DONE,LINK,1489,2.8,50%,72.2,AI Suggestion,,
cherry blossom art,https://aboutwallart.com/blogs/news-articles-home-decor-inspiration/cherry-blossom-art-japan-understanding-the-deep-symbolism,,PENDING,KEEP,114,6.4,100%,93.6,AI Suggestion,,
cherry blossom art,https://aboutwallart.com/products/cherry-blossoms-wall-art-for-home-office-set-of-2?pr_prod_strat=pinned&pr_rec_id=3f3d85dbc&pr_rec_pid=8167992262942&pr_ref_pid=8167992099102&pr_seq=uniform,,DONE,LINK,3,1,100%,69.9,AI Suggestion,,
cherry blossom art,https://aboutwallart.com/products/japanese-cherry-blossom-art-set-of-3-wall-art-prints?variant=55161344491900&country=GB&currency=GBP,,DONE,REDIRECT,1,3.4,100%,66.9,AI Suggestion,2026-05-17T15:05:50.132Z,
cherry blossom art,https://aboutwallart.com/products/cherry-blossoms-wall-art-for-home-office-set-of-2?variant=46492065628446,,DONE,LINK,1,3.8,100%,66.5,AI Suggestion,,
cherry blossom art,https://aboutwallart.com/products/japanese-cherry-blossom-tree-set-of-3-framed-wall-art,LOCKED,DONE,TO_OPTIMIZE,8,6.5,100%,65.9,AI Suggestion,,
cherry blossom art,https://aboutwallart.com/products/japanese-cherry-blossom-tree-set-of-3-framed-wall-art?variant=55849274245500,,DONE,REDIRECT,1,6.7,100%,63.6,AI Suggestion,2026-05-17T15:05:50.132Z,
cherry blossom art,https://aboutwallart.com/blogs/news-articles-home-decor-inspiration/japanese-cherry-blossom-art-for-small-spaces-and-apartments,,PENDING,PENDING,2,7.1,100%,63.5,AI Suggestion,,
cherry blossom art,https://aboutwallart.com/products/cherry-blossoms-wall-art-for-home-office-set-of-2?variant=55848511373692,,PENDING,PENDING,1,8.2,100%,62.1,AI Suggestion,,
cherry blossom art,https://aboutwallart.com/products/japanese-cherry-blossom-art-set-of-3-wall-art-prints,,PENDING,PENDING,5,9.8,100%,61.7,AI Suggestion,,
cherry blossom art,https://aboutwallart.com/products/cherry-blossoms-wall-art-for-home-office-set-of-2,,PENDING,PENDING,3,9.6,100%,61.3,AI Suggestion,,
bedroom prints set of 3,https://aboutwallart.com/products/bedroom-framed-prints-set-of-3-wall-art-prints,LOCKED,DONE,TO_OPTIMIZE,45,6.5,100%,77,AI Suggestion,,
bedroom prints set of 3,https://aboutwallart.com/products/bedroom-pictures-for-wall-set-of-3-art-prints?pr_prod_strat=pinned&pr_rec_id=f27b2b090&pr_rec_pid=8167995736350&pr_ref_pid=8167994065182&pr_seq=uniform,,DONE,LINK,1,1.2,100%,69.1,AI Suggestion,,
bedroom prints set of 3,https://aboutwallart.com/products/bedroom-decor-for-walls-set-of-3-wall-art-prints?pr_prod_strat=pinned&pr_rec_id=72afe9385&pr_rec_pid=8167977812254&pr_ref_pid=8167976173854&pr_seq=uniform,,DONE,LINK,1,2.1,100%,68.2,AI Suggestion,,
bedroom prints set of 3,https://aboutwallart.com/products/bedroom-pictures-for-wall-set-of-3-art-prints?variant=55160765251964,,DONE,LINK,1,3.1,100%,67.2,AI Suggestion,,
bedroom prints set of 3,https://aboutwallart.com/products/bedroom-art-prints-set-of-3-framed-wall-prints,,DONE,LINK,17,8,100%,67.1,AI Suggestion,,
bedroom prints set of 3,https://aboutwallart.com/products/bedroom-wall-picture-set-of-3-prints-for-bedroom-walls,,PENDING,PENDING,11,6.3,100%,67,AI Suggestion,,
bedroom prints set of 3,https://aboutwallart.com/products/print-love-word-art-set-of-3-wall-art-prints-for-bedroom?variant=55849630990716,,PENDING,PENDING,1,3.4,100%,66.9,AI Suggestion,,
bedroom prints set of 3,https://aboutwallart.com/products/bedroom-pictures-for-wall-set-of-3-art-prints?variant=55849798271356,,PENDING,PENDING,3,4.1,100%,66.8,AI Suggestion,,
bedroom prints set of 3,https://aboutwallart.com/products/ramadan-mubarak-decorations-for-bedroom-set-of-3-wall-art-prints?variant=55160762761596&country=GB&currency=GBP,,PENDING,PENDING,1,3.6,100%,66.7,AI Suggestion,,
bedroom prints set of 3,https://aboutwallart.com/products/bedroom-pictures-for-wall-set-of-3-art-prints?variant=55856616702332&country=GB&currency=GBP,,PENDING,PENDING,1,3.6,100%,66.7,AI Suggestion,,
what is wall art,https://aboutwallart.com/blogs/news-articles-home-decor-inspiration/what-is-the-3-5-7-rule-in-decorating,,DONE,LOCKED_TO_OTHER_KEYWORD,1489,2.8,100%,97.2,AI Suggestion,,
what is wall art,https://aboutwallart.com/blogs/news-articles-home-decor-inspiration/what-colour-goes-with-grey-walls-essential-tips,,DONE,LOCKED_TO_OTHER_KEYWORD,728,5,100%,95,AI Suggestion,,
what is wall art,https://aboutwallart.com/blogs/news-articles-home-decor-inspiration/moisture-resistant-restroom-wall-art-what-actually-works,,DONE,LOCKED_TO_OTHER_KEYWORD,538,5.8,100%,94.2,AI Suggestion,,
what is wall art,https://aboutwallart.com/blogs/news-articles-home-decor-inspiration/determining-what-frame-size-do-i-need-for-my-space,,DONE,REPURPOSE,200,9.1,100%,90.9,AI Suggestion,,
what is wall art,https://aboutwallart.com/blogs/news-articles-home-decor-inspiration/do-beige-and-grey-go-together-heres-how-to-make-it-work,,PENDING,LINK,1362,4.3,67%,79.1,AI Suggestion,,
what is wall art,https://aboutwallart.com/blogs/news-articles-home-decor-inspiration/stylish-behind-toilet-decor-5-ideas-to-transform-your-small-bathroom,,PENDING,LINK,242,5.3,67%,78,AI Suggestion,,
what is wall art,https://aboutwallart.com/blogs/news-articles-home-decor-inspiration/choosing-the-right-art-for-grey-walls,,PENDING,LINK,213,5.7,67%,77.6,AI Suggestion,,
what is wall art,https://aboutwallart.com/blogs/news-articles-home-decor-inspiration/what-is-wall-art-guide,LOCKED,DONE,TO_OPTIMIZE,45,5.9,100%,77.6,AI Suggestion,,
what is wall art,https://aboutwallart.com/blogs/news-articles-home-decor-inspiration/how-bedroom-wall-art-ideas-can-impact-your-quality-of-rest,,DONE,LINK,107,6.1,67%,77.2,AI Suggestion,,
what is wall art,https://aboutwallart.com/blogs/news-articles-home-decor-inspiration/old-money-style-interiors-classic-design-trends,,PENDING,PENDING,299,6.4,67%,77,AI Suggestion,,
above fireplace art,https://aboutwallart.com/collections/above-fireplaces,LOCKED,DONE,TO_OPTIMIZE,164,7.3,100%,92.7,AI Suggestion,,
above fireplace art,https://aboutwallart.com/blogs/news-articles-home-decor-inspiration/decorating-above-toilet-stylish-ideas-to-elevate-your-bathroom,,PENDING,LINK,139,6.5,67%,76.8,AI Suggestion,,
above fireplace art,https://aboutwallart.com/products/3-pictures-above-bed-set-of-3-framed-wall-art,,DONE,LINK,48,4.7,67%,63,AI Suggestion,,
above fireplace art,https://aboutwallart.com/collections/above-fireplaces?page=2,,DONE,LINK,2,7.6,100%,63,AI Suggestion,,
above fireplace art,https://aboutwallart.com/products/3-pictures-above-bed-set-of-3-framed-wall-art?variant=55160998855036&country=GB&currency=GBP,,DONE,LINK,4,6.1,67%,48.4,AI Suggestion,,
above fireplace art,https://aboutwallart.com/blogs/news-articles-home-decor-inspiration/discover-perfect-above-the-bed-decor-ideas,,DONE,LINK,15,9.7,67%,48.1,AI Suggestion,,
above fireplace art,https://aboutwallart.com/blogs/news-articles-home-decor-inspiration/how-big-should-wall-art-be-above-a-sofa/,,PENDING,PENDING,2,6.3,67%,47.6,AI Suggestion,,
above fireplace art,https://aboutwallart.com/products/3-pictures-above-bed-set-of-3-framed-wall-art?variant=55160998789500&country=GB&currency=GBP,,PENDING,PENDING,4,7,67%,47.6,AI Suggestion,,
above fireplace art,https://aboutwallart.com/blogs/news-articles-home-decor-inspiration/how-big-should-wall-art-be-above-a-sofa,,PENDING,PENDING,1,6.4,67%,47.2,AI Suggestion,,
above fireplace art,https://aboutwallart.com/products/3-pictures-above-bed-set-of-3-framed-wall-art?variant=55850603053436,,PENDING,PENDING,1,9.8,67%,43.8,AI Suggestion,,
home decor write for us,https://aboutwallart.com/blogs/news-articles-home-decor-inspiration/stylish-behind-toilet-decor-5-ideas-to-transform-your-small-bathroom,,DONE,DELETED,242,5.3,75%,82.2,AI Suggestion,,
home decor write for us,https://aboutwallart.com/blogs/news-articles-home-decor-inspiration/choosing-the-right-art-for-grey-walls,,DONE,DELETED,213,5.7,75%,81.8,AI Suggestion,,
home decor write for us,https://aboutwallart.com/blogs/news-articles-home-decor-inspiration/wall-art-for-high-ceilings-7-creative-ideas,,DONE,DELETED,288,6.4,75%,81.1,AI Suggestion,,
home decor write for us,https://aboutwallart.com/blogs/news-articles-home-decor-inspiration/the-case-for-empty-spaces-when-less-truly-is-more,,DONE,DELETED,102,6.5,75%,81,AI Suggestion,,
home decor write for us,https://aboutwallart.com/blogs/news-articles-home-decor-inspiration/art-for-offices-inspiring-ideas-for-every-workspace,,DONE,DELETED,101,7.8,75%,79.7,AI Suggestion,,
home decor write for us,https://aboutwallart.com/blogs/news-articles-home-decor-inspiration/bathroom-art-ideas-to-transform-your-bathroom-into-an-oasis,,DONE,DELETED,225,8.4,75%,79.1,AI Suggestion,,
home decor write for us,https://aboutwallart.com/blogs/news-articles-home-decor-inspiration/determining-what-frame-size-do-i-need-for-my-space,,DONE,DELETED,200,9.1,75%,78.4,AI Suggestion,,
home decor write for us,https://aboutwallart.com/blogs/news-articles-home-decor-inspiration/how-to-hang-wall-art-for-stairs-without-a-straight-wall,,DONE,DELETED,84,6.8,75%,76,AI Suggestion,,
home decor write for us,https://aboutwallart.com/blogs/news-articles-home-decor-inspiration/decor-for-nursery-wall-that-stimulates-without-overwhelming,,DONE,DELETED,76,7.8,75%,72.5,AI Suggestion,,
home decor write for us,https://aboutwallart.com/blogs/news-articles-home-decor-inspiration/what-is-the-3-5-7-rule-in-decorating,,DONE,DELETED,1489,2.8,50%,72.2,AI Suggestion,,
pictures for bedroom,https://aboutwallart.com/collections/framed-wall-pictures-for-living-room,,PENDING,KEEP,198,7.8,67%,75.5,AI Suggestion,,
pictures for bedroom,https://aboutwallart.com/products/bedroom-pictures-for-wall-set-of-3-art-prints?pr_prod_strat=pinned&pr_rec_id=f27b2b090&pr_rec_pid=8167995736350&pr_ref_pid=8167994065182&pr_seq=uniform,LOCKED,DONE,TO_OPTIMIZE,1,1.2,100%,69.1,AI Suggestion,,
pictures for bedroom,https://aboutwallart.com/products/bedroom-pictures-for-wall-set-of-3-art-prints?variant=55160765251964,,DONE,LINK,1,3.1,100%,67.2,AI Suggestion,,
pictures for bedroom,https://aboutwallart.com/products/bedroom-pictures-for-wall-set-of-3-art-prints?variant=55849798271356,,DONE,LINK,3,4.1,100%,66.8,AI Suggestion,,
pictures for bedroom,https://aboutwallart.com/products/bedroom-pictures-for-wall-set-of-3-art-prints?variant=55856616702332&country=GB&currency=GBP,,DONE,LINK,1,3.6,100%,66.7,AI Suggestion,,
pictures for bedroom,https://aboutwallart.com/products/bedroom-pictures-for-wall-set-of-3-art-prints?variant=55849797779836&country=GB&currency=GBP,,DONE,LINK,1,3.8,100%,66.5,AI Suggestion,,
pictures for bedroom,https://aboutwallart.com/products/wall-pictures-for-bedroom-set-of-3-framed-wall-art-prints?variant=55160455627132&country=GB&currency=GBP,,PENDING,PENDING,8,6.2,100%,66.2,AI Suggestion,,
pictures for bedroom,https://aboutwallart.com/products/bedroom-pictures-for-wall-set-of-3-art-prints?variant=55160765448572&country=GB&currency=GBP,,PENDING,PENDING,1,4.8,100%,65.5,AI Suggestion,,
pictures for bedroom,https://aboutwallart.com/products/pictures-for-childrens-bedrooms-set-of-3-wall-art-prints,,PENDING,PENDING,1,5.9,100%,64.4,AI Suggestion,,
pictures for bedroom,https://aboutwallart.com/products/japanese-wall-art-pictures-for-bedrooms-set-of-3-wall-art-prints,,PENDING,PENDING,1,7.4,100%,62.9,AI Suggestion,,
masculine home decor,https://aboutwallart.com/blogs/news-articles-home-decor-inspiration/masculine-home-decor-stylish-ideas-to-elevate-any-modern-space,,DONE,LOCKED_TO_OTHER_KEYWORD,145,7.2,100%,92.8,AI Suggestion,,
masculine home decor,https://aboutwallart.com/blogs/news-articles-home-decor-inspiration/what-is-the-3-5-7-rule-in-decorating,,DONE,LOCKED_TO_OTHER_KEYWORD,1489,2.8,67%,80.5,AI Suggestion,,
masculine home decor,https://aboutwallart.com/blogs/news-articles-home-decor-inspiration/do-beige-and-grey-go-together-heres-how-to-make-it-work,,DONE,LOCKED_TO_OTHER_KEYWORD,1362,4.3,67%,79.1,AI Suggestion,,
masculine home decor,https://aboutwallart.com/blogs/news-articles-home-decor-inspiration/what-colour-goes-with-grey-walls-essential-tips,,DONE,LOCKED_TO_OTHER_KEYWORD,728,5,67%,78.3,AI Suggestion,,
masculine home decor,https://aboutwallart.com/blogs/news-articles-home-decor-inspiration/stylish-behind-toilet-decor-5-ideas-to-transform-your-small-bathroom,,DONE,LOCKED_TO_OTHER_KEYWORD,242,5.3,67%,78,AI Suggestion,,
masculine home decor,https://aboutwallart.com/blogs/news-articles-home-decor-inspiration/choosing-the-right-art-for-grey-walls,,DONE,LOCKED_TO_OTHER_KEYWORD,213,5.7,67%,77.6,AI Suggestion,,
masculine home decor,https://aboutwallart.com/blogs/news-articles-home-decor-inspiration/moisture-resistant-restroom-wall-art-what-actually-works,,DONE,LOCKED_TO_OTHER_KEYWORD,538,5.8,67%,77.5,AI Suggestion,,
masculine home decor,https://aboutwallart.com/blogs/news-articles-home-decor-inspiration/how-bedroom-wall-art-ideas-can-impact-your-quality-of-rest,,DONE,LOCKED_TO_OTHER_KEYWORD,107,6.1,67%,77.2,AI Suggestion,,
masculine home decor,https://aboutwallart.com/blogs/news-articles-home-decor-inspiration/old-money-style-interiors-classic-design-trends,,DONE,LOCKED_TO_OTHER_KEYWORD,299,6.4,67%,77,AI Suggestion,,
masculine home decor,https://aboutwallart.com/blogs/news-articles-home-decor-inspiration/wall-art-for-high-ceilings-7-creative-ideas,,DONE,REPURPOSE,288,6.4,67%,76.9,AI Suggestion,,
wall art for office at work,https://aboutwallart.com/blogs/news-articles-home-decor-inspiration/art-for-offices-inspiring-ideas-for-every-workspace,,DONE,LOCKED_TO_OTHER_KEYWORD,101,7.8,100%,92.2,AI Suggestion,,
wall art for office at work,https://aboutwallart.com/blogs/news-articles-home-decor-inspiration/do-beige-and-grey-go-together-heres-how-to-make-it-work,,DONE,LOCKED_TO_OTHER_KEYWORD,1362,4.3,60%,75.7,AI Suggestion,,
wall art for office at work,https://aboutwallart.com/blogs/news-articles-home-decor-inspiration/stylish-behind-toilet-decor-5-ideas-to-transform-your-small-bathroom,,DONE,LOCKED_TO_OTHER_KEYWORD,242,5.3,60%,74.7,AI Suggestion,,
wall art for office at work,https://aboutwallart.com/blogs/news-articles-home-decor-inspiration/choosing-the-right-art-for-grey-walls,,DONE,LOCKED_TO_OTHER_KEYWORD,213,5.7,60%,74.3,AI Suggestion,,
wall art for office at work,https://aboutwallart.com/blogs/news-articles-home-decor-inspiration/moisture-resistant-restroom-wall-art-what-actually-works,,DONE,LOCKED_TO_OTHER_KEYWORD,538,5.8,60%,74.2,AI Suggestion,,
wall art for office at work,https://aboutwallart.com/blogs/news-articles-home-decor-inspiration/wall-art-for-high-ceilings-7-creative-ideas,,DONE,REPURPOSE,288,6.4,60%,73.6,AI Suggestion,,
wall art for office at work,https://aboutwallart.com/blogs/news-articles-home-decor-inspiration/the-case-for-empty-spaces-when-less-truly-is-more,,DONE,LOCKED_TO_OTHER_KEYWORD,102,6.5,60%,73.5,AI Suggestion,,
wall art for office at work,https://aboutwallart.com/collections/framed-wall-pictures-for-living-room,,DONE,LOCKED_TO_OTHER_KEYWORD,198,7.8,60%,72.2,AI Suggestion,,
wall art for office at work,https://aboutwallart.com/blogs/news-articles-home-decor-inspiration/bathroom-art-ideas-to-transform-your-bathroom-into-an-oasis,,DONE,LOCKED_TO_OTHER_KEYWORD,225,8.4,60%,71.6,AI Suggestion,,
wall art for office at work,https://aboutwallart.com/blogs/news-articles-home-decor-inspiration/determining-what-frame-size-do-i-need-for-my-space,,DONE,REPURPOSE,200,9.1,60%,70.9,AI Suggestion,,
wall art for grey walls,https://aboutwallart.com/blogs/news-articles-home-decor-inspiration/choosing-the-right-art-for-grey-walls,,DONE,LOCKED_TO_OTHER_KEYWORD,213,5.7,100%,94.3,AI Suggestion,,
wall art for grey walls,https://aboutwallart.com/blogs/news-articles-home-decor-inspiration/what-colour-goes-with-grey-walls-essential-tips,,DONE,LOCKED_TO_OTHER_KEYWORD,728,5,80%,85,AI Suggestion,,
wall art for grey walls,https://aboutwallart.com/blogs/news-articles-home-decor-inspiration/do-beige-and-grey-go-together-heres-how-to-make-it-work,,DONE,LOCKED_TO_OTHER_KEYWORD,1362,4.3,60%,75.7,AI Suggestion,,
wall art for grey walls,https://aboutwallart.com/blogs/news-articles-home-decor-inspiration/stylish-behind-toilet-decor-5-ideas-to-transform-your-small-bathroom,,DONE,LOCKED_TO_OTHER_KEYWORD,242,5.3,60%,74.7,AI Suggestion,,
wall art for grey walls,https://aboutwallart.com/blogs/news-articles-home-decor-inspiration/wall-art-for-high-ceilings-7-creative-ideas,,DONE,REPURPOSE,288,6.4,60%,73.6,AI Suggestion,,
wall art for grey walls,https://aboutwallart.com/blogs/news-articles-home-decor-inspiration/the-case-for-empty-spaces-when-less-truly-is-more,,DONE,LOCKED_TO_OTHER_KEYWORD,102,6.5,60%,73.5,AI Suggestion,,
wall art for grey walls,https://aboutwallart.com/blogs/news-articles-home-decor-inspiration/art-for-offices-inspiring-ideas-for-every-workspace,,DONE,LOCKED_TO_OTHER_KEYWORD,101,7.8,60%,72.2,AI Suggestion,,
wall art for grey walls,https://aboutwallart.com/collections/framed-wall-pictures-for-living-room,,DONE,LOCKED_TO_OTHER_KEYWORD,198,7.8,60%,72.2,AI Suggestion,,
wall art for grey walls,https://aboutwallart.com/blogs/news-articles-home-decor-inspiration/bathroom-art-ideas-to-transform-your-bathroom-into-an-oasis,,DONE,LOCKED_TO_OTHER_KEYWORD,225,8.4,60%,71.6,AI Suggestion,,
wall art for grey walls,https://aboutwallart.com/blogs/news-articles-home-decor-inspiration/determining-what-frame-size-do-i-need-for-my-space,,DONE,REPURPOSE,200,9.1,60%,70.9,AI Suggestion,,
3 5 7 rule interior design,https://aboutwallart.com/blogs/news-articles-home-decor-inspiration/old-money-style-interiors-classic-design-trends,,PENDING,KEEP,299,6.4,67%,77,AI Suggestion,,
3 5 7 rule interior design,https://aboutwallart.com/blogs/news-articles-home-decor-inspiration/understanding-art-in-interior-design,,PENDING,LINK,34,10,67%,53.5,AI Suggestion,,
3 5 7 rule interior design,https://aboutwallart.com/blogs/news-articles-home-decor-inspiration/kitchen-wall-art-expert-interior-design-tips-trends-2026,,PENDING,LINK,15,5.9,67%,51.9,AI Suggestion,,
3 5 7 rule interior design,https://aboutwallart.com/blogs/news-articles-home-decor-inspiration/design-principles-in-art-simple-rules-for-better-wall-displays,LOCKED,DONE,TO_OPTIMIZE,3,5.1,67%,49.1,AI Suggestion,,
3 5 7 rule interior design,https://aboutwallart.com/products/japandi-interior-design-set-of-3-wall-art-prints,,DONE,LINK,7,6.5,67%,48.9,AI Suggestion,,
3 5 7 rule interior design,https://aboutwallart.com/collections/biophilic-interior-design?page=3,,DONE,LINK,3,5.9,67%,48.4,AI Suggestion,,
3 5 7 rule interior design,https://aboutwallart.com/products/japandi-interior-design-set-of-3-wall-art-prints?variant=55161848725884,,DONE,LINK,1,5.6,67%,48,AI Suggestion,,
3 5 7 rule interior design,https://aboutwallart.com/blogs/news-articles-home-decor-inspiration/apartment-interior-renovation-checklist-planning-design-trends-cost-factors,,DONE,LINK,3,6.6,67%,47.6,AI Suggestion,,
3 5 7 rule interior design,https://aboutwallart.com/blogs/news-articles-home-decor-inspiration/a-guide-to-a-different-type-of-interior-design-for-a-calming-home,,PENDING,PENDING,3,6.7,67%,47.5,AI Suggestion,,
3 5 7 rule interior design,https://aboutwallart.com/blogs/news-articles-home-decor-inspiration/interior-design-ideas-for-bedrooms-creating-your-sanctuary,,PENDING,PENDING,5,7.9,67%,46.9,AI Suggestion,,
3-5-7 rule in interior design,https://aboutwallart.com/blogs/news-articles-home-decor-inspiration/what-is-the-3-5-7-rule-in-decorating,LOCKED,DONE,TO_OPTIMIZE,1489,2.8,50%,72.2,AI Suggestion,,
3-5-7 rule in interior design,https://aboutwallart.com/blogs/news-articles-home-decor-inspiration/old-money-style-interiors-classic-design-trends,,PENDING,LINK,299,6.4,50%,68.6,AI Suggestion,,
3-5-7 rule in interior design,https://aboutwallart.com/blogs/news-articles-home-decor-inspiration/understanding-art-in-interior-design,,PENDING,LINK,34,10,50%,45.2,AI Suggestion,,
3-5-7 rule in interior design,https://aboutwallart.com/blogs/news-articles-home-decor-inspiration/kitchen-wall-art-expert-interior-design-tips-trends-2026,,PENDING,LINK,15,5.9,50%,43.6,AI Suggestion,,
3-5-7 rule in interior design,https://aboutwallart.com/blogs/news-articles-home-decor-inspiration/design-principles-in-art-simple-rules-for-better-wall-displays,,PENDING,LINK,3,5.1,50%,40.8,AI Suggestion,,
3-5-7 rule in interior design,https://aboutwallart.com/products/japandi-interior-design-set-of-3-wall-art-prints,,DONE,LINK,7,6.5,50%,40.6,AI Suggestion,,
3-5-7 rule in interior design,https://aboutwallart.com/collections/biophilic-interior-design?page=3,,DONE,LINK,3,5.9,50%,40,AI Suggestion,,
3-5-7 rule in interior design,https://aboutwallart.com/products/japandi-interior-design-set-of-3-wall-art-prints?variant=55161848725884,,DONE,LINK,1,5.6,50%,39.7,AI Suggestion,,
3-5-7 rule in interior design,https://aboutwallart.com/blogs/news-articles-home-decor-inspiration/apartment-interior-renovation-checklist-planning-design-trends-cost-factors,,DONE,LINK,3,6.6,50%,39.3,AI Suggestion,,
3-5-7 rule in interior design,https://aboutwallart.com/blogs/news-articles-home-decor-inspiration/a-guide-to-a-different-type-of-interior-design-for-a-calming-home,,PENDING,PENDING,3,6.7,50%,39.2,AI Suggestion,,
write for us home design,https://aboutwallart.com/blogs/news-articles-home-decor-inspiration/stylish-behind-toilet-decor-5-ideas-to-transform-your-small-bathroom,,DONE,DELETED,242,5.3,50%,69.7,AI Suggestion,,
write for us home design,https://aboutwallart.com/blogs/news-articles-home-decor-inspiration/choosing-the-right-art-for-grey-walls,,DONE,DELETED,213,5.7,50%,69.3,AI Suggestion,,
write for us home design,https://aboutwallart.com/blogs/news-articles-home-decor-inspiration/old-money-style-interiors-classic-design-trends,,DONE,DELETED,299,6.4,50%,68.6,AI Suggestion,,
write for us home design,https://aboutwallart.com/blogs/news-articles-home-decor-inspiration/wall-art-for-high-ceilings-7-creative-ideas,,DONE,DELETED,288,6.4,50%,68.6,AI Suggestion,,
write for us home design,https://aboutwallart.com/blogs/news-articles-home-decor-inspiration/the-case-for-empty-spaces-when-less-truly-is-more,,DONE,DELETED,102,6.5,50%,68.5,AI Suggestion,,
write for us home design,https://aboutwallart.com/blogs/news-articles-home-decor-inspiration/art-for-offices-inspiring-ideas-for-every-workspace,,DONE,DELETED,101,7.8,50%,67.2,AI Suggestion,,
write for us home design,https://aboutwallart.com/blogs/news-articles-home-decor-inspiration/bathroom-art-ideas-to-transform-your-bathroom-into-an-oasis,,DONE,DELETED,225,8.4,50%,66.6,AI Suggestion,,
write for us home design,https://aboutwallart.com/blogs/news-articles-home-decor-inspiration/determining-what-frame-size-do-i-need-for-my-space,,DONE,DELETED,200,9.1,50%,65.9,AI Suggestion,,
write for us home design,https://aboutwallart.com/pages/write-for-us,,DONE,DELETED,496,11.1,50%,63.9,AI Suggestion,,
write for us home design,https://aboutwallart.com/blogs/news-articles-home-decor-inspiration/how-to-hang-wall-art-for-stairs-without-a-straight-wall,,DONE,DELETED,84,6.8,50%,63.5,AI Suggestion,,
framed wall art for living room,https://aboutwallart.com/collections/framed-wall-pictures-for-living-room,,PENDING,KEEP,198,7.8,100%,92.2,AI Suggestion,,
framed wall art for living room,https://aboutwallart.com/blogs/news-articles-home-decor-inspiration/stylish-behind-toilet-decor-5-ideas-to-transform-your-small-bathroom,,PENDING,LINK,242,5.3,67%,78,AI Suggestion,,
framed wall art for living room,https://aboutwallart.com/blogs/news-articles-home-decor-inspiration/bathroom-art-ideas-to-transform-your-bathroom-into-an-oasis,,PENDING,LINK,225,8.4,67%,74.9,AI Suggestion,,
framed wall art for living room,https://aboutwallart.com/products/floral-large-wall-prints-for-a-living-room-set-of-3-wall-art-prints,,DONE,LOCKED_TO_OTHER_KEYWORD,64,9.1,83%,71.8,AI Suggestion,,
framed wall art for living room,https://aboutwallart.com/blogs/news-articles-home-decor-inspiration/choosing-the-right-art-for-grey-walls,,PENDING,LINK,213,5.7,50%,69.3,AI Suggestion,,
framed wall art for living room,https://aboutwallart.com/products/Framed-prints-living-room-set-of-3-framed-wall-art?pr_prod_strat=pinned&pr_rec_id=f88259ac0&pr_rec_pid=8168006418718&pr_ref_pid=8168006713630&pr_seq=uniform,,DONE,REPURPOSE,1,1,100%,69.3,AI Suggestion,,
framed wall art for living room,https://aboutwallart.com/blogs/news-articles-home-decor-inspiration/moisture-resistant-restroom-wall-art-what-actually-works,,PENDING,PENDING,538,5.8,50%,69.2,AI Suggestion,,
framed wall art for living room,https://aboutwallart.com/blogs/news-articles-home-decor-inspiration/how-bedroom-wall-art-ideas-can-impact-your-quality-of-rest,LOCKED,DONE,TO_OPTIMIZE,107,6.1,50%,68.9,AI Suggestion,,
framed wall art for living room,https://aboutwallart.com/blogs/news-articles-home-decor-inspiration/wall-art-for-high-ceilings-7-creative-ideas,,DONE,LINK,288,6.4,50%,68.6,AI Suggestion,,
framed wall art for living room,https://aboutwallart.com/blogs/news-articles-home-decor-inspiration/the-case-for-empty-spaces-when-less-truly-is-more,,PENDING,PENDING,102,6.5,50%,68.5,AI Suggestion,,
what colours go with grey,https://aboutwallart.com/blogs/news-articles-home-decor-inspiration/what-colour-goes-with-grey-walls-essential-tips,,PENDING,KEEP,728,5,75%,82.5,AI Suggestion,,
what colours go with grey,https://aboutwallart.com/blogs/news-articles-home-decor-inspiration/how-to-decorate-with-greige-colours-the-blend-of-grey-beige,LOCKED,DONE,TO_OPTIMIZE,21,8.8,75%,55,AI Suggestion,,
what colours go with grey,https://aboutwallart.com/blogs/news-articles-home-decor-inspiration/what-to-do-when-your-home-lacks-natural-light-decorate-with-living-room-wall-hangings,,DONE,LINK,30,8.4,50%,45.6,AI Suggestion,,
what colours go with grey,https://aboutwallart.com/blogs/news-articles-home-decor-inspiration/how-to-add-personality-with-nursery-colours,,DONE,LINK,15,9,50%,40.5,AI Suggestion,,
what colours go with grey,https://aboutwallart.com/blogs/news-articles-home-decor-inspiration/colors-that-go-with-grey-perfect-combinations-for-home-decor,,PENDING,LINK,12,13.1,50%,35.6,AI Suggestion,,
set of 3 wall art,https://aboutwallart.com/blogs/news-articles-home-decor-inspiration/what-is-the-3-5-7-rule-in-decorating,,PENDING,KEEP,1489,2.8,67%,80.5,AI Suggestion,,
set of 3 wall art,https://aboutwallart.com/products/floral-large-wall-prints-for-a-living-room-set-of-3-wall-art-prints,,DONE,LOCKED_TO_OTHER_KEYWORD,64,9.1,100%,80.1,AI Suggestion,,
set of 3 wall art,https://aboutwallart.com/products/3-pictures-above-bed-set-of-3-framed-wall-art,,DONE,LOCKED_TO_OTHER_KEYWORD,48,4.7,100%,79.7,AI Suggestion,,
set of 3 wall art,https://aboutwallart.com/blogs/news-articles-home-decor-inspiration/do-beige-and-grey-go-together-heres-how-to-make-it-work,,PENDING,LINK,1362,4.3,67%,79.1,AI Suggestion,,
set of 3 wall art,https://aboutwallart.com/blogs/news-articles-home-decor-inspiration/what-colour-goes-with-grey-walls-essential-tips,,PENDING,LINK,728,5,67%,78.3,AI Suggestion,,
set of 3 wall art,https://aboutwallart.com/blogs/news-articles-home-decor-inspiration/stylish-behind-toilet-decor-5-ideas-to-transform-your-small-bathroom,,PENDING,LINK,242,5.3,67%,78,AI Suggestion,,
set of 3 wall art,https://aboutwallart.com/blogs/news-articles-home-decor-inspiration/choosing-the-right-art-for-grey-walls,,PENDING,PENDING,213,5.7,67%,77.6,AI Suggestion,,
set of 3 wall art,https://aboutwallart.com/products/large-living-room-pictures-set-of-3-wall-art-prints,,PENDING,PENDING,47,6.6,100%,77.5,AI Suggestion,,
set of 3 wall art,https://aboutwallart.com/blogs/news-articles-home-decor-inspiration/moisture-resistant-restroom-wall-art-what-actually-works,,PENDING,PENDING,538,5.8,67%,77.5,AI Suggestion,,
set of 3 wall art,https://aboutwallart.com/blogs/news-articles-home-decor-inspiration/how-bedroom-wall-art-ideas-can-impact-your-quality-of-rest,,PENDING,PENDING,107,6.1,67%,77.2,AI Suggestion,,
colours that go with grey,https://aboutwallart.com/blogs/news-articles-home-decor-inspiration/what-colour-goes-with-grey-walls-essential-tips,,PENDING,KEEP,728,5,50%,70,AI Suggestion,,
colours that go with grey,https://aboutwallart.com/blogs/news-articles-home-decor-inspiration/decor-for-nursery-wall-that-stimulates-without-overwhelming,,PENDING,LINK,76,7.8,50%,60,AI Suggestion,,
colours that go with grey,https://aboutwallart.com/blogs/news-articles-home-decor-inspiration/how-to-decorate-with-greige-colours-the-blend-of-grey-beige,,PENDING,LINK,21,8.8,75%,55,AI Suggestion,,
colours that go with grey,https://aboutwallart.com/blogs/news-articles-home-decor-inspiration/colors-that-go-with-grey-perfect-combinations-for-home-decor,,PENDING,LINK,12,13.1,75%,48.1,AI Suggestion,,
colours that go with grey,https://aboutwallart.com/blogs/news-articles-home-decor-inspiration/how-to-add-personality-with-nursery-colours,,PENDING,LINK,15,9,50%,40.5,AI Suggestion,,
colours that go with grey,https://aboutwallart.com/blogs/news-articles-home-decor-inspiration/how-to-use-a-nursery-decor-style-that-grows-with-your-child,,PENDING,PENDING,2,10.1,50%,35.6,AI Suggestion,,
does grey and beige go together,https://aboutwallart.com/blogs/news-articles-home-decor-inspiration/do-beige-and-grey-go-together-heres-how-to-make-it-work,,PENDING,KEEP,1362,4.3,80%,85.7,AI Suggestion,,
does grey and beige go together,https://aboutwallart.com/blogs/home-decor-inspiration/do-beige-and-grey-go-together,,PENDING,LINK,1,2.9,80%,57.4,AI Suggestion,,
what colours go with grey walls,https://aboutwallart.com/blogs/news-articles-home-decor-inspiration/what-colour-goes-with-grey-walls-essential-tips,,PENDING,KEEP,728,5,80%,85,AI Suggestion,,
what colours go with grey walls,https://aboutwallart.com/blogs/news-articles-home-decor-inspiration/how-to-decorate-with-greige-colours-the-blend-of-grey-beige,,PENDING,LINK,21,8.8,60%,47.5,AI Suggestion,,
professional office wall art,https://aboutwallart.com/blogs/news-articles-home-decor-inspiration/art-for-offices-inspiring-ideas-for-every-workspace,,PENDING,KEEP,101,7.8,75%,79.7,AI Suggestion,,
professional office wall art,https://aboutwallart.com/blogs/news-articles-home-decor-inspiration/what-is-the-3-5-7-rule-in-decorating,,PENDING,LINK,1489,2.8,50%,72.2,AI Suggestion,,
professional office wall art,https://aboutwallart.com/blogs/news-articles-home-decor-inspiration/do-beige-and-grey-go-together-heres-how-to-make-it-work,,PENDING,LINK,1362,4.3,50%,70.7,AI Suggestion,,
professional office wall art,https://aboutwallart.com/blogs/news-articles-home-decor-inspiration/what-colour-goes-with-grey-walls-essential-tips,,PENDING,LINK,728,5,50%,70,AI Suggestion,,
professional office wall art,https://aboutwallart.com/blogs/news-articles-home-decor-inspiration/stylish-behind-toilet-decor-5-ideas-to-transform-your-small-bathroom,,PENDING,LINK,242,5.3,50%,69.7,AI Suggestion,,
professional office wall art,https://aboutwallart.com/blogs/news-articles-home-decor-inspiration/choosing-the-right-art-for-grey-walls,,PENDING,LINK,213,5.7,50%,69.3,AI Suggestion,,
professional office wall art,https://aboutwallart.com/blogs/news-articles-home-decor-inspiration/moisture-resistant-restroom-wall-art-what-actually-works,,PENDING,PENDING,538,5.8,50%,69.2,AI Suggestion,,
professional office wall art,https://aboutwallart.com/blogs/news-articles-home-decor-inspiration/how-bedroom-wall-art-ideas-can-impact-your-quality-of-rest,,PENDING,LINK,107,6.1,50%,68.9,AI Suggestion,,
professional office wall art,https://aboutwallart.com/blogs/news-articles-home-decor-inspiration/old-money-style-interiors-classic-design-trends,,PENDING,PENDING,299,6.4,50%,68.6,AI Suggestion,,
professional office wall art,https://aboutwallart.com/blogs/news-articles-home-decor-inspiration/wall-art-for-high-ceilings-7-creative-ideas,,PENDING,PENDING,288,6.4,50%,68.6,AI Suggestion,,
studio apartment design ideas,https://aboutwallart.com/blogs/news-articles-home-decor-inspiration/small-studio-apartment-decor-10-genius-tips-and-hacks,LOCKED,DONE,TO_OPTIMIZE,98,7.2,50%,67.2,AI Suggestion,,
studio apartment design ideas,https://aboutwallart.com/blogs/news-articles-home-decor-inspiration/studio-apartment-ideas-small-space-design-solutions-for-2026,,PENDING,LINK,4,4.3,100%,66.9,AI Suggestion,,
studio apartment design ideas,https://aboutwallart.com/blogs/news-articles-home-decor-inspiration/tiny-studio-apartment-ideas-small-space-design-solutions-for-2026,,DONE,LINK,1,6,100%,64.3,AI Suggestion,,
studio apartment design ideas,https://aboutwallart.com/blogs/news-articles-home-decor-inspiration/designing-a-kids-playroom-childrens-playroom-ideas,,DONE,LINK,31,8.2,50%,46.1,AI Suggestion,,
studio apartment design ideas,https://aboutwallart.com/blogs/news-articles-home-decor-inspiration/art-moderne-home-decor-streamlined-1930s-inspired-design-ideas-1,,DONE,LINK,26,8.9,50%,43.8,AI Suggestion,,
studio apartment design ideas,https://aboutwallart.com/blogs/news-articles-home-decor-inspiration/creative-office-wall-design-ideas-to-inspire-productivity,,PENDING,PENDING,18,9.1,50%,41.3,AI Suggestion,,
studio apartment design ideas,https://aboutwallart.com/blogs/news-articles-home-decor-inspiration/designing-a-clutter-free-kids-playroom-childrens-playroom-ideas?_pos=7&_sid=e3c44c775&_ss=r,,DONE,LINK,2,5.8,50%,39.8,AI Suggestion,,
studio apartment design ideas,https://aboutwallart.com/blogs/news-articles-home-decor-inspiration/never-too-small-wall-decoration-office-ideas-for-apartments,,PENDING,PENDING,7,7.3,50%,39.8,AI Suggestion,,
studio apartment design ideas,https://aboutwallart.com/blogs/news-articles-home-decor-inspiration/apartment-interior-renovation-checklist-planning-design-trends-cost-factors,,PENDING,PENDING,3,6.6,50%,39.3,AI Suggestion,,
studio apartment design ideas,https://aboutwallart.com/blogs/news-articles-home-decor-inspiration/interior-design-ideas-for-bedrooms-creating-your-sanctuary,,PENDING,PENDING,5,7.9,50%,38.6,AI Suggestion,,
picture for living room,https://aboutwallart.com/collections/framed-wall-pictures-for-living-room,,PENDING,KEEP,198,7.8,100%,92.2,AI Suggestion,,
picture for living room,https://aboutwallart.com/blogs/news-articles-home-decor-inspiration/stylish-behind-toilet-decor-5-ideas-to-transform-your-small-bathroom,,PENDING,LINK,242,5.3,50%,69.7,AI Suggestion,,
picture for living room,https://aboutwallart.com/blogs/news-articles-home-decor-inspiration/wall-art-pictures-for-living-room-grounded-neutral-colours,,PENDING,LINK,17,7.5,100%,67.6,AI Suggestion,,
picture for living room,https://aboutwallart.com/products/floral-large-wall-prints-for-a-living-room-set-of-3-wall-art-prints,,PENDING,LINK,64,9.1,75%,67.6,AI Suggestion,,
picture for living room,https://aboutwallart.com/blogs/news-articles-home-decor-inspiration/how-i-used-canvas-pictures-for-living-rooms,LOCKED,DONE,TO_OPTIMIZE,20,9,100%,67,AI Suggestion,,
picture for living room,https://aboutwallart.com/blogs/news-articles-home-decor-inspiration/bathroom-art-ideas-to-transform-your-bathroom-into-an-oasis,,PENDING,PENDING,225,8.4,50%,66.6,AI Suggestion,,
picture for living room,https://aboutwallart.com/products/wall-picture-for-living-room-set-of-3-japanese-art-prints?variant=55161206079868,,DONE,LINK,6,5.7,100%,66.1,AI Suggestion,,
picture for living room,https://aboutwallart.com/products/big-pictures-for-living-room-set-of-2-wall-art,,DONE,LINK,7,6.4,100%,65.7,AI Suggestion,,
picture for living room,https://aboutwallart.com/products/wall-picture-for-living-room-set-of-3-japanese-art-prints?variant=55161205260668,,DONE,LINK,1,5.2,100%,65.1,AI Suggestion,,
picture for living room,https://aboutwallart.com/products/large-living-room-pictures-set-of-3-wall-art-prints,,PENDING,PENDING,47,6.6,75%,65,AI Suggestion,,
does beige go with grey,https://aboutwallart.com/blogs/news-articles-home-decor-inspiration/do-beige-and-grey-go-together-heres-how-to-make-it-work,,PENDING,KEEP,1362,4.3,50%,70.7,AI Suggestion,,
does beige go with grey,https://aboutwallart.com/blogs/news-articles-home-decor-inspiration/what-colour-goes-with-grey-walls-essential-tips,,PENDING,LINK,728,5,50%,70,AI Suggestion,,
does beige go with grey,https://aboutwallart.com/blogs/news-articles-home-decor-inspiration/how-to-decorate-with-greige-colours-the-blend-of-grey-beige,,PENDING,LINK,21,8.8,75%,55,AI Suggestion,,
does beige go with grey,https://aboutwallart.com/blogs/home-decor-inspiration/do-beige-and-grey-go-together,,PENDING,LINK,1,2.9,50%,42.4,AI Suggestion,,
does beige go with grey,https://aboutwallart.com/blogs/news-articles-home-decor-inspiration/colors-that-go-with-grey-perfect-combinations-for-home-decor,,PENDING,LINK,12,13.1,50%,35.6,AI Suggestion,,
bathroom artwork ideas,https://aboutwallart.com/blogs/news-articles-home-decor-inspiration/stylish-behind-toilet-decor-5-ideas-to-transform-your-small-bathroom,,PENDING,KEEP,242,5.3,67%,78,AI Suggestion,,
bathroom artwork ideas,https://aboutwallart.com/blogs/news-articles-home-decor-inspiration/decorating-above-toilet-stylish-ideas-to-elevate-your-bathroom,,PENDING,LINK,139,6.5,67%,76.8,AI Suggestion,,
bathroom artwork ideas,https://aboutwallart.com/blogs/news-articles-home-decor-inspiration/bathroom-art-ideas-to-transform-your-bathroom-into-an-oasis,,PENDING,LINK,225,8.4,67%,74.9,AI Suggestion,,
bathroom artwork ideas,https://aboutwallart.com/blogs/news-articles-home-decor-inspiration/bathroom-wall-decor-ideas-for-spa-like-spaces,,PENDING,LINK,26,8.1,67%,53.1,AI Suggestion,,
bathroom artwork ideas,https://aboutwallart.com/products/bathroom-artwork-prints-set-of-3-framed-wall-art-prints?pr_prod_strat=pinned&pr_rec_id=2502a320f&pr_rec_pid=8167972241694&pr_ref_pid=8167972897054&pr_seq=uniform,,DONE,LINK,2,1,67%,52.9,AI Suggestion,,
bathroom artwork ideas,https://aboutwallart.com/products/modern-bathroom-wall-decor-ideas-set-of-3-wall-art-prints?pr_prod_strat=e5_desc&pr_rec_id=0793c8f3f&pr_rec_pid=8517977899294&pr_ref_pid=8807650459934&pr_seq=uniform,,DONE,LINK,1,1.2,67%,52.4,AI Suggestion,,
bathroom artwork ideas,https://aboutwallart.com/products/modern-bathroom-wall-decor-ideas-set-of-3-wall-art-prints,,DONE,LINK,13,6.1,67%,51.2,AI Suggestion,,
bathroom artwork ideas,https://aboutwallart.com/blogs/news-articles-home-decor-inspiration/stylish-powder-room-bathroom-decorating-ideas-to-elevate-your-space,LOCKED,DONE,TO_OPTIMIZE,19,8.3,67%,50.8,AI Suggestion,,
bathroom artwork ideas,https://aboutwallart.com/products/bathroom-artwork-prints-set-of-3-framed-wall-art-prints,,DONE,LINK,5,6,67%,48.8,AI Suggestion,,
bathroom artwork ideas,https://aboutwallart.com/blogs/news-articles-home-decor-inspiration/toilet-decor-ideas-to-instantly-upgrade-a-small-bathroom,,PENDING,PENDING,9,8.1,67%,47.9,AI Suggestion,,
fireplace art,https://aboutwallart.com/collections/above-fireplaces,,PENDING,KEEP,164,7.3,100%,92.7,AI Suggestion,,
fireplace art,https://aboutwallart.com/blogs/news-articles-home-decor-inspiration/what-is-the-3-5-7-rule-in-decorating,,PENDING,LINK,1489,2.8,50%,72.2,AI Suggestion,,
fireplace art,https://aboutwallart.com/blogs/news-articles-home-decor-inspiration/do-beige-and-grey-go-together-heres-how-to-make-it-work,,PENDING,LINK,1362,4.3,50%,70.7,AI Suggestion,,
fireplace art,https://aboutwallart.com/blogs/news-articles-home-decor-inspiration/what-colour-goes-with-grey-walls-essential-tips,,PENDING,LINK,728,5,50%,70,AI Suggestion,,
fireplace art,https://aboutwallart.com/blogs/news-articles-home-decor-inspiration/stylish-behind-toilet-decor-5-ideas-to-transform-your-small-bathroom,,PENDING,LINK,242,5.3,50%,69.7,AI Suggestion,,
fireplace art,https://aboutwallart.com/blogs/news-articles-home-decor-inspiration/choosing-the-right-art-for-grey-walls,,PENDING,LINK,213,5.7,50%,69.3,AI Suggestion,,
fireplace art,https://aboutwallart.com/blogs/news-articles-home-decor-inspiration/moisture-resistant-restroom-wall-art-what-actually-works,,PENDING,PENDING,538,5.8,50%,69.2,AI Suggestion,,
fireplace art,https://aboutwallart.com/blogs/news-articles-home-decor-inspiration/how-bedroom-wall-art-ideas-can-impact-your-quality-of-rest,,PENDING,PENDING,107,6.1,50%,68.9,AI Suggestion,,
fireplace art,https://aboutwallart.com/blogs/news-articles-home-decor-inspiration/old-money-style-interiors-classic-design-trends,,PENDING,PENDING,299,6.4,50%,68.6,AI Suggestion,,
fireplace art,https://aboutwallart.com/blogs/news-articles-home-decor-inspiration/wall-art-for-high-ceilings-7-creative-ideas,,PENDING,PENDING,288,6.4,50%,68.6,AI Suggestion,,
art for above fireplace,https://aboutwallart.com/collections/above-fireplaces,,DONE,LOCKED_TO_OTHER_KEYWORD,164,7.3,75%,80.2,AI Suggestion,,
art for above fireplace,https://aboutwallart.com/blogs/news-articles-home-decor-inspiration/stylish-behind-toilet-decor-5-ideas-to-transform-your-small-bathroom,,DONE,LOCKED_TO_OTHER_KEYWORD,242,5.3,50%,69.7,AI Suggestion,,
art for above fireplace,https://aboutwallart.com/blogs/news-articles-home-decor-inspiration/choosing-the-right-art-for-grey-walls,,DONE,LOCKED_TO_OTHER_KEYWORD,213,5.7,50%,69.3,AI Suggestion,,
art for above fireplace,https://aboutwallart.com/blogs/news-articles-home-decor-inspiration/wall-art-for-high-ceilings-7-creative-ideas,,DONE,REPURPOSE,288,6.4,50%,68.6,AI Suggestion,,
art for above fireplace,https://aboutwallart.com/blogs/news-articles-home-decor-inspiration/the-case-for-empty-spaces-when-less-truly-is-more,,DONE,LOCKED_TO_OTHER_KEYWORD,102,6.5,50%,68.5,AI Suggestion,,
art for above fireplace,https://aboutwallart.com/blogs/news-articles-home-decor-inspiration/decorating-above-toilet-stylish-ideas-to-elevate-your-bathroom,,DONE,LOCKED_TO_OTHER_KEYWORD,139,6.5,50%,68.5,AI Suggestion,,
art for above fireplace,https://aboutwallart.com/blogs/news-articles-home-decor-inspiration/art-for-offices-inspiring-ideas-for-every-workspace,,DONE,LOCKED_TO_OTHER_KEYWORD,101,7.8,50%,67.2,AI Suggestion,,
art for above fireplace,https://aboutwallart.com/collections/framed-wall-pictures-for-living-room,,DONE,LOCKED_TO_OTHER_KEYWORD,198,7.8,50%,67.2,AI Suggestion,,
art for above fireplace,https://aboutwallart.com/blogs/news-articles-home-decor-inspiration/bathroom-art-ideas-to-transform-your-bathroom-into-an-oasis,,DONE,LOCKED_TO_OTHER_KEYWORD,225,8.4,50%,66.6,AI Suggestion,,
art for above fireplace,https://aboutwallart.com/blogs/news-articles-home-decor-inspiration/determining-what-frame-size-do-i-need-for-my-space,,DONE,REPURPOSE,200,9.1,50%,65.9,AI Suggestion,,
framed botanical prints set of 3,https://aboutwallart.com/products/botanical-bathroom-art-framed-set-of-3-wall-prints,LOCKED,DONE,TO_OPTIMIZE,18,9.1,100%,66.3,AI Suggestion,,
framed botanical prints set of 3,https://aboutwallart.com/products/bedroom-framed-prints-set-of-3-wall-art-prints,,PENDING,LINK,45,6.5,75%,64.5,AI Suggestion,,
framed botanical prints set of 3,https://aboutwallart.com/products/bathroom-pictures-framed-set-of-3-botanical-wall-art-prints,,DONE,LINK,2,6.3,100%,64.3,AI Suggestion,,
framed botanical prints set of 3,https://aboutwallart.com/products/bathroom-pictures-framed-set-of-3-botanical-gold-wall-art-prints?variant=49280531104030&currency=GBP,,DONE,LINK,1,7.4,100%,62.9,AI Suggestion,,
framed botanical prints set of 3,https://aboutwallart.com/products/bathroom-pictures-framed-set-of-3-botanical-gold-wall-art-prints?variant=55160616321404&country=GB&currency=GBP,,DONE,LINK,1,8.7,100%,61.6,AI Suggestion,,
framed botanical prints set of 3,https://aboutwallart.com/products/bathroom-pictures-framed-set-of-3-botanical-wall-art-prints?variant=55160615862652,,DONE,LINK,1,9.7,100%,60.6,AI Suggestion,,
framed botanical prints set of 3,https://aboutwallart.com/products/wall-art-neutral-set-of-3-framed-wall-art-prints,,PENDING,PENDING,29,7.6,75%,58.6,AI Suggestion,,
framed botanical prints set of 3,https://aboutwallart.com/products/botanical-prints-set-of-3-wall-art-prints?pr_prod_strat=pinned&pr_rec_id=44cd18ee2&pr_rec_pid=8167978565918&pr_ref_pid=8167978205470&pr_seq=uniform,,PENDING,PENDING,3,1,75%,57.4,AI Suggestion,,
framed botanical prints set of 3,https://aboutwallart.com/products/bathroom-artwork-prints-set-of-3-framed-wall-art-prints?pr_prod_strat=pinned&pr_rec_id=2502a320f&pr_rec_pid=8167972241694&pr_ref_pid=8167972897054&pr_seq=uniform,,PENDING,PENDING,2,1,75%,57.1,AI Suggestion,,
framed botanical prints set of 3,https://aboutwallart.com/products/office-wall-decorations-set-of-3-framed-wall-art-prints?pr_prod_strat=use_description&pr_rec_id=3499e27c1&pr_rec_pid=8167998587166&pr_ref_pid=8167999963422&pr_seq=uniform,,PENDING,PENDING,2,1.3,75%,56.9,AI Suggestion,,
wall art trends 2026,https://aboutwallart.com/blogs/news-articles-home-decor-inspiration/my-guide-to-the-top-interior-decorating-trends-2026,,PENDING,KEEP,101,7.7,100%,92.3,AI Suggestion,,
wall art trends 2026,https://aboutwallart.com/blogs/news-articles-home-decor-inspiration/old-money-style-interiors-classic-design-trends,,PENDING,LINK,299,6.4,75%,81.1,AI Suggestion,,
wall art trends 2026,https://aboutwallart.com/blogs/news-articles-home-decor-inspiration/what-is-the-3-5-7-rule-in-decorating,,PENDING,LINK,1489,2.8,50%,72.2,AI Suggestion,,
wall art trends 2026,https://aboutwallart.com/blogs/news-articles-home-decor-inspiration/do-beige-and-grey-go-together-heres-how-to-make-it-work,,PENDING,LINK,1362,4.3,50%,70.7,AI Suggestion,,
wall art trends 2026,https://aboutwallart.com/blogs/news-articles-home-decor-inspiration/what-colour-goes-with-grey-walls-essential-tips,,PENDING,LINK,728,5,50%,70,AI Suggestion,,
wall art trends 2026,https://aboutwallart.com/blogs/news-articles-home-decor-inspiration/stylish-behind-toilet-decor-5-ideas-to-transform-your-small-bathroom,,PENDING,LINK,242,5.3,50%,69.7,AI Suggestion,,
wall art trends 2026,https://aboutwallart.com/blogs/news-articles-home-decor-inspiration/choosing-the-right-art-for-grey-walls,,PENDING,LINK,213,5.7,50%,69.3,AI Suggestion,,
wall art trends 2026,https://aboutwallart.com/blogs/news-articles-home-decor-inspiration/moisture-resistant-restroom-wall-art-what-actually-works,,PENDING,PENDING,538,5.8,50%,69.2,AI Suggestion,,
wall art trends 2026,https://aboutwallart.com/blogs/news-articles-home-decor-inspiration/how-bedroom-wall-art-ideas-can-impact-your-quality-of-rest,,PENDING,PENDING,107,6.1,50%,68.9,AI Suggestion,,
wall art trends 2026,https://aboutwallart.com/blogs/news-articles-home-decor-inspiration/kitchen-wall-art-expert-interior-design-tips-trends-2026,,PENDING,PENDING,15,5.9,100%,68.6,AI Suggestion,,
waterproof bathroom art,https://aboutwallart.com/blogs/news-articles-home-decor-inspiration/stylish-behind-toilet-decor-5-ideas-to-transform-your-small-bathroom,,PENDING,KEEP,242,5.3,67%,78,AI Suggestion,,
waterproof bathroom art,https://aboutwallart.com/blogs/news-articles-home-decor-inspiration/decorating-above-toilet-stylish-ideas-to-elevate-your-bathroom,,PENDING,LINK,139,6.5,67%,76.8,AI Suggestion,,
waterproof bathroom art,https://aboutwallart.com/blogs/news-articles-home-decor-inspiration/bathroom-art-ideas-to-transform-your-bathroom-into-an-oasis,,PENDING,LINK,225,8.4,67%,74.9,AI Suggestion,,
waterproof bathroom art,https://aboutwallart.com/blogs/news-articles-home-decor-inspiration/bathroom-wall-decor-ideas-for-spa-like-spaces,,PENDING,LINK,26,8.1,67%,53.1,AI Suggestion,,
waterproof bathroom art,https://aboutwallart.com/products/bathroom-artwork-prints-set-of-3-framed-wall-art-prints?pr_prod_strat=pinned&pr_rec_id=2502a320f&pr_rec_pid=8167972241694&pr_ref_pid=8167972897054&pr_seq=uniform,,DONE,LINK,2,1,67%,52.9,AI Suggestion,,
waterproof bathroom art,https://aboutwallart.com/products/framed-art-for-bathroom-set-of-3-green-botanical-wall-art?variant=47153193156894,LOCKED,DONE,TO_OPTIMIZE,1,1.1,67%,52.5,AI Suggestion,,
waterproof bathroom art,https://aboutwallart.com/products/art-prints-for-the-bathroom-set-of-3-wall-art-prints?pr_prod_strat=e5_desc&pr_rec_id=2d9082061&pr_rec_pid=8167974273310&pr_ref_pid=8167974076702&pr_seq=uniform,,DONE,LINK,1,1.2,67%,52.4,AI Suggestion,,
waterproof bathroom art,https://aboutwallart.com/products/modern-bathroom-wall-decor-ideas-set-of-3-wall-art-prints?pr_prod_strat=e5_desc&pr_rec_id=0793c8f3f&pr_rec_pid=8517977899294&pr_ref_pid=8807650459934&pr_seq=uniform,,DONE,LINK,1,1.2,67%,52.4,AI Suggestion,,
waterproof bathroom art,https://aboutwallart.com/products/art-for-a-bathrooms-set-of-3-framed-wall-art?pr_prod_strat=e5_desc&pr_rec_id=2d9082061&pr_rec_pid=8566718071070&pr_ref_pid=8167974076702&pr_seq=uniform,,DONE,LINK,1,1.3,67%,52.3,AI Suggestion,,
waterproof bathroom art,https://aboutwallart.com/products/art-prints-for-the-bathroom-set-of-3-wall-art-prints?pr_prod_strat=pinned&pr_rec_id=7cfe23379&pr_rec_pid=8167974273310&pr_ref_pid=9013683388702&pr_seq=uniform,,PENDING,PENDING,2,1.8,67%,52.1,AI Suggestion,,
bedroom wall art,https://aboutwallart.com/blogs/news-articles-home-decor-inspiration/how-bedroom-wall-art-ideas-can-impact-your-quality-of-rest,,PENDING,KEEP,107,6.1,100%,93.9,AI Suggestion,,
bedroom wall art,https://aboutwallart.com/blogs/news-articles-home-decor-inspiration/what-is-the-3-5-7-rule-in-decorating,,PENDING,LINK,1489,2.8,67%,80.5,AI Suggestion,,
bedroom wall art,https://aboutwallart.com/blogs/news-articles-home-decor-inspiration/coastal-decor-bedroom-ideas-how-to-style-it,,DONE,LOCKED_TO_OTHER_KEYWORD,57,7.9,100%,79.2,AI Suggestion,,
bedroom wall art,https://aboutwallart.com/blogs/news-articles-home-decor-inspiration/do-beige-and-grey-go-together-heres-how-to-make-it-work,,PENDING,LINK,1362,4.3,67%,79.1,AI Suggestion,,
bedroom wall art,https://aboutwallart.com/blogs/news-articles-home-decor-inspiration/what-colour-goes-with-grey-walls-essential-tips,,PENDING,LINK,728,5,67%,78.3,AI Suggestion,,
bedroom wall art,https://aboutwallart.com/blogs/news-articles-home-decor-inspiration/stylish-behind-toilet-decor-5-ideas-to-transform-your-small-bathroom,,PENDING,LINK,242,5.3,67%,78,AI Suggestion,,
bedroom wall art,https://aboutwallart.com/blogs/news-articles-home-decor-inspiration/choosing-the-right-art-for-grey-walls,,PENDING,PENDING,213,5.7,67%,77.6,AI Suggestion,,
bedroom wall art,https://aboutwallart.com/blogs/news-articles-home-decor-inspiration/moisture-resistant-restroom-wall-art-what-actually-works,,PENDING,PENDING,538,5.8,67%,77.5,AI Suggestion,,
bedroom wall art,https://aboutwallart.com/products/bedroom-framed-prints-set-of-3-wall-art-prints,,PENDING,PENDING,45,6.5,100%,77,AI Suggestion,,
bedroom wall art,https://aboutwallart.com/blogs/news-articles-home-decor-inspiration/old-money-style-interiors-classic-design-trends,,PENDING,PENDING,299,6.4,67%,77,AI Suggestion,,
unique wall art for living room,https://aboutwallart.com/collections/framed-wall-pictures-for-living-room,,PENDING,KEEP,198,7.8,83%,83.8,AI Suggestion,,
unique wall art for living room,https://aboutwallart.com/blogs/news-articles-home-decor-inspiration/stylish-behind-toilet-decor-5-ideas-to-transform-your-small-bathroom,,PENDING,LINK,242,5.3,67%,78,AI Suggestion,,
unique wall art for living room,https://aboutwallart.com/blogs/news-articles-home-decor-inspiration/bathroom-art-ideas-to-transform-your-bathroom-into-an-oasis,,PENDING,LINK,225,8.4,67%,74.9,AI Suggestion,,
unique wall art for living room,https://aboutwallart.com/products/floral-large-wall-prints-for-a-living-room-set-of-3-wall-art-prints,,DONE,LOCKED_TO_OTHER_KEYWORD,64,9.1,83%,71.8,AI Suggestion,,
unique wall art for living room,https://aboutwallart.com/blogs/news-articles-home-decor-inspiration/choosing-the-right-art-for-grey-walls,,PENDING,LINK,213,5.7,50%,69.3,AI Suggestion,,
unique wall art for living room,https://aboutwallart.com/blogs/news-articles-home-decor-inspiration/moisture-resistant-restroom-wall-art-what-actually-works,,PENDING,PENDING,538,5.8,50%,69.2,AI Suggestion,,
unique wall art for living room,https://aboutwallart.com/blogs/news-articles-home-decor-inspiration/how-bedroom-wall-art-ideas-can-impact-your-quality-of-rest,,PENDING,PENDING,107,6.1,50%,68.9,AI Suggestion,,
unique wall art for living room,https://aboutwallart.com/blogs/news-articles-home-decor-inspiration/wall-art-for-high-ceilings-7-creative-ideas,,PENDING,PENDING,288,6.4,50%,68.6,AI Suggestion,,
unique wall art for living room,https://aboutwallart.com/blogs/news-articles-home-decor-inspiration/the-case-for-empty-spaces-when-less-truly-is-more,,PENDING,PENDING,102,6.5,50%,68.5,AI Suggestion,,
unique wall art for living room,https://aboutwallart.com/blogs/news-articles-home-decor-inspiration/decorating-above-toilet-stylish-ideas-to-elevate-your-bathroom,,PENDING,PENDING,139,6.5,50%,68.5,AI Suggestion,,
bathroom wall decor,https://aboutwallart.com/blogs/news-articles-home-decor-inspiration/stylish-behind-toilet-decor-5-ideas-to-transform-your-small-bathroom,,PENDING,KEEP,242,5.3,100%,94.7,AI Suggestion,,
bathroom wall decor,https://aboutwallart.com/blogs/news-articles-home-decor-inspiration/decorating-above-toilet-stylish-ideas-to-elevate-your-bathroom,,DONE,LOCKED_TO_OTHER_KEYWORD,139,6.5,100%,93.5,AI Suggestion,,
bathroom wall decor,https://aboutwallart.com/blogs/news-articles-home-decor-inspiration/bathroom-art-ideas-to-transform-your-bathroom-into-an-oasis,,DONE,LOCKED_TO_OTHER_KEYWORD,225,8.4,100%,91.6,AI Suggestion,,
bathroom wall decor,https://aboutwallart.com/blogs/news-articles-home-decor-inspiration/what-is-the-3-5-7-rule-in-decorating,,PENDING,LINK,1489,2.8,67%,80.5,AI Suggestion,,
bathroom wall decor,https://aboutwallart.com/blogs/news-articles-home-decor-inspiration/do-beige-and-grey-go-together-heres-how-to-make-it-work,,PENDING,LINK,1362,4.3,67%,79.1,AI Suggestion,,
bathroom wall decor,https://aboutwallart.com/blogs/news-articles-home-decor-inspiration/what-colour-goes-with-grey-walls-essential-tips,,PENDING,LINK,728,5,67%,78.3,AI Suggestion,,
bathroom wall decor,https://aboutwallart.com/blogs/news-articles-home-decor-inspiration/choosing-the-right-art-for-grey-walls,,PENDING,PENDING,213,5.7,67%,77.6,AI Suggestion,,
bathroom wall decor,https://aboutwallart.com/blogs/news-articles-home-decor-inspiration/moisture-resistant-restroom-wall-art-what-actually-works,,PENDING,PENDING,538,5.8,67%,77.5,AI Suggestion,,
bathroom wall decor,https://aboutwallart.com/blogs/news-articles-home-decor-inspiration/how-bedroom-wall-art-ideas-can-impact-your-quality-of-rest,,PENDING,PENDING,107,6.1,67%,77.2,AI Suggestion,,
bathroom wall decor,https://aboutwallart.com/blogs/news-articles-home-decor-inspiration/old-money-style-interiors-classic-design-trends,,PENDING,PENDING,299,6.4,67%,77,AI Suggestion,,
teal wall art,https://aboutwallart.com/blogs/news-articles-home-decor-inspiration/what-is-the-3-5-7-rule-in-decorating,,PENDING,KEEP,1489,2.8,67%,80.5,AI Suggestion,,
teal wall art,https://aboutwallart.com/blogs/news-articles-home-decor-inspiration/do-beige-and-grey-go-together-heres-how-to-make-it-work,,PENDING,LINK,1362,4.3,67%,79.1,AI Suggestion,,
teal wall art,https://aboutwallart.com/blogs/news-articles-home-decor-inspiration/what-colour-goes-with-grey-walls-essential-tips,,PENDING,LINK,728,5,67%,78.3,AI Suggestion,,
teal wall art,https://aboutwallart.com/blogs/news-articles-home-decor-inspiration/stylish-behind-toilet-decor-5-ideas-to-transform-your-small-bathroom,,PENDING,LINK,242,5.3,67%,78,AI Suggestion,,
teal wall art,https://aboutwallart.com/blogs/news-articles-home-decor-inspiration/choosing-the-right-art-for-grey-walls,,PENDING,LINK,213,5.7,67%,77.6,AI Suggestion,,
teal wall art,https://aboutwallart.com/blogs/news-articles-home-decor-inspiration/moisture-resistant-restroom-wall-art-what-actually-works,,PENDING,PENDING,538,5.8,67%,77.5,AI Suggestion,,
teal wall art,https://aboutwallart.com/blogs/news-articles-home-decor-inspiration/how-bedroom-wall-art-ideas-can-impact-your-quality-of-rest,,PENDING,LINK,107,6.1,67%,77.2,AI Suggestion,,
teal wall art,https://aboutwallart.com/blogs/news-articles-home-decor-inspiration/old-money-style-interiors-classic-design-trends,,PENDING,PENDING,299,6.4,67%,77,AI Suggestion,,
teal wall art,https://aboutwallart.com/blogs/news-articles-home-decor-inspiration/wall-art-for-high-ceilings-7-creative-ideas,,PENDING,PENDING,288,6.4,67%,76.9,AI Suggestion,,
teal wall art,https://aboutwallart.com/blogs/news-articles-home-decor-inspiration/cherry-blossom-art-japan-understanding-the-deep-symbolism,,PENDING,PENDING,114,6.4,67%,76.9,AI Suggestion,,
pictures for living room wall,https://aboutwallart.com/collections/framed-wall-pictures-for-living-room,,PENDING,KEEP,198,7.8,100%,92.2,AI Suggestion,,
pictures for living room wall,https://aboutwallart.com/blogs/news-articles-home-decor-inspiration/stylish-behind-toilet-decor-5-ideas-to-transform-your-small-bathroom,,PENDING,LINK,242,5.3,60%,74.7,AI Suggestion,,
pictures for living room wall,https://aboutwallart.com/blogs/news-articles-home-decor-inspiration/bathroom-art-ideas-to-transform-your-bathroom-into-an-oasis,,PENDING,LINK,225,8.4,60%,71.6,AI Suggestion,,
pictures for living room wall,https://aboutwallart.com/products/floral-large-wall-prints-for-a-living-room-set-of-3-wall-art-prints,,DONE,LOCKED_TO_OTHER_KEYWORD,64,9.1,80%,70.1,AI Suggestion,,
pictures for living room wall,https://aboutwallart.com/blogs/news-articles-home-decor-inspiration/wall-art-pictures-for-living-room-grounded-neutral-colours,,PENDING,LINK,17,7.5,100%,67.6,AI Suggestion,,
pictures for living room wall,https://aboutwallart.com/products/large-living-room-pictures-set-of-3-wall-art-prints,,PENDING,PENDING,47,6.6,80%,67.5,AI Suggestion,,
pictures for living room wall,https://aboutwallart.com/blogs/news-articles-home-decor-inspiration/how-i-used-canvas-pictures-for-living-rooms,,PENDING,PENDING,20,9,100%,67,AI Suggestion,,
pictures for living room wall,https://aboutwallart.com/products/big-pictures-for-living-room-set-of-2-wall-art,LOCKED,DONE,TO_OPTIMIZE,7,6.4,100%,65.7,AI Suggestion,,
pictures for living room wall,https://aboutwallart.com/products/london-wall-pictures-for-living-room-ideas-set-of-3-wall-art-prints,,DONE,LINK,8,7.6,100%,64.8,AI Suggestion,,
pictures for living room wall,https://aboutwallart.com/blogs/news-articles-home-decor-inspiration/canvas-paintings-for-living-room,,DONE,REPURPOSE,43,9.4,80%,63.5,AI Suggestion,,
bedroom wall art ideas,https://aboutwallart.com/blogs/news-articles-home-decor-inspiration/how-bedroom-wall-art-ideas-can-impact-your-quality-of-rest,,PENDING,KEEP,107,6.1,100%,93.9,AI Suggestion,,
bedroom wall art ideas,https://aboutwallart.com/blogs/news-articles-home-decor-inspiration/stylish-behind-toilet-decor-5-ideas-to-transform-your-small-bathroom,,PENDING,LINK,242,5.3,75%,82.2,AI Suggestion,,
bedroom wall art ideas,https://aboutwallart.com/blogs/news-articles-home-decor-inspiration/wall-art-for-high-ceilings-7-creative-ideas,,DONE,LINK,288,6.4,75%,81.1,AI Suggestion,,
bedroom wall art ideas,https://aboutwallart.com/blogs/news-articles-home-decor-inspiration/decorating-above-toilet-stylish-ideas-to-elevate-your-bathroom,,PENDING,LINK,139,6.5,75%,81,AI Suggestion,,
bedroom wall art ideas,https://aboutwallart.com/blogs/news-articles-home-decor-inspiration/masculine-home-decor-stylish-ideas-to-elevate-any-modern-space,,PENDING,LINK,145,7.2,75%,80.3,AI Suggestion,,
bedroom wall art ideas,https://aboutwallart.com/blogs/news-articles-home-decor-inspiration/art-for-offices-inspiring-ideas-for-every-workspace,,PENDING,PENDING,101,7.8,75%,79.7,AI Suggestion,,
bedroom wall art ideas,https://aboutwallart.com/blogs/news-articles-home-decor-inspiration/coastal-decor-bedroom-ideas-how-to-style-it,LOCKED,DONE,TO_OPTIMIZE,57,7.9,100%,79.2,AI Suggestion,,
bedroom wall art ideas,https://aboutwallart.com/blogs/news-articles-home-decor-inspiration/bathroom-art-ideas-to-transform-your-bathroom-into-an-oasis,,PENDING,PENDING,225,8.4,75%,79.1,AI Suggestion,,
bedroom wall art ideas,https://aboutwallart.com/blogs/news-articles-home-decor-inspiration/what-is-the-3-5-7-rule-in-decorating,,PENDING,PENDING,1489,2.8,50%,72.2,AI Suggestion,,
bedroom wall art ideas,https://aboutwallart.com/blogs/news-articles-home-decor-inspiration/top-8-hallway-art-ideas-to-transform-your-space,,DONE,LINK,75,8.7,75%,71.3,AI Suggestion,,
cherry blossom wall art,https://aboutwallart.com/blogs/news-articles-home-decor-inspiration/cherry-blossom-art-japan-understanding-the-deep-symbolism,,PENDING,KEEP,114,6.4,100%,93.6,AI Suggestion,,
cherry blossom wall art,https://aboutwallart.com/blogs/news-articles-home-decor-inspiration/what-is-the-3-5-7-rule-in-decorating,,PENDING,LINK,1489,2.8,50%,72.2,AI Suggestion,,
cherry blossom wall art,https://aboutwallart.com/blogs/news-articles-home-decor-inspiration/do-beige-and-grey-go-together-heres-how-to-make-it-work,,PENDING,LINK,1362,4.3,50%,70.7,AI Suggestion,,
cherry blossom wall art,https://aboutwallart.com/blogs/news-articles-home-decor-inspiration/what-colour-goes-with-grey-walls-essential-tips,,PENDING,LINK,728,5,50%,70,AI Suggestion,,
cherry blossom wall art,https://aboutwallart.com/products/cherry-blossoms-wall-art-for-home-office-set-of-2?pr_prod_strat=pinned&pr_rec_id=3f3d85dbc&pr_rec_pid=8167992262942&pr_ref_pid=8167992099102&pr_seq=uniform,,PENDING,LINK,3,1,100%,69.9,AI Suggestion,,
cherry blossom wall art,https://aboutwallart.com/blogs/news-articles-home-decor-inspiration/stylish-behind-toilet-decor-5-ideas-to-transform-your-small-bathroom,,PENDING,LINK,242,5.3,50%,69.7,AI Suggestion,,
cherry blossom wall art,https://aboutwallart.com/blogs/news-articles-home-decor-inspiration/choosing-the-right-art-for-grey-walls,,PENDING,LINK,213,5.7,50%,69.3,AI Suggestion,,
cherry blossom wall art,https://aboutwallart.com/blogs/news-articles-home-decor-inspiration/moisture-resistant-restroom-wall-art-what-actually-works,,PENDING,PENDING,538,5.8,50%,69.2,AI Suggestion,,
cherry blossom wall art,https://aboutwallart.com/blogs/news-articles-home-decor-inspiration/how-bedroom-wall-art-ideas-can-impact-your-quality-of-rest,,PENDING,PENDING,107,6.1,50%,68.9,AI Suggestion,,
cherry blossom wall art,https://aboutwallart.com/blogs/news-articles-home-decor-inspiration/old-money-style-interiors-classic-design-trends,,PENDING,PENDING,299,6.4,50%,68.6,AI Suggestion,,
3 5 7 rule,https://aboutwallart.com/blogs/news-articles-home-decor-inspiration/what-is-the-3-5-7-rule-in-decorating,,PENDING,KEEP,1489,2.8,100%,97.2,AI Suggestion,,
3 5 7 rule,https://aboutwallart.com/blogs/news-articles-home-decor-inspiration/design-principles-in-art-simple-rules-for-better-wall-displays,,PENDING,LINK,3,5.1,100%,65.8,AI Suggestion,,
old money interior,https://aboutwallart.com/blogs/news-articles-home-decor-inspiration/old-money-style-interiors-classic-design-trends,,PENDING,KEEP,299,6.4,100%,93.6,AI Suggestion,,
old money interior,https://aboutwallart.com/pages/old-money-home-decor,,PENDING,LINK,26,7.6,67%,53.5,AI Suggestion,,
modern islamic wall art,https://aboutwallart.com/blogs/news-articles-home-decor-inspiration/masculine-home-decor-stylish-ideas-to-elevate-any-modern-space,,PENDING,KEEP,145,7.2,75%,80.3,AI Suggestion,,
modern islamic wall art,https://aboutwallart.com/collections/wall-islamic-art,,PENDING,LINK,102,11.4,75%,76.1,AI Suggestion,,
modern islamic wall art,https://aboutwallart.com/blogs/news-articles-home-decor-inspiration/what-is-the-3-5-7-rule-in-decorating,,PENDING,LINK,1489,2.8,50%,72.2,AI Suggestion,,
modern islamic wall art,https://aboutwallart.com/blogs/news-articles-home-decor-inspiration/do-beige-and-grey-go-together-heres-how-to-make-it-work,,PENDING,LINK,1362,4.3,50%,70.7,AI Suggestion,,
modern islamic wall art,https://aboutwallart.com/blogs/news-articles-home-decor-inspiration/what-colour-goes-with-grey-walls-essential-tips,,PENDING,LINK,728,5,50%,70,AI Suggestion,,
modern islamic wall art,https://aboutwallart.com/blogs/news-articles-home-decor-inspiration/stylish-behind-toilet-decor-5-ideas-to-transform-your-small-bathroom,,PENDING,LINK,242,5.3,50%,69.7,AI Suggestion,,
modern islamic wall art,https://aboutwallart.com/blogs/news-articles-home-decor-inspiration/choosing-the-right-art-for-grey-walls,,PENDING,PENDING,213,5.7,50%,69.3,AI Suggestion,,
modern islamic wall art,https://aboutwallart.com/blogs/news-articles-home-decor-inspiration/moisture-resistant-restroom-wall-art-what-actually-works,,PENDING,PENDING,538,5.8,50%,69.2,AI Suggestion,,
modern islamic wall art,https://aboutwallart.com/blogs/news-articles-home-decor-inspiration/how-bedroom-wall-art-ideas-can-impact-your-quality-of-rest,,PENDING,PENDING,107,6.1,50%,68.9,AI Suggestion,,
modern islamic wall art,https://aboutwallart.com/blogs/news-articles-home-decor-inspiration/old-money-style-interiors-classic-design-trends,,PENDING,PENDING,299,6.4,50%,68.6,AI Suggestion,,
set of 3 wall art for bedroom,https://aboutwallart.com/blogs/news-articles-home-decor-inspiration/stylish-behind-toilet-decor-5-ideas-to-transform-your-small-bathroom,,DONE,LOCKED_TO_OTHER_KEYWORD,242,5.3,60%,74.7,AI Suggestion,,
set of 3 wall art for bedroom,https://aboutwallart.com/blogs/news-articles-home-decor-inspiration/choosing-the-right-art-for-grey-walls,,DONE,LOCKED_TO_OTHER_KEYWORD,213,5.7,60%,74.3,AI Suggestion,,
set of 3 wall art for bedroom,https://aboutwallart.com/blogs/news-articles-home-decor-inspiration/how-bedroom-wall-art-ideas-can-impact-your-quality-of-rest,,DONE,LOCKED_TO_OTHER_KEYWORD,107,6.1,60%,73.9,AI Suggestion,,
set of 3 wall art for bedroom,https://aboutwallart.com/blogs/news-articles-home-decor-inspiration/wall-art-for-high-ceilings-7-creative-ideas,,DONE,REPURPOSE,288,6.4,60%,73.6,AI Suggestion,,
set of 3 wall art for bedroom,https://aboutwallart.com/blogs/news-articles-home-decor-inspiration/the-case-for-empty-spaces-when-less-truly-is-more,,DONE,LOCKED_TO_OTHER_KEYWORD,102,6.5,60%,73.5,AI Suggestion,,
set of 3 wall art for bedroom,https://aboutwallart.com/blogs/news-articles-home-decor-inspiration/art-for-offices-inspiring-ideas-for-every-workspace,,DONE,LOCKED_TO_OTHER_KEYWORD,101,7.8,60%,72.2,AI Suggestion,,
set of 3 wall art for bedroom,https://aboutwallart.com/collections/framed-wall-pictures-for-living-room,,DONE,LOCKED_TO_OTHER_KEYWORD,198,7.8,60%,72.2,AI Suggestion,,
set of 3 wall art for bedroom,https://aboutwallart.com/blogs/news-articles-home-decor-inspiration/bathroom-art-ideas-to-transform-your-bathroom-into-an-oasis,,DONE,LOCKED_TO_OTHER_KEYWORD,225,8.4,60%,71.6,AI Suggestion,,
set of 3 wall art for bedroom,https://aboutwallart.com/blogs/news-articles-home-decor-inspiration/determining-what-frame-size-do-i-need-for-my-space,,DONE,REPURPOSE,200,9.1,60%,70.9,AI Suggestion,,
set of 3 wall art for bedroom,https://aboutwallart.com/products/floral-large-wall-prints-for-a-living-room-set-of-3-wall-art-prints,,DONE,LOCKED_TO_OTHER_KEYWORD,64,9.1,80%,70.1,AI Suggestion,,
old money house interior,https://aboutwallart.com/blogs/news-articles-home-decor-inspiration/old-money-style-interiors-classic-design-trends,,DONE,LOCKED_TO_OTHER_KEYWORD,299,6.4,75%,81.1,AI Suggestion,,
old money house interior,https://aboutwallart.com/pages/old-money-home-decor,,DONE,LOCKED_TO_OTHER_KEYWORD,26,7.6,50%,45.2,AI Suggestion,,
old money house interior,https://aboutwallart.com/blogs/news-articles-home-decor-inspiration/transform-your-interior-design-of-house-how-wall-art-creates-a-calm-home,,DONE,REPURPOSE,1,10.7,50%,34.6,AI Suggestion,,
old money house interior,https://aboutwallart.com/products/white-gold-vanity-desk-with-mirror-led-lighting-2-drawers-modern-dresser-dressing-table-makeup-table-for-bedroom-household-home,,DONE,REPURPOSE,1,10.7,50%,34.6,AI Suggestion,,
small studio design ideas,https://aboutwallart.com/blogs/news-articles-home-decor-inspiration/stylish-behind-toilet-decor-5-ideas-to-transform-your-small-bathroom,,PENDING,KEEP,242,5.3,50%,69.7,AI Suggestion,,
small studio design ideas,https://aboutwallart.com/blogs/news-articles-home-decor-inspiration/small-studio-apartment-decor-10-genius-tips-and-hacks,,PENDING,LINK,98,7.2,50%,67.2,AI Suggestion,,
small studio design ideas,https://aboutwallart.com/blogs/news-articles-home-decor-inspiration/studio-apartment-ideas-small-space-design-solutions-for-2026,,PENDING,LINK,4,4.3,100%,66.9,AI Suggestion,,
small studio design ideas,https://aboutwallart.com/blogs/news-articles-home-decor-inspiration/tiny-studio-apartment-ideas-small-space-design-solutions-for-2026,LOCKED,DONE,TO_OPTIMIZE,1,6,100%,64.3,AI Suggestion,,
small studio design ideas,https://aboutwallart.com/blogs/news-articles-home-decor-inspiration/designing-a-kids-playroom-childrens-playroom-ideas,,DONE,LINK,31,8.2,50%,46.1,AI Suggestion,,
small studio design ideas,https://aboutwallart.com/blogs/news-articles-home-decor-inspiration/art-moderne-home-decor-streamlined-1930s-inspired-design-ideas-1,,DONE,LINK,26,8.9,50%,43.8,AI Suggestion,,
small studio design ideas,https://aboutwallart.com/blogs/news-articles-home-decor-inspiration/creative-office-wall-design-ideas-to-inspire-productivity,,PENDING,PENDING,18,9.1,50%,41.3,AI Suggestion,,
small studio design ideas,https://aboutwallart.com/blogs/news-articles-home-decor-inspiration/multi-use-room-ideas-smart-zoning-for-small-homes,,PENDING,PENDING,13,7.6,50%,41.3,AI Suggestion,,
small studio design ideas,https://aboutwallart.com/blogs/news-articles-home-decor-inspiration/designing-a-clutter-free-kids-playroom-childrens-playroom-ideas?_pos=7&_sid=e3c44c775&_ss=r,,DONE,LINK,2,5.8,50%,39.8,AI Suggestion,,
small studio design ideas,https://aboutwallart.com/blogs/news-articles-home-decor-inspiration/never-too-small-wall-decoration-office-ideas-for-apartments,,DONE,LINK,7,7.3,50%,39.8,AI Suggestion,,
colors that go with grey walls,https://aboutwallart.com/blogs/news-articles-home-decor-inspiration/what-colour-goes-with-grey-walls-essential-tips,,PENDING,KEEP,728,5,60%,75,AI Suggestion,,
colors that go with grey walls,https://aboutwallart.com/blogs/news-articles-home-decor-inspiration/colors-that-go-with-grey-perfect-combinations-for-home-decor,,PENDING,LINK,12,13.1,80%,50.6,AI Suggestion,,
livingroom pictures,https://aboutwallart.com/collections/framed-wall-pictures-for-living-room,,PENDING,KEEP,198,7.8,50%,67.2,AI Suggestion,,
livingroom pictures,https://aboutwallart.com/products/3-pictures-above-bed-set-of-3-framed-wall-art,LOCKED,DONE,TO_OPTIMIZE,48,4.7,50%,54.7,AI Suggestion,,
livingroom pictures,https://aboutwallart.com/products/large-living-room-pictures-set-of-3-wall-art-prints,,PENDING,LINK,47,6.6,50%,52.5,AI Suggestion,,
livingroom pictures,https://aboutwallart.com/products/large-frames-for-pictures-in-sizes-a4-a3-a2-20x30-in,,DONE,LINK,21,5.2,50%,46.1,AI Suggestion,,
livingroom pictures,https://aboutwallart.com/products/bedroom-pictures-for-wall-set-of-3-art-prints?pr_prod_strat=pinned&pr_rec_id=f27b2b090&pr_rec_pid=8167995736350&pr_ref_pid=8167994065182&pr_seq=uniform,,PENDING,LINK,1,1.2,50%,44.1,AI Suggestion,,
livingroom pictures,https://aboutwallart.com/products/wall-pictures-for-lounge-room-set-of-2-italian-lifestyle-wall-art-prints?variant=55748669211004&country=GB&currency=GBP,,DONE,LINK,1,2,50%,43.3,AI Suggestion,,
livingroom pictures,https://aboutwallart.com/blogs/news-articles-home-decor-inspiration/wall-art-pictures-for-living-room-grounded-neutral-colours,,PENDING,PENDING,17,7.5,50%,42.6,AI Suggestion,,
livingroom pictures,https://aboutwallart.com/products/laundry-room-pictures-set-of-2-wall-art-prints,,DONE,LINK,7,4.5,50%,42.6,AI Suggestion,,
livingroom pictures,https://aboutwallart.com/products/bedroom-pictures-for-wall-set-of-3-art-prints?variant=55160765251964,,DONE,LINK,1,3.1,50%,42.2,AI Suggestion,,
livingroom pictures,https://aboutwallart.com/blogs/news-articles-home-decor-inspiration/how-i-used-canvas-pictures-for-living-rooms,,PENDING,PENDING,20,9,50%,42,AI Suggestion,,
behind toilet wall ideas,https://aboutwallart.com/blogs/news-articles-home-decor-inspiration/stylish-behind-toilet-decor-5-ideas-to-transform-your-small-bathroom,,PENDING,KEEP,242,5.3,100%,94.7,AI Suggestion,,
behind toilet wall ideas,https://aboutwallart.com/blogs/news-articles-home-decor-inspiration/decorating-above-toilet-stylish-ideas-to-elevate-your-bathroom,,PENDING,LINK,139,6.5,75%,81,AI Suggestion,,
behind toilet wall ideas,https://aboutwallart.com/blogs/news-articles-home-decor-inspiration/how-bedroom-wall-art-ideas-can-impact-your-quality-of-rest,,PENDING,LINK,107,6.1,50%,68.9,AI Suggestion,,
behind toilet wall ideas,https://aboutwallart.com/blogs/news-articles-home-decor-inspiration/wall-art-for-high-ceilings-7-creative-ideas,,PENDING,LINK,288,6.4,50%,68.6,AI Suggestion,,
behind toilet wall ideas,https://aboutwallart.com/blogs/news-articles-home-decor-inspiration/masculine-home-decor-stylish-ideas-to-elevate-any-modern-space,,PENDING,LINK,145,7.2,50%,67.8,AI Suggestion,,
behind toilet wall ideas,https://aboutwallart.com/blogs/news-articles-home-decor-inspiration/art-for-offices-inspiring-ideas-for-every-workspace,,PENDING,PENDING,101,7.8,50%,67.2,AI Suggestion,,
behind toilet wall ideas,https://aboutwallart.com/blogs/news-articles-home-decor-inspiration/bathroom-art-ideas-to-transform-your-bathroom-into-an-oasis,,PENDING,PENDING,225,8.4,50%,66.6,AI Suggestion,,
behind toilet wall ideas,https://aboutwallart.com/blogs/news-articles-home-decor-inspiration/top-8-hallway-art-ideas-to-transform-your-space,,PENDING,PENDING,75,8.7,50%,58.8,AI Suggestion,,
behind toilet wall ideas,https://aboutwallart.com/blogs/news-articles-home-decor-inspiration/asian-home-decor-ideas-for-tranquil-nature-led-interiors,,PENDING,PENDING,66,8.6,50%,56.2,AI Suggestion,,
behind toilet wall ideas,https://aboutwallart.com/blogs/news-articles-home-decor-inspiration/coastal-decor-bedroom-ideas-how-to-style-it,,PENDING,PENDING,57,7.9,50%,54.2,AI Suggestion,,
home decor + write for us,https://aboutwallart.com/blogs/news-articles-home-decor-inspiration/stylish-behind-toilet-decor-5-ideas-to-transform-your-small-bathroom,,PENDING,KEEP,242,5.3,75%,82.2,AI Suggestion,,
home decor + write for us,https://aboutwallart.com/blogs/news-articles-home-decor-inspiration/choosing-the-right-art-for-grey-walls,,PENDING,LINK,213,5.7,75%,81.8,AI Suggestion,,
home decor + write for us,https://aboutwallart.com/blogs/news-articles-home-decor-inspiration/wall-art-for-high-ceilings-7-creative-ideas,,PENDING,LINK,288,6.4,75%,81.1,AI Suggestion,,
home decor + write for us,https://aboutwallart.com/blogs/news-articles-home-decor-inspiration/the-case-for-empty-spaces-when-less-truly-is-more,,PENDING,LINK,102,6.5,75%,81,AI Suggestion,,
home decor + write for us,https://aboutwallart.com/blogs/news-articles-home-decor-inspiration/art-for-offices-inspiring-ideas-for-every-workspace,,PENDING,LINK,101,7.8,75%,79.7,AI Suggestion,,
home decor + write for us,https://aboutwallart.com/blogs/news-articles-home-decor-inspiration/bathroom-art-ideas-to-transform-your-bathroom-into-an-oasis,,PENDING,LINK,225,8.4,75%,79.1,AI Suggestion,,
home decor + write for us,https://aboutwallart.com/blogs/news-articles-home-decor-inspiration/determining-what-frame-size-do-i-need-for-my-space,,PENDING,LINK,200,9.1,75%,78.4,AI Suggestion,,
home decor + write for us,https://aboutwallart.com/blogs/news-articles-home-decor-inspiration/how-to-hang-wall-art-for-stairs-without-a-straight-wall,,PENDING,PENDING,84,6.8,75%,76,AI Suggestion,,
home decor + write for us,https://aboutwallart.com/blogs/news-articles-home-decor-inspiration/decor-for-nursery-wall-that-stimulates-without-overwhelming,,PENDING,PENDING,76,7.8,75%,72.5,AI Suggestion,,
home decor + write for us,https://aboutwallart.com/blogs/news-articles-home-decor-inspiration/what-is-the-3-5-7-rule-in-decorating,,PENDING,PENDING,1489,2.8,50%,72.2,AI Suggestion,,
wall art types,https://aboutwallart.com/blogs/news-articles-home-decor-inspiration/types-of-wall-art,,PENDING,KEEP,209,6.6,100%,93.4,AI Suggestion,,
wall art types,https://aboutwallart.com/blogs/news-articles-home-decor-inspiration/how-to-mix-and-blend-different-art-style-types,,PENDING,REPURPOSE,107,7.7,100%,92.3,AI Suggestion,,
wall art types,https://aboutwallart.com/blogs/news-articles-home-decor-inspiration/what-is-the-3-5-7-rule-in-decorating,,PENDING,LINK,1489,2.8,67%,80.5,AI Suggestion,,
wall art types,https://aboutwallart.com/blogs/news-articles-home-decor-inspiration/do-beige-and-grey-go-together-heres-how-to-make-it-work,,PENDING,LINK,1362,4.3,67%,79.1,AI Suggestion,,
wall art types,https://aboutwallart.com/blogs/news-articles-home-decor-inspiration/what-colour-goes-with-grey-walls-essential-tips,,PENDING,LINK,728,5,67%,78.3,AI Suggestion,,
wall art types,https://aboutwallart.com/blogs/news-articles-home-decor-inspiration/stylish-behind-toilet-decor-5-ideas-to-transform-your-small-bathroom,,PENDING,LINK,242,5.3,67%,78,AI Suggestion,,
wall art types,https://aboutwallart.com/blogs/news-articles-home-decor-inspiration/choosing-the-right-art-for-grey-walls,,PENDING,PENDING,213,5.7,67%,77.6,AI Suggestion,,
wall art types,https://aboutwallart.com/blogs/news-articles-home-decor-inspiration/moisture-resistant-restroom-wall-art-what-actually-works,,PENDING,PENDING,538,5.8,67%,77.5,AI Suggestion,,
wall art types,https://aboutwallart.com/blogs/news-articles-home-decor-inspiration/how-bedroom-wall-art-ideas-can-impact-your-quality-of-rest,,PENDING,PENDING,107,6.1,67%,77.2,AI Suggestion,,
wall art types,https://aboutwallart.com/blogs/news-articles-home-decor-inspiration/old-money-style-interiors-classic-design-trends,,PENDING,PENDING,299,6.4,67%,77,AI Suggestion,,
types of wall art painting,https://aboutwallart.com/blogs/news-articles-home-decor-inspiration/types-of-wall-art,,PENDING,KEEP,209,6.6,75%,80.9,AI Suggestion,,
types of wall art painting,https://aboutwallart.com/blogs/news-articles-home-decor-inspiration/how-to-mix-and-blend-different-art-style-types,,PENDING,LINK,107,7.7,75%,79.8,AI Suggestion,,
types of wall art painting,https://aboutwallart.com/blogs/news-articles-home-decor-inspiration/what-is-the-3-5-7-rule-in-decorating,,PENDING,LINK,1489,2.8,50%,72.2,AI Suggestion,,
types of wall art painting,https://aboutwallart.com/blogs/news-articles-home-decor-inspiration/do-beige-and-grey-go-together-heres-how-to-make-it-work,,PENDING,LINK,1362,4.3,50%,70.7,AI Suggestion,,
types of wall art painting,https://aboutwallart.com/blogs/news-articles-home-decor-inspiration/what-colour-goes-with-grey-walls-essential-tips,,PENDING,LINK,728,5,50%,70,AI Suggestion,,
types of wall art painting,https://aboutwallart.com/blogs/news-articles-home-decor-inspiration/stylish-behind-toilet-decor-5-ideas-to-transform-your-small-bathroom,,PENDING,LINK,242,5.3,50%,69.7,AI Suggestion,,
types of wall art painting,https://aboutwallart.com/blogs/news-articles-home-decor-inspiration/choosing-the-right-art-for-grey-walls,,PENDING,PENDING,213,5.7,50%,69.3,AI Suggestion,,
types of wall art painting,https://aboutwallart.com/blogs/news-articles-home-decor-inspiration/moisture-resistant-restroom-wall-art-what-actually-works,,PENDING,PENDING,538,5.8,50%,69.2,AI Suggestion,,
types of wall art painting,https://aboutwallart.com/blogs/news-articles-home-decor-inspiration/how-bedroom-wall-art-ideas-can-impact-your-quality-of-rest,,PENDING,PENDING,107,6.1,50%,68.9,AI Suggestion,,
types of wall art painting,https://aboutwallart.com/blogs/news-articles-home-decor-inspiration/old-money-style-interiors-classic-design-trends,,PENDING,PENDING,299,6.4,50%,68.6,AI Suggestion,,
waterproof wall art for bathroom,https://aboutwallart.com/blogs/news-articles-home-decor-inspiration/stylish-behind-toilet-decor-5-ideas-to-transform-your-small-bathroom,,PENDING,KEEP,242,5.3,80%,84.7,AI Suggestion,,
waterproof wall art for bathroom,https://aboutwallart.com/blogs/news-articles-home-decor-inspiration/bathroom-art-ideas-to-transform-your-bathroom-into-an-oasis,,DONE,LOCKED_TO_OTHER_KEYWORD,225,8.4,80%,81.6,AI Suggestion,,
waterproof wall art for bathroom,https://aboutwallart.com/blogs/news-articles-home-decor-inspiration/choosing-the-right-art-for-grey-walls,,PENDING,LINK,213,5.7,60%,74.3,AI Suggestion,,
waterproof wall art for bathroom,https://aboutwallart.com/blogs/news-articles-home-decor-inspiration/wall-art-for-high-ceilings-7-creative-ideas,,PENDING,LINK,288,6.4,60%,73.6,AI Suggestion,,
waterproof wall art for bathroom,https://aboutwallart.com/blogs/news-articles-home-decor-inspiration/the-case-for-empty-spaces-when-less-truly-is-more,,PENDING,LINK,102,6.5,60%,73.5,AI Suggestion,,
waterproof wall art for bathroom,https://aboutwallart.com/blogs/news-articles-home-decor-inspiration/decorating-above-toilet-stylish-ideas-to-elevate-your-bathroom,,PENDING,LINK,139,6.5,60%,73.5,AI Suggestion,,
waterproof wall art for bathroom,https://aboutwallart.com/blogs/news-articles-home-decor-inspiration/art-for-offices-inspiring-ideas-for-every-workspace,,PENDING,PENDING,101,7.8,60%,72.2,AI Suggestion,,
waterproof wall art for bathroom,https://aboutwallart.com/collections/framed-wall-pictures-for-living-room,,PENDING,PENDING,198,7.8,60%,72.2,AI Suggestion,,
waterproof wall art for bathroom,https://aboutwallart.com/blogs/news-articles-home-decor-inspiration/determining-what-frame-size-do-i-need-for-my-space,,PENDING,PENDING,200,9.1,60%,70.9,AI Suggestion,,
waterproof wall art for bathroom,https://aboutwallart.com/pages/write-for-us,,PENDING,PENDING,496,11.1,60%,68.9,AI Suggestion,,
write for us home interior,https://aboutwallart.com/blogs/news-articles-home-decor-inspiration/stylish-behind-toilet-decor-5-ideas-to-transform-your-small-bathroom,,PENDING,KEEP,242,5.3,50%,69.7,AI Suggestion,,
write for us home interior,https://aboutwallart.com/blogs/news-articles-home-decor-inspiration/choosing-the-right-art-for-grey-walls,,PENDING,LINK,213,5.7,50%,69.3,AI Suggestion,,
write for us home interior,https://aboutwallart.com/blogs/news-articles-home-decor-inspiration/asian-home-decor-ideas-for-tranquil-nature-led-interiors,,PENDING,LINK,66,8.6,75%,68.7,AI Suggestion,,
write for us home interior,https://aboutwallart.com/blogs/news-articles-home-decor-inspiration/old-money-style-interiors-classic-design-trends,,PENDING,LINK,299,6.4,50%,68.6,AI Suggestion,,
write for us home interior,https://aboutwallart.com/blogs/news-articles-home-decor-inspiration/wall-art-for-high-ceilings-7-creative-ideas,,PENDING,LINK,288,6.4,50%,68.6,AI Suggestion,,
write for us home interior,https://aboutwallart.com/blogs/news-articles-home-decor-inspiration/the-case-for-empty-spaces-when-less-truly-is-more,,PENDING,PENDING,102,6.5,50%,68.5,AI Suggestion,,
write for us home interior,https://aboutwallart.com/blogs/news-articles-home-decor-inspiration/my-guide-to-the-top-interior-decorating-trends-2026,,PENDING,PENDING,101,7.7,50%,67.3,AI Suggestion,,
write for us home interior,https://aboutwallart.com/blogs/news-articles-home-decor-inspiration/art-for-offices-inspiring-ideas-for-every-workspace,,PENDING,PENDING,101,7.8,50%,67.2,AI Suggestion,,
write for us home interior,https://aboutwallart.com/blogs/news-articles-home-decor-inspiration/bathroom-art-ideas-to-transform-your-bathroom-into-an-oasis,,PENDING,PENDING,225,8.4,50%,66.6,AI Suggestion,,
write for us home interior,https://aboutwallart.com/blogs/news-articles-home-decor-inspiration/determining-what-frame-size-do-i-need-for-my-space,,PENDING,PENDING,200,9.1,50%,65.9,AI Suggestion,,
bathroom safe artwork,https://aboutwallart.com/products/bathroom-artwork-prints-set-of-3-framed-wall-art-prints?pr_prod_strat=pinned&pr_rec_id=2502a320f&pr_rec_pid=8167972241694&pr_ref_pid=8167972897054&pr_seq=uniform,,PENDING,KEEP,2,1,67%,52.9,AI Suggestion,,
bathroom safe artwork,https://aboutwallart.com/products/bathroom-artwork-prints-set-of-3-framed-wall-art-prints,,PENDING,LINK,5,6,67%,48.8,AI Suggestion,,
art for bathroom humidity,https://aboutwallart.com/blogs/news-articles-home-decor-inspiration/stylish-behind-toilet-decor-5-ideas-to-transform-your-small-bathroom,,PENDING,KEEP,242,5.3,75%,82.2,AI Suggestion,,
art for bathroom humidity,https://aboutwallart.com/blogs/news-articles-home-decor-inspiration/bathroom-art-ideas-to-transform-your-bathroom-into-an-oasis,,PENDING,LINK,225,8.4,75%,79.1,AI Suggestion,,
art for bathroom humidity,https://aboutwallart.com/blogs/news-articles-home-decor-inspiration/choosing-the-right-art-for-grey-walls,,PENDING,LINK,213,5.7,50%,69.3,AI Suggestion,,
art for bathroom humidity,https://aboutwallart.com/blogs/news-articles-home-decor-inspiration/wall-art-for-high-ceilings-7-creative-ideas,,PENDING,LINK,288,6.4,50%,68.6,AI Suggestion,,
art for bathroom humidity,https://aboutwallart.com/blogs/news-articles-home-decor-inspiration/the-case-for-empty-spaces-when-less-truly-is-more,,PENDING,LINK,102,6.5,50%,68.5,AI Suggestion,,
art for bathroom humidity,https://aboutwallart.com/blogs/news-articles-home-decor-inspiration/decorating-above-toilet-stylish-ideas-to-elevate-your-bathroom,,PENDING,LINK,139,6.5,50%,68.5,AI Suggestion,,
art for bathroom humidity,https://aboutwallart.com/blogs/news-articles-home-decor-inspiration/art-for-offices-inspiring-ideas-for-every-workspace,,PENDING,PENDING,101,7.8,50%,67.2,AI Suggestion,,
art for bathroom humidity,https://aboutwallart.com/collections/framed-wall-pictures-for-living-room,,PENDING,PENDING,198,7.8,50%,67.2,AI Suggestion,,
art for bathroom humidity,https://aboutwallart.com/blogs/news-articles-home-decor-inspiration/determining-what-frame-size-do-i-need-for-my-space,,PENDING,PENDING,200,9.1,50%,65.9,AI Suggestion,,
art for bathroom humidity,https://aboutwallart.com/pages/write-for-us,,PENDING,PENDING,496,11.1,50%,63.9,AI Suggestion,,
write for us art,https://aboutwallart.com/pages/write-for-us,,PENDING,KEEP,496,11.1,100%,88.9,AI Suggestion,,
write for us art,https://aboutwallart.com/blogs/news-articles-home-decor-inspiration/stylish-behind-toilet-decor-5-ideas-to-transform-your-small-bathroom,,PENDING,LINK,242,5.3,67%,78,AI Suggestion,,
write for us art,https://aboutwallart.com/blogs/news-articles-home-decor-inspiration/choosing-the-right-art-for-grey-walls,,PENDING,LINK,213,5.7,67%,77.6,AI Suggestion,,
write for us art,https://aboutwallart.com/blogs/news-articles-home-decor-inspiration/wall-art-for-high-ceilings-7-creative-ideas,,PENDING,LINK,288,6.4,67%,76.9,AI Suggestion,,
write for us art,https://aboutwallart.com/blogs/news-articles-home-decor-inspiration/the-case-for-empty-spaces-when-less-truly-is-more,,PENDING,LINK,102,6.5,67%,76.8,AI Suggestion,,
write for us art,https://aboutwallart.com/blogs/news-articles-home-decor-inspiration/art-for-offices-inspiring-ideas-for-every-workspace,,PENDING,PENDING,101,7.8,67%,75.5,AI Suggestion,,
write for us art,https://aboutwallart.com/collections/framed-wall-pictures-for-living-room,,PENDING,LINK,198,7.8,67%,75.5,AI Suggestion,,
write for us art,https://aboutwallart.com/blogs/news-articles-home-decor-inspiration/bathroom-art-ideas-to-transform-your-bathroom-into-an-oasis,,PENDING,PENDING,225,8.4,67%,74.9,AI Suggestion,,
write for us art,https://aboutwallart.com/blogs/news-articles-home-decor-inspiration/determining-what-frame-size-do-i-need-for-my-space,,PENDING,PENDING,200,9.1,67%,74.2,AI Suggestion,,
write for us art,https://aboutwallart.com/blogs/news-articles-home-decor-inspiration/how-to-hang-wall-art-for-stairs-without-a-straight-wall,,PENDING,PENDING,84,6.8,67%,71.8,AI Suggestion,,
japanese wall art,https://aboutwallart.com/blogs/news-articles-home-decor-inspiration/what-is-the-3-5-7-rule-in-decorating,,PENDING,KEEP,1489,2.8,67%,80.5,AI Suggestion,,
japanese wall art,https://aboutwallart.com/blogs/news-articles-home-decor-inspiration/do-beige-and-grey-go-together-heres-how-to-make-it-work,,PENDING,LINK,1362,4.3,67%,79.1,AI Suggestion,,
japanese wall art,https://aboutwallart.com/blogs/news-articles-home-decor-inspiration/what-colour-goes-with-grey-walls-essential-tips,,PENDING,LINK,728,5,67%,78.3,AI Suggestion,,
japanese wall art,https://aboutwallart.com/blogs/news-articles-home-decor-inspiration/stylish-behind-toilet-decor-5-ideas-to-transform-your-small-bathroom,,PENDING,LINK,242,5.3,67%,78,AI Suggestion,,
japanese wall art,https://aboutwallart.com/blogs/news-articles-home-decor-inspiration/choosing-the-right-art-for-grey-walls,,PENDING,LINK,213,5.7,67%,77.6,AI Suggestion,,
japanese wall art,https://aboutwallart.com/blogs/news-articles-home-decor-inspiration/moisture-resistant-restroom-wall-art-what-actually-works,,PENDING,PENDING,538,5.8,67%,77.5,AI Suggestion,,
japanese wall art,https://aboutwallart.com/blogs/news-articles-home-decor-inspiration/how-bedroom-wall-art-ideas-can-impact-your-quality-of-rest,,PENDING,LINK,107,6.1,67%,77.2,AI Suggestion,,
japanese wall art,https://aboutwallart.com/blogs/news-articles-home-decor-inspiration/old-money-style-interiors-classic-design-trends,,PENDING,PENDING,299,6.4,67%,77,AI Suggestion,,
japanese wall art,https://aboutwallart.com/blogs/news-articles-home-decor-inspiration/wall-art-for-high-ceilings-7-creative-ideas,,PENDING,PENDING,288,6.4,67%,76.9,AI Suggestion,,
japanese wall art,https://aboutwallart.com/blogs/news-articles-home-decor-inspiration/cherry-blossom-art-japan-understanding-the-deep-symbolism,,PENDING,PENDING,114,6.4,67%,76.9,AI Suggestion,,
wall art for bedroom,https://aboutwallart.com/blogs/news-articles-home-decor-inspiration/stylish-behind-toilet-decor-5-ideas-to-transform-your-small-bathroom,,PENDING,KEEP,242,5.3,75%,82.2,AI Suggestion,,
wall art for bedroom,https://aboutwallart.com/blogs/news-articles-home-decor-inspiration/choosing-the-right-art-for-grey-walls,,PENDING,LINK,213,5.7,75%,81.8,AI Suggestion,,
wall art for bedroom,https://aboutwallart.com/blogs/news-articles-home-decor-inspiration/how-bedroom-wall-art-ideas-can-impact-your-quality-of-rest,,PENDING,LINK,107,6.1,75%,81.4,AI Suggestion,,
wall art for bedroom,https://aboutwallart.com/blogs/news-articles-home-decor-inspiration/wall-art-for-high-ceilings-7-creative-ideas,,PENDING,LINK,288,6.4,75%,81.1,AI Suggestion,,
wall art for bedroom,https://aboutwallart.com/blogs/news-articles-home-decor-inspiration/the-case-for-empty-spaces-when-less-truly-is-more,,PENDING,LINK,102,6.5,75%,81,AI Suggestion,,
wall art for bedroom,https://aboutwallart.com/blogs/news-articles-home-decor-inspiration/art-for-offices-inspiring-ideas-for-every-workspace,,PENDING,PENDING,101,7.8,75%,79.7,AI Suggestion,,
wall art for bedroom,https://aboutwallart.com/collections/framed-wall-pictures-for-living-room,,PENDING,LINK,198,7.8,75%,79.7,AI Suggestion,,
wall art for bedroom,https://aboutwallart.com/blogs/news-articles-home-decor-inspiration/bathroom-art-ideas-to-transform-your-bathroom-into-an-oasis,,PENDING,PENDING,225,8.4,75%,79.1,AI Suggestion,,
wall art for bedroom,https://aboutwallart.com/blogs/news-articles-home-decor-inspiration/determining-what-frame-size-do-i-need-for-my-space,,PENDING,PENDING,200,9.1,75%,78.4,AI Suggestion,,
wall art for bedroom,https://aboutwallart.com/pages/write-for-us,,PENDING,PENDING,496,11.1,75%,76.4,AI Suggestion,,
office artwork,https://aboutwallart.com/blogs/news-articles-home-decor-inspiration/art-for-offices-inspiring-ideas-for-every-workspace,,PENDING,KEEP,101,7.8,50%,67.2,AI Suggestion,,
office artwork,https://aboutwallart.com/products/office-artwork-ideas-set-of-3-wall-art-prints?variant=55856593863036&country=GB&currency=GBP,,PENDING,LINK,1,6.7,100%,63.6,AI Suggestion,,
office artwork,https://aboutwallart.com/collections/office-wall-artwork?page=10,,PENDING,LINK,1,9.1,100%,61.2,AI Suggestion,,
office artwork,https://aboutwallart.com/products/office-artwork-ideas-set-of-3-wall-art-prints?variant=55161850790268&country=GB&currency=GBP,,PENDING,LINK,1,11.5,100%,58.8,AI Suggestion,,
office artwork,https://aboutwallart.com/collections/office-wall-artwork,,PENDING,LINK,22,18.5,100%,58.1,AI Suggestion,,
office artwork,https://aboutwallart.com/collections/office-wall-artwork?page=5,,PENDING,LINK,5,14.4,100%,57.1,AI Suggestion,,
office artwork,https://aboutwallart.com/blogs/news-articles-home-decor-inspiration/office-decor-ideas-10,,PENDING,PENDING,59,10.9,50%,51.8,AI Suggestion,,
office artwork,https://aboutwallart.com/products/cherry-blossoms-wall-art-for-home-office-set-of-2?pr_prod_strat=pinned&pr_rec_id=3f3d85dbc&pr_rec_pid=8167992262942&pr_ref_pid=8167992099102&pr_seq=uniform,,PENDING,PENDING,3,1,50%,44.9,AI Suggestion,,
office artwork,https://aboutwallart.com/products/bathroom-artwork-prints-set-of-3-framed-wall-art-prints?pr_prod_strat=pinned&pr_rec_id=2502a320f&pr_rec_pid=8167972241694&pr_ref_pid=8167972897054&pr_seq=uniform,,PENDING,PENDING,2,1,50%,44.6,AI Suggestion,,
office artwork,https://aboutwallart.com/products/office-wall-decorations-set-of-3-framed-wall-art-prints?pr_prod_strat=use_description&pr_rec_id=3499e27c1&pr_rec_pid=8167998587166&pr_ref_pid=8167999963422&pr_seq=uniform,,PENDING,PENDING,2,1.3,50%,44.4,AI Suggestion,,
unique wall art,https://aboutwallart.com/blogs/news-articles-home-decor-inspiration/what-is-the-3-5-7-rule-in-decorating,,PENDING,KEEP,1489,2.8,67%,80.5,AI Suggestion,,
unique wall art,https://aboutwallart.com/blogs/news-articles-home-decor-inspiration/do-beige-and-grey-go-together-heres-how-to-make-it-work,,PENDING,LINK,1362,4.3,67%,79.1,AI Suggestion,,
unique wall art,https://aboutwallart.com/blogs/news-articles-home-decor-inspiration/what-colour-goes-with-grey-walls-essential-tips,,PENDING,LINK,728,5,67%,78.3,AI Suggestion,,
unique wall art,https://aboutwallart.com/blogs/news-articles-home-decor-inspiration/stylish-behind-toilet-decor-5-ideas-to-transform-your-small-bathroom,,PENDING,LINK,242,5.3,67%,78,AI Suggestion,,
unique wall art,https://aboutwallart.com/blogs/news-articles-home-decor-inspiration/choosing-the-right-art-for-grey-walls,,PENDING,LINK,213,5.7,67%,77.6,AI Suggestion,,
unique wall art,https://aboutwallart.com/blogs/news-articles-home-decor-inspiration/moisture-resistant-restroom-wall-art-what-actually-works,,PENDING,PENDING,538,5.8,67%,77.5,AI Suggestion,,
unique wall art,https://aboutwallart.com/blogs/news-articles-home-decor-inspiration/how-bedroom-wall-art-ideas-can-impact-your-quality-of-rest,,PENDING,PENDING,107,6.1,67%,77.2,AI Suggestion,,
unique wall art,https://aboutwallart.com/blogs/news-articles-home-decor-inspiration/old-money-style-interiors-classic-design-trends,,PENDING,PENDING,299,6.4,67%,77,AI Suggestion,,
unique wall art,https://aboutwallart.com/blogs/news-articles-home-decor-inspiration/wall-art-for-high-ceilings-7-creative-ideas,,PENDING,PENDING,288,6.4,67%,76.9,AI Suggestion,,
unique wall art,https://aboutwallart.com/blogs/news-articles-home-decor-inspiration/cherry-blossom-art-japan-understanding-the-deep-symbolism,,PENDING,PENDING,114,6.4,67%,76.9,AI Suggestion,,
studio room design,https://aboutwallart.com/blogs/news-articles-home-decor-inspiration/designing-a-kids-playroom-childrens-playroom-ideas,,PENDING,KEEP,31,8.2,67%,54.4,AI Suggestion,,
studio room design,https://aboutwallart.com/blogs/news-articles-home-decor-inspiration/master-botanical-themed-bedroom-like-a-professional-designer,,PENDING,LINK,19,6.8,67%,52.2,AI Suggestion,,
studio room design,https://aboutwallart.com/blogs/news-articles-home-decor-inspiration/studio-apartment-ideas-small-space-design-solutions-for-2026,,PENDING,LINK,4,4.3,67%,50.2,AI Suggestion,,
studio room design,https://aboutwallart.com/blogs/news-articles-home-decor-inspiration/how-to-design-lounge-room-that-feels-effortlessly-stylish,,PENDING,LINK,3,4.9,67%,49.3,AI Suggestion,,
studio room design,https://aboutwallart.com/blogs/news-articles-home-decor-inspiration/hanging-framed-pictures-in-living-room-a-design-guide,,PENDING,LINK,4,6.1,67%,48.5,AI Suggestion,,
studio room design,https://aboutwallart.com/blogs/news-articles-home-decor-inspiration/designing-a-clutter-free-kids-playroom-childrens-playroom-ideas?_pos=7&_sid=e3c44c775&_ss=r,,PENDING,LINK,2,5.8,67%,48.2,AI Suggestion,,
studio room design,https://aboutwallart.com/blogs/news-articles-home-decor-inspiration/tiny-studio-apartment-ideas-small-space-design-solutions-for-2026,,PENDING,LINK,1,6,67%,47.6,AI Suggestion,,
studio room design,https://aboutwallart.com/blogs/news-articles-home-decor-inspiration/interior-design-ideas-for-bedrooms-creating-your-sanctuary,,PENDING,LINK,5,7.9,67%,46.9,AI Suggestion,,
studio room design,https://aboutwallart.com/blogs/news-articles-home-decor-inspiration/fresh-ideas-for-sitting-room-designs-to-transform-your-space,,PENDING,PENDING,1,6.7,67%,46.9,AI Suggestion,,
studio room design,https://aboutwallart.com/blogs/news-articles-home-decor-inspiration/mistakes-in-colour-schemes-living-room-designers-avoid/,,PENDING,PENDING,1,6.8,67%,46.9,AI Suggestion,,
hallway art,https://aboutwallart.com/blogs/news-articles-home-decor-inspiration/top-8-hallway-art-ideas-to-transform-your-space,,PENDING,KEEP,75,8.7,100%,83.8,AI Suggestion,,
hallway art,https://aboutwallart.com/blogs/news-articles-home-decor-inspiration/corridor-decor-ideas-transforming-your-hallways-with-style,,DONE,LOCKED_TO_OTHER_KEYWORD,37,7.3,100%,73.8,AI Suggestion,,
hallway art,https://aboutwallart.com/blogs/news-articles-home-decor-inspiration/what-is-the-3-5-7-rule-in-decorating,,PENDING,LINK,1489,2.8,50%,72.2,AI Suggestion,,
hallway art,https://aboutwallart.com/blogs/news-articles-home-decor-inspiration/do-beige-and-grey-go-together-heres-how-to-make-it-work,,PENDING,LINK,1362,4.3,50%,70.7,AI Suggestion,,
hallway art,https://aboutwallart.com/blogs/news-articles-home-decor-inspiration/what-colour-goes-with-grey-walls-essential-tips,,PENDING,LINK,728,5,50%,70,AI Suggestion,,
hallway art,https://aboutwallart.com/blogs/news-articles-home-decor-inspiration/stylish-behind-toilet-decor-5-ideas-to-transform-your-small-bathroom,,PENDING,LINK,242,5.3,50%,69.7,AI Suggestion,,
hallway art,https://aboutwallart.com/blogs/news-articles-home-decor-inspiration/choosing-the-right-art-for-grey-walls,,PENDING,LINK,213,5.7,50%,69.3,AI Suggestion,,
hallway art,https://aboutwallart.com/blogs/news-articles-home-decor-inspiration/moisture-resistant-restroom-wall-art-what-actually-works,,PENDING,PENDING,538,5.8,50%,69.2,AI Suggestion,,
hallway art,https://aboutwallart.com/blogs/news-articles-home-decor-inspiration/how-bedroom-wall-art-ideas-can-impact-your-quality-of-rest,,PENDING,PENDING,107,6.1,50%,68.9,AI Suggestion,,
hallway art,https://aboutwallart.com/blogs/news-articles-home-decor-inspiration/old-money-style-interiors-classic-design-trends,,PENDING,PENDING,299,6.4,50%,68.6,AI Suggestion,,
asian home decor,https://aboutwallart.com/blogs/news-articles-home-decor-inspiration/asian-home-decor-ideas-for-tranquil-nature-led-interiors,,PENDING,KEEP,66,8.6,100%,81.2,AI Suggestion,,
asian home decor,https://aboutwallart.com/blogs/news-articles-home-decor-inspiration/what-is-the-3-5-7-rule-in-decorating,,PENDING,LINK,1489,2.8,67%,80.5,AI Suggestion,,
asian home decor,https://aboutwallart.com/blogs/news-articles-home-decor-inspiration/do-beige-and-grey-go-together-heres-how-to-make-it-work,,PENDING,LINK,1362,4.3,67%,79.1,AI Suggestion,,
asian home decor,https://aboutwallart.com/blogs/news-articles-home-decor-inspiration/what-colour-goes-with-grey-walls-essential-tips,,PENDING,LINK,728,5,67%,78.3,AI Suggestion,,
asian home decor,https://aboutwallart.com/blogs/news-articles-home-decor-inspiration/stylish-behind-toilet-decor-5-ideas-to-transform-your-small-bathroom,,PENDING,LINK,242,5.3,67%,78,AI Suggestion,,
asian home decor,https://aboutwallart.com/blogs/news-articles-home-decor-inspiration/choosing-the-right-art-for-grey-walls,,PENDING,LINK,213,5.7,67%,77.6,AI Suggestion,,
asian home decor,https://aboutwallart.com/blogs/news-articles-home-decor-inspiration/moisture-resistant-restroom-wall-art-what-actually-works,,PENDING,PENDING,538,5.8,67%,77.5,AI Suggestion,,
asian home decor,https://aboutwallart.com/blogs/news-articles-home-decor-inspiration/how-bedroom-wall-art-ideas-can-impact-your-quality-of-rest,,PENDING,PENDING,107,6.1,67%,77.2,AI Suggestion,,
asian home decor,https://aboutwallart.com/blogs/news-articles-home-decor-inspiration/old-money-style-interiors-classic-design-trends,,PENDING,PENDING,299,6.4,67%,77,AI Suggestion,,
asian home decor,https://aboutwallart.com/blogs/news-articles-home-decor-inspiration/wall-art-for-high-ceilings-7-creative-ideas,,PENDING,PENDING,288,6.4,67%,76.9,AI Suggestion,,
old money decor,https://aboutwallart.com/blogs/news-articles-home-decor-inspiration/old-money-style-interiors-classic-design-trends,,PENDING,KEEP,299,6.4,100%,93.6,AI Suggestion,,
old money decor,https://aboutwallart.com/pages/old-money-home-decor,,DONE,LOCKED_TO_OTHER_KEYWORD,26,7.6,100%,70.2,AI Suggestion,,
old money decor,https://aboutwallart.com/products/bathroom-decor-in-black-an-gold-set-of-3-framed-wall-art,,PENDING,LINK,10,4.8,67%,51.5,AI Suggestion,,
old money decor,https://aboutwallart.com/blogs/news-articles-home-decor-inspiration/bold-vs-muted-color-trends,,PENDING,LINK,13,6.6,67%,50.6,AI Suggestion,,
old money decor,https://aboutwallart.com/products/bathroom-decor-in-black-an-gold-set-of-3-framed-wall-art?variant=55849616245116,,PENDING,LINK,1,4.1,67%,49.6,AI Suggestion,,
old money decor,https://aboutwallart.com/products/bathroom-decor-in-black-an-gold-set-of-3-framed-wall-art?variant=55849616310652,,PENDING,PENDING,1,5.9,67%,47.8,AI Suggestion,,
3-5-7 rule,https://aboutwallart.com/blogs/news-articles-home-decor-inspiration/what-is-the-3-5-7-rule-in-decorating,,PENDING,KEEP,1489,2.8,100%,97.2,AI Suggestion,,
3-5-7 rule,https://aboutwallart.com/blogs/news-articles-home-decor-inspiration/design-principles-in-art-simple-rules-for-better-wall-displays,,PENDING,LINK,3,5.1,50%,40.8,AI Suggestion,,
luxury classy bathroom wall art,https://aboutwallart.com/blogs/news-articles-home-decor-inspiration/stylish-behind-toilet-decor-5-ideas-to-transform-your-small-bathroom,,PENDING,KEEP,242,5.3,60%,74.7,AI Suggestion,,
luxury classy bathroom wall art,https://aboutwallart.com/blogs/news-articles-home-decor-inspiration/decorating-above-toilet-stylish-ideas-to-elevate-your-bathroom,,PENDING,LINK,139,6.5,60%,73.5,AI Suggestion,,
luxury classy bathroom wall art,https://aboutwallart.com/blogs/news-articles-home-decor-inspiration/bathroom-art-ideas-to-transform-your-bathroom-into-an-oasis,,PENDING,LINK,225,8.4,60%,71.6,AI Suggestion,,
luxury classy bathroom wall art,https://aboutwallart.com/products/classy-bathroom-wall-art-set-of-3-framed-bathroom-prints?pr_prod_strat=pinned&pr_rec_id=9ac792107&pr_rec_pid=8167972667678&pr_ref_pid=8167972897054&pr_seq=uniform,,PENDING,LINK,2,2.9,80%,57.7,AI Suggestion,,
luxury classy bathroom wall art,https://aboutwallart.com/products/classy-bathroom-wall-art-uk-set-of-3-wall-art-prints,,PENDING,LINK,6,5,80%,56.8,AI Suggestion,,
luxury classy bathroom wall art,https://aboutwallart.com/products/classy-bathroom-wall-art-uk-set-of-3-wall-art-prints?variant=55850459234684&country=GB&currency=GBP,,PENDING,PENDING,1,4.6,80%,55.7,AI Suggestion,,
luxury classy bathroom wall art,https://aboutwallart.com/products/classy-bathroom-wall-art-set-of-3-framed-bathroom-prints,,PENDING,PENDING,4,5.5,80%,55.7,AI Suggestion,,
luxury classy bathroom wall art,https://aboutwallart.com/products/classy-bathroom-wall-art-uk-set-of-3-wall-art-prints?variant=55160716132732&country=GB&currency=GBP,,PENDING,PENDING,1,5,80%,55.3,AI Suggestion,,
luxury classy bathroom wall art,https://aboutwallart.com/products/classy-bathroom-wall-art-set-of-3-framed-bathroom-prints?variant=55160860574076&country=GB&currency=GBP,,PENDING,PENDING,1,6.3,80%,54,AI Suggestion,,
luxury classy bathroom wall art,https://aboutwallart.com/products/classy-bathroom-wall-art-set-of-3-framed-bathroom-prints?variant=55160860344700&country=GB&currency=GBP,,PENDING,PENDING,2,7.5,80%,53.1,AI Suggestion,,
hallway art ideas,https://aboutwallart.com/blogs/news-articles-home-decor-inspiration/top-8-hallway-art-ideas-to-transform-your-space,,PENDING,KEEP,75,8.7,100%,83.8,AI Suggestion,,
hallway art ideas,https://aboutwallart.com/blogs/news-articles-home-decor-inspiration/stylish-behind-toilet-decor-5-ideas-to-transform-your-small-bathroom,,PENDING,LINK,242,5.3,67%,78,AI Suggestion,,
hallway art ideas,https://aboutwallart.com/blogs/news-articles-home-decor-inspiration/how-bedroom-wall-art-ideas-can-impact-your-quality-of-rest,,PENDING,LINK,107,6.1,67%,77.2,AI Suggestion,,
hallway art ideas,https://aboutwallart.com/blogs/news-articles-home-decor-inspiration/wall-art-for-high-ceilings-7-creative-ideas,,PENDING,LINK,288,6.4,67%,76.9,AI Suggestion,,
hallway art ideas,https://aboutwallart.com/blogs/news-articles-home-decor-inspiration/decorating-above-toilet-stylish-ideas-to-elevate-your-bathroom,,PENDING,LINK,139,6.5,67%,76.8,AI Suggestion,,
hallway art ideas,https://aboutwallart.com/blogs/news-articles-home-decor-inspiration/masculine-home-decor-stylish-ideas-to-elevate-any-modern-space,,PENDING,PENDING,145,7.2,67%,76.2,AI Suggestion,,
hallway art ideas,https://aboutwallart.com/blogs/news-articles-home-decor-inspiration/art-for-offices-inspiring-ideas-for-every-workspace,,PENDING,PENDING,101,7.8,67%,75.5,AI Suggestion,,
hallway art ideas,https://aboutwallart.com/blogs/news-articles-home-decor-inspiration/bathroom-art-ideas-to-transform-your-bathroom-into-an-oasis,,PENDING,PENDING,225,8.4,67%,74.9,AI Suggestion,,
hallway art ideas,https://aboutwallart.com/blogs/news-articles-home-decor-inspiration/corridor-decor-ideas-transforming-your-hallways-with-style,,PENDING,PENDING,37,7.3,100%,73.8,AI Suggestion,,
hallway art ideas,https://aboutwallart.com/blogs/news-articles-home-decor-inspiration/asian-home-decor-ideas-for-tranquil-nature-led-interiors,,PENDING,PENDING,66,8.6,67%,64.5,AI Suggestion,,
what colours go with grey walls bedroom,https://aboutwallart.com/blogs/news-articles-home-decor-inspiration/what-colour-goes-with-grey-walls-essential-tips,,PENDING,KEEP,728,5,67%,78.3,AI Suggestion,,
what colours go with grey walls bedroom,https://aboutwallart.com/blogs/news-articles-home-decor-inspiration/how-to-decorate-with-greige-colours-the-blend-of-grey-beige,,PENDING,LINK,21,8.8,50%,42.5,AI Suggestion,,
japanese cherry blossom wall art,https://aboutwallart.com/blogs/news-articles-home-decor-inspiration/cherry-blossom-art-japan-understanding-the-deep-symbolism,,PENDING,KEEP,114,6.4,80%,83.6,AI Suggestion,,
japanese cherry blossom wall art,https://aboutwallart.com/products/japanese-cherry-blossom-art-set-of-3-wall-art-prints?variant=55161344491900&country=GB&currency=GBP,,PENDING,LINK,1,3.4,100%,66.9,AI Suggestion,,
japanese cherry blossom wall art,https://aboutwallart.com/products/japanese-cherry-blossom-tree-set-of-3-framed-wall-art,,PENDING,LINK,8,6.5,100%,65.9,AI Suggestion,,
japanese cherry blossom wall art,https://aboutwallart.com/products/japanese-cherry-blossom-tree-set-of-3-framed-wall-art?variant=55849274245500,,PENDING,LINK,1,6.7,100%,63.6,AI Suggestion,,
japanese cherry blossom wall art,https://aboutwallart.com/blogs/news-articles-home-decor-inspiration/japanese-cherry-blossom-art-for-small-spaces-and-apartments,,PENDING,LINK,2,7.1,100%,63.5,AI Suggestion,,
japanese cherry blossom wall art,https://aboutwallart.com/products/japanese-cherry-blossom-art-set-of-3-wall-art-prints,,PENDING,LINK,5,9.8,100%,61.7,AI Suggestion,,
japanese cherry blossom wall art,https://aboutwallart.com/products/cherry-blossoms-wall-art-for-home-office-set-of-2?pr_prod_strat=pinned&pr_rec_id=3f3d85dbc&pr_rec_pid=8167992262942&pr_ref_pid=8167992099102&pr_seq=uniform,,PENDING,LINK,3,1,80%,59.9,AI Suggestion,,
japanese cherry blossom wall art,https://aboutwallart.com/products/cherry-blossoms-wall-art-for-home-office-set-of-2?variant=46492065628446,,PENDING,PENDING,1,3.8,80%,56.5,AI Suggestion,,
japanese cherry blossom wall art,https://aboutwallart.com/products/cherry-blossoms-wall-art-for-home-office-set-of-2?variant=55848511373692,,PENDING,PENDING,1,8.2,80%,52.1,AI Suggestion,,
japanese cherry blossom wall art,https://aboutwallart.com/products/cherry-blossoms-wall-art-for-home-office-set-of-2,,PENDING,PENDING,3,9.6,80%,51.3,AI Suggestion,,
pictures for the living room,https://aboutwallart.com/collections/framed-wall-pictures-for-living-room,,PENDING,KEEP,198,7.8,80%,82.2,AI Suggestion,,
pictures for the living room,https://aboutwallart.com/products/living-room-pictures-for-the-walls-set-of-3-art-prints,,PENDING,LINK,6,10,100%,61.8,AI Suggestion,,
pictures for the living room,https://aboutwallart.com/products/floral-large-wall-prints-for-a-living-room-set-of-3-wall-art-prints,,PENDING,LINK,64,9.1,60%,60.1,AI Suggestion,,
pictures for the living room,https://aboutwallart.com/blogs/news-articles-home-decor-inspiration/wall-art-pictures-for-living-room-grounded-neutral-colours,,PENDING,LINK,17,7.5,80%,57.6,AI Suggestion,,
pictures for the living room,https://aboutwallart.com/products/large-living-room-pictures-set-of-3-wall-art-prints,,PENDING,LINK,47,6.6,60%,57.5,AI Suggestion,,
pictures for the living room,https://aboutwallart.com/blogs/news-articles-home-decor-inspiration/how-i-used-canvas-pictures-for-living-rooms,,PENDING,PENDING,20,9,80%,57,AI Suggestion,,
pictures for the living room,https://aboutwallart.com/products/big-pictures-for-living-room-set-of-2-wall-art,,PENDING,PENDING,7,6.4,80%,55.7,AI Suggestion,,
pictures for the living room,https://aboutwallart.com/products/london-wall-pictures-for-living-room-ideas-set-of-3-wall-art-prints,,PENDING,PENDING,8,7.6,80%,54.8,AI Suggestion,,
pictures for the living room,https://aboutwallart.com/blogs/news-articles-home-decor-inspiration/wall-arts-for-living-room-the-dilemma-of-wallpaper-vs-art,,PENDING,PENDING,4,7.3,80%,53.9,AI Suggestion,,
pictures for the living room,https://aboutwallart.com/products/gold-artwork-for-living-room-set-of-3-feathers-wall-art-prints?variant=55160323375484&country=GB&currency=GBP,,PENDING,PENDING,1,6.8,80%,53.5,AI Suggestion,,
french country wall decor,https://aboutwallart.com/blogs/news-articles-home-decor-inspiration/what-is-the-3-5-7-rule-in-decorating,,PENDING,KEEP,1489,2.8,50%,72.2,AI Suggestion,,
french country wall decor,https://aboutwallart.com/blogs/news-articles-home-decor-inspiration/do-beige-and-grey-go-together-heres-how-to-make-it-work,,PENDING,LINK,1362,4.3,50%,70.7,AI Suggestion,,
french country wall decor,https://aboutwallart.com/blogs/news-articles-home-decor-inspiration/what-colour-goes-with-grey-walls-essential-tips,,PENDING,LINK,728,5,50%,70,AI Suggestion,,
french country wall decor,https://aboutwallart.com/blogs/news-articles-home-decor-inspiration/stylish-behind-toilet-decor-5-ideas-to-transform-your-small-bathroom,,PENDING,LINK,242,5.3,50%,69.7,AI Suggestion,,
french country wall decor,https://aboutwallart.com/blogs/news-articles-home-decor-inspiration/choosing-the-right-art-for-grey-walls,,PENDING,LINK,213,5.7,50%,69.3,AI Suggestion,,
french country wall decor,https://aboutwallart.com/blogs/news-articles-home-decor-inspiration/moisture-resistant-restroom-wall-art-what-actually-works,,PENDING,PENDING,538,5.8,50%,69.2,AI Suggestion,,
french country wall decor,https://aboutwallart.com/blogs/news-articles-home-decor-inspiration/how-bedroom-wall-art-ideas-can-impact-your-quality-of-rest,,PENDING,LINK,107,6.1,50%,68.9,AI Suggestion,,
french country wall decor,https://aboutwallart.com/blogs/news-articles-home-decor-inspiration/old-money-style-interiors-classic-design-trends,,PENDING,PENDING,299,6.4,50%,68.6,AI Suggestion,,
french country wall decor,https://aboutwallart.com/blogs/news-articles-home-decor-inspiration/wall-art-for-high-ceilings-7-creative-ideas,,PENDING,PENDING,288,6.4,50%,68.6,AI Suggestion,,
french country wall decor,https://aboutwallart.com/blogs/news-articles-home-decor-inspiration/cherry-blossom-art-japan-understanding-the-deep-symbolism,,PENDING,PENDING,114,6.4,50%,68.6,AI Suggestion,,
classy bathroom wall art uk,https://aboutwallart.com/blogs/news-articles-home-decor-inspiration/stylish-behind-toilet-decor-5-ideas-to-transform-your-small-bathroom,,PENDING,KEEP,242,5.3,75%,82.2,AI Suggestion,,
classy bathroom wall art uk,https://aboutwallart.com/blogs/news-articles-home-decor-inspiration/decorating-above-toilet-stylish-ideas-to-elevate-your-bathroom,,PENDING,LINK,139,6.5,75%,81,AI Suggestion,,
classy bathroom wall art uk,https://aboutwallart.com/blogs/news-articles-home-decor-inspiration/bathroom-art-ideas-to-transform-your-bathroom-into-an-oasis,,PENDING,LINK,225,8.4,75%,79.1,AI Suggestion,,
classy bathroom wall art uk,https://aboutwallart.com/blogs/news-articles-home-decor-inspiration/what-is-the-3-5-7-rule-in-decorating,,PENDING,LINK,1489,2.8,50%,72.2,AI Suggestion,,
classy bathroom wall art uk,https://aboutwallart.com/blogs/news-articles-home-decor-inspiration/do-beige-and-grey-go-together-heres-how-to-make-it-work,,PENDING,LINK,1362,4.3,50%,70.7,AI Suggestion,,
classy bathroom wall art uk,https://aboutwallart.com/blogs/news-articles-home-decor-inspiration/what-colour-goes-with-grey-walls-essential-tips,,PENDING,LINK,728,5,50%,70,AI Suggestion,,
classy bathroom wall art uk,https://aboutwallart.com/blogs/news-articles-home-decor-inspiration/choosing-the-right-art-for-grey-walls,,PENDING,PENDING,213,5.7,50%,69.3,AI Suggestion,,
classy bathroom wall art uk,https://aboutwallart.com/blogs/news-articles-home-decor-inspiration/moisture-resistant-restroom-wall-art-what-actually-works,,PENDING,PENDING,538,5.8,50%,69.2,AI Suggestion,,
classy bathroom wall art uk,https://aboutwallart.com/blogs/news-articles-home-decor-inspiration/how-bedroom-wall-art-ideas-can-impact-your-quality-of-rest,,PENDING,PENDING,107,6.1,50%,68.9,AI Suggestion,,
classy bathroom wall art uk,https://aboutwallart.com/blogs/news-articles-home-decor-inspiration/old-money-style-interiors-classic-design-trends,,PENDING,PENDING,299,6.4,50%,68.6,AI Suggestion,,
3 pictures above bed,https://aboutwallart.com/products/3-pictures-above-bed-set-of-3-framed-wall-art,,PENDING,KEEP,48,4.7,100%,79.7,AI Suggestion,,
3 pictures above bed,https://aboutwallart.com/products/3-pictures-above-bed-set-of-3-framed-wall-art?variant=55160998855036&country=GB&currency=GBP,,PENDING,LINK,4,6.1,100%,65.1,AI Suggestion,,
3 pictures above bed,https://aboutwallart.com/products/3-pictures-above-bed-set-of-3-framed-wall-art?variant=55160998789500&country=GB&currency=GBP,,PENDING,LINK,4,7,100%,64.2,AI Suggestion,,
3 pictures above bed,https://aboutwallart.com/products/3-pictures-above-bed-set-of-3-framed-wall-art?variant=55850603053436,,PENDING,LINK,1,9.8,100%,60.5,AI Suggestion,,
3 pictures above bed,https://aboutwallart.com/products/bedroom-pictures-for-wall-set-of-3-art-prints?pr_prod_strat=pinned&pr_rec_id=f27b2b090&pr_rec_pid=8167995736350&pr_ref_pid=8167994065182&pr_seq=uniform,,PENDING,LINK,1,1.2,67%,52.5,AI Suggestion,,
3 pictures above bed,https://aboutwallart.com/cdn/shop/files/3-pictures-above-bed-set-of-3-framed-wall-art-996001.jpg?v=1749592343&width=1946,,PENDING,PENDING,1,18.3,100%,52,AI Suggestion,,
3 pictures above bed,https://aboutwallart.com/products/bedroom-pictures-for-wall-set-of-3-art-prints?variant=55160765251964,,PENDING,PENDING,1,3.1,67%,50.5,AI Suggestion,,
3 pictures above bed,https://aboutwallart.com/products/bedroom-pictures-for-wall-set-of-3-art-prints?variant=55849798271356,,PENDING,PENDING,3,4.1,67%,50.1,AI Suggestion,,
3 pictures above bed,https://aboutwallart.com/products/bedroom-pictures-for-wall-set-of-3-art-prints?variant=55856616702332&country=GB&currency=GBP,,PENDING,PENDING,1,3.6,67%,50,AI Suggestion,,
3 pictures above bed,https://aboutwallart.com/products/bedroom-pictures-for-wall-set-of-3-art-prints?variant=55849797779836&country=GB&currency=GBP,,PENDING,PENDING,1,3.8,67%,49.8,AI Suggestion,,
old money furniture,https://aboutwallart.com/blogs/news-articles-home-decor-inspiration/old-money-style-interiors-classic-design-trends,,PENDING,KEEP,299,6.4,67%,77,AI Suggestion,,
old money furniture,https://aboutwallart.com/pages/old-money-home-decor,,PENDING,LINK,26,7.6,67%,53.5,AI Suggestion,,
what colour goes with light grey,https://aboutwallart.com/blogs/news-articles-home-decor-inspiration/what-colour-goes-with-grey-walls-essential-tips,,PENDING,KEEP,728,5,83%,86.7,AI Suggestion,,
what colour goes with light grey,https://aboutwallart.com/blogs/news-articles-home-decor-inspiration/what-to-do-when-your-home-lacks-natural-light-decorate-with-living-room-wall-hangings,,PENDING,LINK,30,8.4,50%,45.6,AI Suggestion,,
what colour goes with light grey,https://aboutwallart.com/blogs/news-articles-home-decor-inspiration/how-to-decorate-with-greige-colours-the-blend-of-grey-beige,,PENDING,LINK,21,8.8,50%,42.5,AI Suggestion,,
types of wall art prints,https://aboutwallart.com/blogs/news-articles-home-decor-inspiration/types-of-wall-art,,PENDING,KEEP,209,6.6,75%,80.9,AI Suggestion,,
types of wall art prints,https://aboutwallart.com/blogs/news-articles-home-decor-inspiration/how-to-mix-and-blend-different-art-style-types,,PENDING,LINK,107,7.7,75%,79.8,AI Suggestion,,
types of wall art prints,https://aboutwallart.com/blogs/news-articles-home-decor-inspiration/what-is-the-3-5-7-rule-in-decorating,,PENDING,LINK,1489,2.8,50%,72.2,AI Suggestion,,
types of wall art prints,https://aboutwallart.com/blogs/news-articles-home-decor-inspiration/do-beige-and-grey-go-together-heres-how-to-make-it-work,,PENDING,LINK,1362,4.3,50%,70.7,AI Suggestion,,
types of wall art prints,https://aboutwallart.com/blogs/news-articles-home-decor-inspiration/what-colour-goes-with-grey-walls-essential-tips,,PENDING,LINK,728,5,50%,70,AI Suggestion,,
types of wall art prints,https://aboutwallart.com/blogs/news-articles-home-decor-inspiration/stylish-behind-toilet-decor-5-ideas-to-transform-your-small-bathroom,,PENDING,LINK,242,5.3,50%,69.7,AI Suggestion,,
types of wall art prints,https://aboutwallart.com/blogs/news-articles-home-decor-inspiration/choosing-the-right-art-for-grey-walls,,PENDING,PENDING,213,5.7,50%,69.3,AI Suggestion,,
types of wall art prints,https://aboutwallart.com/blogs/news-articles-home-decor-inspiration/moisture-resistant-restroom-wall-art-what-actually-works,,PENDING,PENDING,538,5.8,50%,69.2,AI Suggestion,,
types of wall art prints,https://aboutwallart.com/blogs/news-articles-home-decor-inspiration/transforming-spaces-the-power-of-japan-prints-and-feng-shui,,PENDING,PENDING,64,7.8,75%,68.9,AI Suggestion,,
types of wall art prints,https://aboutwallart.com/blogs/news-articles-home-decor-inspiration/how-bedroom-wall-art-ideas-can-impact-your-quality-of-rest,,PENDING,PENDING,107,6.1,50%,68.9,AI Suggestion,,
relaxing wall art for bedroom,https://aboutwallart.com/blogs/news-articles-home-decor-inspiration/stylish-behind-toilet-decor-5-ideas-to-transform-your-small-bathroom,,PENDING,KEEP,242,5.3,60%,74.7,AI Suggestion,,
relaxing wall art for bedroom,https://aboutwallart.com/blogs/news-articles-home-decor-inspiration/choosing-the-right-art-for-grey-walls,,PENDING,LINK,213,5.7,60%,74.3,AI Suggestion,,
relaxing wall art for bedroom,https://aboutwallart.com/blogs/news-articles-home-decor-inspiration/how-bedroom-wall-art-ideas-can-impact-your-quality-of-rest,,PENDING,LINK,107,6.1,60%,73.9,AI Suggestion,,
relaxing wall art for bedroom,https://aboutwallart.com/blogs/news-articles-home-decor-inspiration/wall-art-for-high-ceilings-7-creative-ideas,,PENDING,LINK,288,6.4,60%,73.6,AI Suggestion,,
relaxing wall art for bedroom,https://aboutwallart.com/blogs/news-articles-home-decor-inspiration/the-case-for-empty-spaces-when-less-truly-is-more,,PENDING,LINK,102,6.5,60%,73.5,AI Suggestion,,
relaxing wall art for bedroom,https://aboutwallart.com/blogs/news-articles-home-decor-inspiration/art-for-offices-inspiring-ideas-for-every-workspace,,PENDING,PENDING,101,7.8,60%,72.2,AI Suggestion,,
relaxing wall art for bedroom,https://aboutwallart.com/collections/framed-wall-pictures-for-living-room,,PENDING,LINK,198,7.8,60%,72.2,AI Suggestion,,
relaxing wall art for bedroom,https://aboutwallart.com/blogs/news-articles-home-decor-inspiration/bathroom-art-ideas-to-transform-your-bathroom-into-an-oasis,,PENDING,PENDING,225,8.4,60%,71.6,AI Suggestion,,
relaxing wall art for bedroom,https://aboutwallart.com/blogs/news-articles-home-decor-inspiration/determining-what-frame-size-do-i-need-for-my-space,,PENDING,PENDING,200,9.1,60%,70.9,AI Suggestion,,
relaxing wall art for bedroom,https://aboutwallart.com/pages/write-for-us,,PENDING,PENDING,496,11.1,60%,68.9,AI Suggestion,,
japandi home decor,https://aboutwallart.com/blogs/news-articles-home-decor-inspiration/what-is-the-3-5-7-rule-in-decorating,,PENDING,KEEP,1489,2.8,67%,80.5,AI Suggestion,,
japandi home decor,https://aboutwallart.com/blogs/news-articles-home-decor-inspiration/do-beige-and-grey-go-together-heres-how-to-make-it-work,,PENDING,LINK,1362,4.3,67%,79.1,AI Suggestion,,
japandi home decor,https://aboutwallart.com/blogs/news-articles-home-decor-inspiration/what-colour-goes-with-grey-walls-essential-tips,,PENDING,LINK,728,5,67%,78.3,AI Suggestion,,
japandi home decor,https://aboutwallart.com/blogs/news-articles-home-decor-inspiration/stylish-behind-toilet-decor-5-ideas-to-transform-your-small-bathroom,,PENDING,LINK,242,5.3,67%,78,AI Suggestion,,
japandi home decor,https://aboutwallart.com/blogs/news-articles-home-decor-inspiration/choosing-the-right-art-for-grey-walls,,PENDING,LINK,213,5.7,67%,77.6,AI Suggestion,,
japandi home decor,https://aboutwallart.com/blogs/news-articles-home-decor-inspiration/moisture-resistant-restroom-wall-art-what-actually-works,,PENDING,PENDING,538,5.8,67%,77.5,AI Suggestion,,
japandi home decor,https://aboutwallart.com/blogs/news-articles-home-decor-inspiration/how-bedroom-wall-art-ideas-can-impact-your-quality-of-rest,,PENDING,LINK,107,6.1,67%,77.2,AI Suggestion,,
japandi home decor,https://aboutwallart.com/blogs/news-articles-home-decor-inspiration/old-money-style-interiors-classic-design-trends,,PENDING,PENDING,299,6.4,67%,77,AI Suggestion,,
japandi home decor,https://aboutwallart.com/blogs/news-articles-home-decor-inspiration/wall-art-for-high-ceilings-7-creative-ideas,,PENDING,PENDING,288,6.4,67%,76.9,AI Suggestion,,
japandi home decor,https://aboutwallart.com/blogs/news-articles-home-decor-inspiration/cherry-blossom-art-japan-understanding-the-deep-symbolism,,PENDING,PENDING,114,6.4,67%,76.9,AI Suggestion,,
black and white art styles,https://aboutwallart.com/blogs/news-articles-home-decor-inspiration/black-and-white-art-styles-and-how-to-use-them-at-home,,PENDING,KEEP,24,7.5,100%,69.7,AI Suggestion,,
black and white art styles,https://aboutwallart.com/blogs/news-articles-home-decor-inspiration/creating-a-retreat-with-black-and-white-wall-art-for-bedroom,,PENDING,REPURPOSE,36,7.5,80%,63.3,AI Suggestion,,
black and white art styles,https://aboutwallart.com/products/new-york-white-and-black-art-for-living-room-set-of-3-wall-art-prints,,PENDING,LINK,18,6.4,80%,59,AI Suggestion,,
black and white art styles,https://aboutwallart.com/products/black-and-white-japanese-art-set-of-3-wall-art-prints,,PENDING,LINK,10,4.4,80%,58.6,AI Suggestion,,
black and white art styles,https://aboutwallart.com/products/white-and-black-prints-set-of-3-wall-art-prints?variant=55161173279100&country=GB&currency=GBP&utm_medium=product_sync&utm_source=google&utm_content=sag_organic&utm_campaign=sag_organic,,PENDING,LINK,2,2.5,80%,58.1,AI Suggestion,,
black and white art styles,https://aboutwallart.com/products/manhattan-black-and-white-prints-set-of-3-wall-art-prints,,PENDING,LINK,7,5.7,80%,56.4,AI Suggestion,,
black and white art styles,https://aboutwallart.com/products/artistic-black-and-white-wall-pictures-set-of-3-art-prints?variant=55849743352188,,PENDING,PENDING,1,4.2,80%,56.1,AI Suggestion,,
black and white art styles,https://aboutwallart.com/products/white-and-black-wall-art-set-of-3-prints?variant=55849557328252,,PENDING,PENDING,1,4.5,80%,55.8,AI Suggestion,,
black and white art styles,https://aboutwallart.com/products/white-and-black-wall-art-set-of-3-prints,,PENDING,PENDING,4,6.2,80%,55,AI Suggestion,,
black and white art styles,https://aboutwallart.com/blogs/news-articles-home-decor-inspiration/black-and-white-magic-creating-galleries-framed-wall-art,,PENDING,PENDING,2,5.7,80%,55,AI Suggestion,,
colour that goes with grey,https://aboutwallart.com/blogs/news-articles-home-decor-inspiration/what-colour-goes-with-grey-walls-essential-tips,,PENDING,KEEP,728,5,80%,85,AI Suggestion,,
colour that goes with grey,https://aboutwallart.com/blogs/news-articles-home-decor-inspiration/how-to-decorate-with-greige-colours-the-blend-of-grey-beige,,PENDING,LINK,21,8.8,60%,47.5,AI Suggestion,,
colour that goes with grey,https://aboutwallart.com/blogs/news-articles-home-decor-inspiration/colors-that-go-with-grey-perfect-combinations-for-home-decor,,PENDING,LINK,12,13.1,60%,40.6,AI Suggestion,,
waterproof wall art,https://aboutwallart.com/blogs/news-articles-home-decor-inspiration/what-is-the-3-5-7-rule-in-decorating,,PENDING,KEEP,1489,2.8,67%,80.5,AI Suggestion,,
waterproof wall art,https://aboutwallart.com/blogs/news-articles-home-decor-inspiration/do-beige-and-grey-go-together-heres-how-to-make-it-work,,PENDING,LINK,1362,4.3,67%,79.1,AI Suggestion,,
waterproof wall art,https://aboutwallart.com/blogs/news-articles-home-decor-inspiration/what-colour-goes-with-grey-walls-essential-tips,,PENDING,LINK,728,5,67%,78.3,AI Suggestion,,
waterproof wall art,https://aboutwallart.com/blogs/news-articles-home-decor-inspiration/stylish-behind-toilet-decor-5-ideas-to-transform-your-small-bathroom,,PENDING,LINK,242,5.3,67%,78,AI Suggestion,,
waterproof wall art,https://aboutwallart.com/blogs/news-articles-home-decor-inspiration/choosing-the-right-art-for-grey-walls,,PENDING,LINK,213,5.7,67%,77.6,AI Suggestion,,
waterproof wall art,https://aboutwallart.com/blogs/news-articles-home-decor-inspiration/moisture-resistant-restroom-wall-art-what-actually-works,,PENDING,PENDING,538,5.8,67%,77.5,AI Suggestion,,
waterproof wall art,https://aboutwallart.com/blogs/news-articles-home-decor-inspiration/how-bedroom-wall-art-ideas-can-impact-your-quality-of-rest,,PENDING,LINK,107,6.1,67%,77.2,AI Suggestion,,
waterproof wall art,https://aboutwallart.com/blogs/news-articles-home-decor-inspiration/old-money-style-interiors-classic-design-trends,,PENDING,PENDING,299,6.4,67%,77,AI Suggestion,,
waterproof wall art,https://aboutwallart.com/blogs/news-articles-home-decor-inspiration/wall-art-for-high-ceilings-7-creative-ideas,,PENDING,PENDING,288,6.4,67%,76.9,AI Suggestion,,
waterproof wall art,https://aboutwallart.com/blogs/news-articles-home-decor-inspiration/cherry-blossom-art-japan-understanding-the-deep-symbolism,,PENDING,PENDING,114,6.4,67%,76.9,AI Suggestion,,
high ceiling wall decor ideas,https://aboutwallart.com/blogs/news-articles-home-decor-inspiration/wall-art-for-high-ceilings-7-creative-ideas,,PENDING,KEEP,288,6.4,100%,93.6,AI Suggestion,,
high ceiling wall decor ideas,https://aboutwallart.com/blogs/news-articles-home-decor-inspiration/stylish-behind-toilet-decor-5-ideas-to-transform-your-small-bathroom,,PENDING,LINK,242,5.3,60%,74.7,AI Suggestion,,
high ceiling wall decor ideas,https://aboutwallart.com/blogs/news-articles-home-decor-inspiration/how-bedroom-wall-art-ideas-can-impact-your-quality-of-rest,,PENDING,LINK,107,6.1,60%,73.9,AI Suggestion,,
high ceiling wall decor ideas,https://aboutwallart.com/blogs/news-articles-home-decor-inspiration/decorating-above-toilet-stylish-ideas-to-elevate-your-bathroom,,PENDING,LINK,139,6.5,60%,73.5,AI Suggestion,,
high ceiling wall decor ideas,https://aboutwallart.com/blogs/news-articles-home-decor-inspiration/masculine-home-decor-stylish-ideas-to-elevate-any-modern-space,,PENDING,LINK,145,7.2,60%,72.8,AI Suggestion,,
high ceiling wall decor ideas,https://aboutwallart.com/blogs/news-articles-home-decor-inspiration/art-for-offices-inspiring-ideas-for-every-workspace,,PENDING,PENDING,101,7.8,60%,72.2,AI Suggestion,,
high ceiling wall decor ideas,https://aboutwallart.com/blogs/news-articles-home-decor-inspiration/bathroom-art-ideas-to-transform-your-bathroom-into-an-oasis,,PENDING,PENDING,225,8.4,60%,71.6,AI Suggestion,,
high ceiling wall decor ideas,https://aboutwallart.com/blogs/news-articles-home-decor-inspiration/top-8-hallway-art-ideas-to-transform-your-space,,PENDING,PENDING,75,8.7,60%,63.8,AI Suggestion,,
high ceiling wall decor ideas,https://aboutwallart.com/blogs/news-articles-home-decor-inspiration/asian-home-decor-ideas-for-tranquil-nature-led-interiors,,PENDING,PENDING,66,8.6,60%,61.2,AI Suggestion,,
high ceiling wall decor ideas,https://aboutwallart.com/blogs/news-articles-home-decor-inspiration/coastal-decor-bedroom-ideas-how-to-style-it,,PENDING,PENDING,57,7.9,60%,59.2,AI Suggestion,,
3-5-7 rule interior design,https://aboutwallart.com/blogs/news-articles-home-decor-inspiration/what-is-the-3-5-7-rule-in-decorating,,PENDING,KEEP,1489,2.8,50%,72.2,AI Suggestion,,
3-5-7 rule interior design,https://aboutwallart.com/blogs/news-articles-home-decor-inspiration/old-money-style-interiors-classic-design-trends,,PENDING,LINK,299,6.4,50%,68.6,AI Suggestion,,
3-5-7 rule interior design,https://aboutwallart.com/blogs/news-articles-home-decor-inspiration/understanding-art-in-interior-design,,PENDING,LINK,34,10,50%,45.2,AI Suggestion,,
3-5-7 rule interior design,https://aboutwallart.com/blogs/news-articles-home-decor-inspiration/kitchen-wall-art-expert-interior-design-tips-trends-2026,,PENDING,LINK,15,5.9,50%,43.6,AI Suggestion,,
3-5-7 rule interior design,https://aboutwallart.com/blogs/news-articles-home-decor-inspiration/design-principles-in-art-simple-rules-for-better-wall-displays,,PENDING,LINK,3,5.1,50%,40.8,AI Suggestion,,
3-5-7 rule interior design,https://aboutwallart.com/products/japandi-interior-design-set-of-3-wall-art-prints,,PENDING,LINK,7,6.5,50%,40.6,AI Suggestion,,
3-5-7 rule interior design,https://aboutwallart.com/collections/biophilic-interior-design?page=3,,PENDING,PENDING,3,5.9,50%,40,AI Suggestion,,
3-5-7 rule interior design,https://aboutwallart.com/products/japandi-interior-design-set-of-3-wall-art-prints?variant=55161848725884,,PENDING,PENDING,1,5.6,50%,39.7,AI Suggestion,,
3-5-7 rule interior design,https://aboutwallart.com/blogs/news-articles-home-decor-inspiration/apartment-interior-renovation-checklist-planning-design-trends-cost-factors,,PENDING,PENDING,3,6.6,50%,39.3,AI Suggestion,,
3-5-7 rule interior design,https://aboutwallart.com/blogs/news-articles-home-decor-inspiration/a-guide-to-a-different-type-of-interior-design-for-a-calming-home,,PENDING,PENDING,3,6.7,50%,39.2,AI Suggestion,,
decoration islamique,https://aboutwallart.com/products/office-wall-decorations-set-of-3-framed-wall-art-prints?pr_prod_strat=use_description&pr_rec_id=3499e27c1&pr_rec_pid=8167998587166&pr_ref_pid=8167999963422&pr_seq=uniform,,PENDING,KEEP,2,1.3,50%,44.4,AI Suggestion,,
decoration islamique,https://aboutwallart.com/products/ramadan-mubarak-decorations-for-bedroom-set-of-3-wall-art-prints?variant=55160762761596&country=GB&currency=GBP,,PENDING,LINK,1,3.6,50%,41.7,AI Suggestion,,
decoration islamique,https://aboutwallart.com/products/bathroom-wall-decoration-set-of-2-framed-wall-art-prints,,PENDING,LINK,1,4.7,50%,40.6,AI Suggestion,,
decoration islamique,https://aboutwallart.com/blogs/news-articles-home-decor-inspiration/never-too-small-wall-decoration-office-ideas-for-apartments,,PENDING,LINK,7,7.3,50%,39.8,AI Suggestion,,
decoration islamique,https://aboutwallart.com/blogs/news-articles-home-decor-inspiration/creative-toilet-decorations-to-elevate-your-small-bathroom,,PENDING,LINK,7,7.4,50%,39.7,AI Suggestion,,
decoration islamique,https://aboutwallart.com/products/ramadan-decoration-ideas-set-of-3-wall-art-prints,,PENDING,LINK,2,7,50%,38.6,AI Suggestion,,
decoration islamique,https://aboutwallart.com/blogs/news-articles-home-decor-inspiration/main-bedroom-decoration-ideas-for-comfort-and-style,,PENDING,PENDING,1,7.6,50%,37.7,AI Suggestion,,
decoration islamique,https://aboutwallart.com/products/coffee-shop-decorations-set-of-3-wall-art-prints,,PENDING,PENDING,3,8.3,50%,37.5,AI Suggestion,,
decoration islamique,https://aboutwallart.com/products/eid-mubarak-decorations-wall-art-print?pr_prod_strat=copurchase_transfer_learning&pr_rec_id=fe19bae29&pr_rec_pid=8167986626846&pr_ref_pid=8167982137630&pr_seq=uniform,,PENDING,PENDING,1,8.7,50%,36.6,AI Suggestion,,
decoration islamique,https://aboutwallart.com/blogs/news-articles-home-decor-inspiration/creative-childrens-room-wall-decorations,,PENDING,PENDING,2,9.3,50%,36.4,AI Suggestion,,
old money style interior design,https://aboutwallart.com/blogs/news-articles-home-decor-inspiration/old-money-style-interiors-classic-design-trends,,PENDING,KEEP,299,6.4,100%,93.6,AI Suggestion,,
old money style interior design,https://aboutwallart.com/blogs/news-articles-home-decor-inspiration/list-of-interior-design-styles-find-the-perfect-look-for-your-home,,PENDING,LINK,4,13.6,60%,37.6,AI Suggestion,,
wall decor trends 2026,https://aboutwallart.com/blogs/news-articles-home-decor-inspiration/my-guide-to-the-top-interior-decorating-trends-2026,,PENDING,KEEP,101,7.7,100%,92.3,AI Suggestion,,
wall decor trends 2026,https://aboutwallart.com/blogs/news-articles-home-decor-inspiration/old-money-style-interiors-classic-design-trends,,PENDING,LINK,299,6.4,75%,81.1,AI Suggestion,,
wall decor trends 2026,https://aboutwallart.com/blogs/news-articles-home-decor-inspiration/what-is-the-3-5-7-rule-in-decorating,,PENDING,LINK,1489,2.8,50%,72.2,AI Suggestion,,
wall decor trends 2026,https://aboutwallart.com/blogs/news-articles-home-decor-inspiration/do-beige-and-grey-go-together-heres-how-to-make-it-work,,PENDING,LINK,1362,4.3,50%,70.7,AI Suggestion,,
wall decor trends 2026,https://aboutwallart.com/blogs/news-articles-home-decor-inspiration/what-colour-goes-with-grey-walls-essential-tips,,PENDING,LINK,728,5,50%,70,AI Suggestion,,
wall decor trends 2026,https://aboutwallart.com/blogs/news-articles-home-decor-inspiration/stylish-behind-toilet-decor-5-ideas-to-transform-your-small-bathroom,,PENDING,LINK,242,5.3,50%,69.7,AI Suggestion,,
wall decor trends 2026,https://aboutwallart.com/blogs/news-articles-home-decor-inspiration/choosing-the-right-art-for-grey-walls,,PENDING,LINK,213,5.7,50%,69.3,AI Suggestion,,
wall decor trends 2026,https://aboutwallart.com/blogs/news-articles-home-decor-inspiration/moisture-resistant-restroom-wall-art-what-actually-works,,PENDING,PENDING,538,5.8,50%,69.2,AI Suggestion,,
wall decor trends 2026,https://aboutwallart.com/blogs/news-articles-home-decor-inspiration/how-bedroom-wall-art-ideas-can-impact-your-quality-of-rest,,PENDING,PENDING,107,6.1,50%,68.9,AI Suggestion,,
wall decor trends 2026,https://aboutwallart.com/blogs/news-articles-home-decor-inspiration/kitchen-wall-art-expert-interior-design-tips-trends-2026,,PENDING,PENDING,15,5.9,100%,68.6,AI Suggestion,,
black and gold bathroom wall decor,https://aboutwallart.com/blogs/news-articles-home-decor-inspiration/do-beige-and-grey-go-together-heres-how-to-make-it-work,,PENDING,KEEP,1362,4.3,50%,70.7,AI Suggestion,,
black and gold bathroom wall decor,https://aboutwallart.com/blogs/news-articles-home-decor-inspiration/stylish-behind-toilet-decor-5-ideas-to-transform-your-small-bathroom,,PENDING,LINK,242,5.3,50%,69.7,AI Suggestion,,
black and gold bathroom wall decor,https://aboutwallart.com/blogs/news-articles-home-decor-inspiration/cherry-blossom-art-japan-understanding-the-deep-symbolism,,PENDING,LINK,114,6.4,50%,68.6,AI Suggestion,,
black and gold bathroom wall decor,https://aboutwallart.com/blogs/news-articles-home-decor-inspiration/decorating-above-toilet-stylish-ideas-to-elevate-your-bathroom,,PENDING,LINK,139,6.5,50%,68.5,AI Suggestion,,
black and gold bathroom wall decor,https://aboutwallart.com/blogs/news-articles-home-decor-inspiration/understanding-art-color-meaning-emotions-symbolism,,PENDING,LINK,138,7.3,50%,67.8,AI Suggestion,,
black and gold bathroom wall decor,https://aboutwallart.com/blogs/news-articles-home-decor-inspiration/how-to-mix-and-blend-different-art-style-types,,PENDING,LINK,107,7.7,50%,67.3,AI Suggestion,,
black and gold bathroom wall decor,https://aboutwallart.com/blogs/news-articles-home-decor-inspiration/small-studio-apartment-decor-10-genius-tips-and-hacks,,PENDING,LINK,98,7.2,50%,67.2,AI Suggestion,,
black and gold bathroom wall decor,https://aboutwallart.com/blogs/news-articles-home-decor-inspiration/bathroom-art-ideas-to-transform-your-bathroom-into-an-oasis,,PENDING,PENDING,225,8.4,50%,66.6,AI Suggestion,,
black and gold bathroom wall decor,https://aboutwallart.com/products/bathroom-decor-in-black-an-gold-set-of-3-framed-wall-art,,PENDING,PENDING,10,4.8,83%,59.9,AI Suggestion,,
black and gold bathroom wall decor,https://aboutwallart.com/products/bathroom-decor-in-black-an-gold-set-of-3-framed-wall-art?variant=55849616245116,,PENDING,PENDING,1,4.1,83%,57.9,AI Suggestion,,
colours and emotions in art,https://aboutwallart.com/blogs/news-articles-home-decor-inspiration/understanding-art-color-meaning-emotions-symbolism,,PENDING,KEEP,138,7.3,75%,80.3,AI Suggestion,,
colours and emotions in art,https://aboutwallart.com/blogs/news-articles-home-decor-inspiration/do-beige-and-grey-go-together-heres-how-to-make-it-work,,PENDING,LINK,1362,4.3,50%,70.7,AI Suggestion,,
colours and emotions in art,https://aboutwallart.com/blogs/news-articles-home-decor-inspiration/cherry-blossom-art-japan-understanding-the-deep-symbolism,,PENDING,LINK,114,6.4,50%,68.6,AI Suggestion,,
colours and emotions in art,https://aboutwallart.com/blogs/news-articles-home-decor-inspiration/how-to-mix-and-blend-different-art-style-types,,PENDING,LINK,107,7.7,50%,67.3,AI Suggestion,,
colours and emotions in art,https://aboutwallart.com/blogs/news-articles-home-decor-inspiration/small-studio-apartment-decor-10-genius-tips-and-hacks,,PENDING,LINK,98,7.2,50%,67.2,AI Suggestion,,
colours and emotions in art,https://aboutwallart.com/blogs/news-articles-home-decor-inspiration/transforming-spaces-the-power-of-japan-prints-and-feng-shui,,PENDING,LINK,64,7.8,50%,56.4,AI Suggestion,,
colours and emotions in art,https://aboutwallart.com/blogs/news-articles-home-decor-inspiration/kitchen-trends-for-2026-colours-layouts-and-must-have-features/,,PENDING,LINK,5,6.6,75%,52.4,AI Suggestion,,
colours and emotions in art,https://aboutwallart.com/blogs/news-articles-home-decor-inspiration/kitchen-trends-for-2026-colours-layouts-and-must-have-features,,PENDING,PENDING,2,6.9,75%,51.2,AI Suggestion,,
colours and emotions in art,https://aboutwallart.com/blogs/news-articles-home-decor-inspiration/japandi-home-decor-a-calm-blend-of-east-meets-west,,PENDING,PENDING,40,7.7,50%,49.3,AI Suggestion,,
colours and emotions in art,https://aboutwallart.com/blogs/news-articles-home-decor-inspiration/using-black-accents-to-add-drama-and-depth-to-your-home,,PENDING,PENDING,34,6.3,50%,48.9,AI Suggestion,,
old money interior design style,https://aboutwallart.com/blogs/news-articles-home-decor-inspiration/old-money-style-interiors-classic-design-trends,,PENDING,KEEP,299,6.4,100%,93.6,AI Suggestion,,
old money interior design style,https://aboutwallart.com/blogs/news-articles-home-decor-inspiration/list-of-interior-design-styles-find-the-perfect-look-for-your-home,,PENDING,LINK,4,13.6,60%,37.6,AI Suggestion,,
waterproof frames for bathroom,https://aboutwallart.com/blogs/news-articles-home-decor-inspiration/stylish-behind-toilet-decor-5-ideas-to-transform-your-small-bathroom,,PENDING,KEEP,242,5.3,50%,69.7,AI Suggestion,,
waterproof frames for bathroom,https://aboutwallart.com/blogs/news-articles-home-decor-inspiration/bathroom-art-ideas-to-transform-your-bathroom-into-an-oasis,,PENDING,LINK,225,8.4,50%,66.6,AI Suggestion,,
waterproof frames for bathroom,https://aboutwallart.com/products/large-frames-for-pictures-in-sizes-a4-a3-a2-20x30-in,,PENDING,LINK,21,5.2,50%,46.1,AI Suggestion,,
waterproof frames for bathroom,https://aboutwallart.com/blogs/news-articles-home-decor-inspiration/bathroom-wall-decor-ideas-for-spa-like-spaces,,PENDING,LINK,26,8.1,50%,44.7,AI Suggestion,,
waterproof frames for bathroom,https://aboutwallart.com/products/bathroom-artwork-prints-set-of-3-framed-wall-art-prints?pr_prod_strat=pinned&pr_rec_id=2502a320f&pr_rec_pid=8167972241694&pr_ref_pid=8167972897054&pr_seq=uniform,,PENDING,LINK,2,1,50%,44.6,AI Suggestion,,
waterproof frames for bathroom,https://aboutwallart.com/products/framed-art-for-bathroom-set-of-3-green-botanical-wall-art?variant=47153193156894,,PENDING,PENDING,1,1.1,50%,44.2,AI Suggestion,,
waterproof frames for bathroom,https://aboutwallart.com/products/art-prints-for-the-bathroom-set-of-3-wall-art-prints?pr_prod_strat=e5_desc&pr_rec_id=2d9082061&pr_rec_pid=8167974273310&pr_ref_pid=8167974076702&pr_seq=uniform,,PENDING,PENDING,1,1.2,50%,44.1,AI Suggestion,,
waterproof frames for bathroom,https://aboutwallart.com/products/modern-bathroom-wall-decor-ideas-set-of-3-wall-art-prints?pr_prod_strat=e5_desc&pr_rec_id=0793c8f3f&pr_rec_pid=8517977899294&pr_ref_pid=8807650459934&pr_seq=uniform,,PENDING,PENDING,1,1.2,50%,44.1,AI Suggestion,,
waterproof frames for bathroom,https://aboutwallart.com/products/art-for-a-bathrooms-set-of-3-framed-wall-art?pr_prod_strat=e5_desc&pr_rec_id=2d9082061&pr_rec_pid=8566718071070&pr_ref_pid=8167974076702&pr_seq=uniform,,PENDING,PENDING,1,1.3,50%,44,AI Suggestion,,
waterproof frames for bathroom,https://aboutwallart.com/products/art-prints-for-the-bathroom-set-of-3-wall-art-prints?pr_prod_strat=pinned&pr_rec_id=7cfe23379&pr_rec_pid=8167974273310&pr_ref_pid=9013683388702&pr_seq=uniform,,PENDING,PENDING,2,1.8,50%,43.8,AI Suggestion,,
what is the 3 5 7 rule in interior design,https://aboutwallart.com/blogs/news-articles-home-decor-inspiration/what-is-the-3-5-7-rule-in-decorating,,PENDING,KEEP,1489,2.8,60%,77.2,AI Suggestion,,
what is the 3 5 7 rule in interior design,https://aboutwallart.com/blogs/news-articles-home-decor-inspiration/what-are-the-key-home-interior-trends-2026-for-living-rooms,,PENDING,LINK,5,9,60%,42.5,AI Suggestion,,
what is the 3 5 7 rule in interior design,https://aboutwallart.com/blogs/news-articles-home-decor-inspiration/top-interior-design-trends-to-watch-for-in-the-coming-year,,PENDING,LINK,1,8.8,60%,41.5,AI Suggestion,,
what is the 3 5 7 rule in interior design,https://aboutwallart.com/blogs/news-articles-home-decor-inspiration/balancing-function-and-aesthetics-a-guide-to-practical-interior-design,,PENDING,LINK,1,10.5,60%,39.8,AI Suggestion,,
what is the 3 5 7 rule in interior design,https://aboutwallart.com/blogs/news-articles-home-decor-inspiration/list-of-interior-design-styles-find-the-perfect-look-for-your-home,,PENDING,LINK,4,13.6,60%,37.6,AI Suggestion,,
2026 wall art trends,https://aboutwallart.com/blogs/news-articles-home-decor-inspiration/my-guide-to-the-top-interior-decorating-trends-2026,,PENDING,KEEP,101,7.7,100%,92.3,AI Suggestion,,
2026 wall art trends,https://aboutwallart.com/blogs/news-articles-home-decor-inspiration/old-money-style-interiors-classic-design-trends,,PENDING,LINK,299,6.4,75%,81.1,AI Suggestion,,
2026 wall art trends,https://aboutwallart.com/blogs/news-articles-home-decor-inspiration/what-is-the-3-5-7-rule-in-decorating,,PENDING,LINK,1489,2.8,50%,72.2,AI Suggestion,,
2026 wall art trends,https://aboutwallart.com/blogs/news-articles-home-decor-inspiration/do-beige-and-grey-go-together-heres-how-to-make-it-work,,PENDING,LINK,1362,4.3,50%,70.7,AI Suggestion,,
2026 wall art trends,https://aboutwallart.com/blogs/news-articles-home-decor-inspiration/what-colour-goes-with-grey-walls-essential-tips,,PENDING,LINK,728,5,50%,70,AI Suggestion,,
2026 wall art trends,https://aboutwallart.com/blogs/news-articles-home-decor-inspiration/stylish-behind-toilet-decor-5-ideas-to-transform-your-small-bathroom,,PENDING,LINK,242,5.3,50%,69.7,AI Suggestion,,
2026 wall art trends,https://aboutwallart.com/blogs/news-articles-home-decor-inspiration/choosing-the-right-art-for-grey-walls,,PENDING,LINK,213,5.7,50%,69.3,AI Suggestion,,
2026 wall art trends,https://aboutwallart.com/blogs/news-articles-home-decor-inspiration/moisture-resistant-restroom-wall-art-what-actually-works,,PENDING,PENDING,538,5.8,50%,69.2,AI Suggestion,,
2026 wall art trends,https://aboutwallart.com/blogs/news-articles-home-decor-inspiration/how-bedroom-wall-art-ideas-can-impact-your-quality-of-rest,,PENDING,PENDING,107,6.1,50%,68.9,AI Suggestion,,
2026 wall art trends,https://aboutwallart.com/blogs/news-articles-home-decor-inspiration/kitchen-wall-art-expert-interior-design-tips-trends-2026,,PENDING,PENDING,15,5.9,100%,68.6,AI Suggestion,,
bathroom safe wall art,https://aboutwallart.com/blogs/news-articles-home-decor-inspiration/stylish-behind-toilet-decor-5-ideas-to-transform-your-small-bathroom,,PENDING,KEEP,242,5.3,75%,82.2,AI Suggestion,,
bathroom safe wall art,https://aboutwallart.com/blogs/news-articles-home-decor-inspiration/decorating-above-toilet-stylish-ideas-to-elevate-your-bathroom,,PENDING,LINK,139,6.5,75%,81,AI Suggestion,,
bathroom safe wall art,https://aboutwallart.com/blogs/news-articles-home-decor-inspiration/bathroom-art-ideas-to-transform-your-bathroom-into-an-oasis,,PENDING,LINK,225,8.4,75%,79.1,AI Suggestion,,
bathroom safe wall art,https://aboutwallart.com/blogs/news-articles-home-decor-inspiration/what-is-the-3-5-7-rule-in-decorating,,PENDING,LINK,1489,2.8,50%,72.2,AI Suggestion,,
bathroom safe wall art,https://aboutwallart.com/blogs/news-articles-home-decor-inspiration/do-beige-and-grey-go-together-heres-how-to-make-it-work,,PENDING,LINK,1362,4.3,50%,70.7,AI Suggestion,,
bathroom safe wall art,https://aboutwallart.com/blogs/news-articles-home-decor-inspiration/what-colour-goes-with-grey-walls-essential-tips,,PENDING,LINK,728,5,50%,70,AI Suggestion,,
bathroom safe wall art,https://aboutwallart.com/blogs/news-articles-home-decor-inspiration/choosing-the-right-art-for-grey-walls,,PENDING,PENDING,213,5.7,50%,69.3,AI Suggestion,,
bathroom safe wall art,https://aboutwallart.com/blogs/news-articles-home-decor-inspiration/moisture-resistant-restroom-wall-art-what-actually-works,,PENDING,PENDING,538,5.8,50%,69.2,AI Suggestion,,
bathroom safe wall art,https://aboutwallart.com/blogs/news-articles-home-decor-inspiration/how-bedroom-wall-art-ideas-can-impact-your-quality-of-rest,,PENDING,PENDING,107,6.1,50%,68.9,AI Suggestion,,
bathroom safe wall art,https://aboutwallart.com/blogs/news-articles-home-decor-inspiration/old-money-style-interiors-classic-design-trends,,PENDING,PENDING,299,6.4,50%,68.6,AI Suggestion,,
decoration,https://aboutwallart.com/products/office-wall-decorations-set-of-3-framed-wall-art-prints?pr_prod_strat=use_description&pr_rec_id=3499e27c1&pr_rec_pid=8167998587166&pr_ref_pid=8167999963422&pr_seq=uniform,,PENDING,KEEP,2,1.3,100%,69.3,AI Suggestion,,
decoration,https://aboutwallart.com/products/ramadan-mubarak-decorations-for-bedroom-set-of-3-wall-art-prints?variant=55160762761596&country=GB&currency=GBP,,PENDING,LINK,1,3.6,100%,66.7,AI Suggestion,,
decoration,https://aboutwallart.com/products/bathroom-wall-decoration-set-of-2-framed-wall-art-prints,,PENDING,LINK,1,4.7,100%,65.6,AI Suggestion,,
decoration,https://aboutwallart.com/blogs/news-articles-home-decor-inspiration/never-too-small-wall-decoration-office-ideas-for-apartments,,PENDING,LINK,7,7.3,100%,64.8,AI Suggestion,,
decoration,https://aboutwallart.com/blogs/news-articles-home-decor-inspiration/creative-toilet-decorations-to-elevate-your-small-bathroom,,PENDING,LINK,7,7.4,100%,64.7,AI Suggestion,,
decoration,https://aboutwallart.com/products/ramadan-decoration-ideas-set-of-3-wall-art-prints,,PENDING,LINK,2,7,100%,63.6,AI Suggestion,,
decoration,https://aboutwallart.com/blogs/news-articles-home-decor-inspiration/main-bedroom-decoration-ideas-for-comfort-and-style,,PENDING,PENDING,1,7.6,100%,62.7,AI Suggestion,,
decoration,https://aboutwallart.com/products/coffee-shop-decorations-set-of-3-wall-art-prints,,PENDING,PENDING,3,8.3,100%,62.5,AI Suggestion,,
decoration,https://aboutwallart.com/products/eid-mubarak-decorations-wall-art-print?pr_prod_strat=copurchase_transfer_learning&pr_rec_id=fe19bae29&pr_rec_pid=8167986626846&pr_ref_pid=8167982137630&pr_seq=uniform,,PENDING,PENDING,1,8.7,100%,61.6,AI Suggestion,,
decoration,https://aboutwallart.com/blogs/news-articles-home-decor-inspiration/creative-childrens-room-wall-decorations,,PENDING,PENDING,2,9.3,100%,61.4,AI Suggestion,,
living room decor ideas,https://aboutwallart.com/blogs/news-articles-home-decor-inspiration/stylish-behind-toilet-decor-5-ideas-to-transform-your-small-bathroom,,PENDING,KEEP,242,5.3,75%,82.2,AI Suggestion,,
living room decor ideas,https://aboutwallart.com/blogs/news-articles-home-decor-inspiration/how-bedroom-wall-art-ideas-can-impact-your-quality-of-rest,,PENDING,LINK,107,6.1,75%,81.4,AI Suggestion,,
living room decor ideas,https://aboutwallart.com/blogs/news-articles-home-decor-inspiration/decorating-above-toilet-stylish-ideas-to-elevate-your-bathroom,,PENDING,LINK,139,6.5,75%,81,AI Suggestion,,
living room decor ideas,https://aboutwallart.com/blogs/news-articles-home-decor-inspiration/bathroom-art-ideas-to-transform-your-bathroom-into-an-oasis,,PENDING,LINK,225,8.4,75%,79.1,AI Suggestion,,
living room decor ideas,https://aboutwallart.com/blogs/news-articles-home-decor-inspiration/moisture-resistant-restroom-wall-art-what-actually-works,,PENDING,LINK,538,5.8,50%,69.2,AI Suggestion,,
living room decor ideas,https://aboutwallart.com/blogs/news-articles-home-decor-inspiration/wall-art-for-high-ceilings-7-creative-ideas,,PENDING,LINK,288,6.4,50%,68.6,AI Suggestion,,
living room decor ideas,https://aboutwallart.com/blogs/news-articles-home-decor-inspiration/masculine-home-decor-stylish-ideas-to-elevate-any-modern-space,,PENDING,PENDING,145,7.2,50%,67.8,AI Suggestion,,
living room decor ideas,https://aboutwallart.com/blogs/news-articles-home-decor-inspiration/art-for-offices-inspiring-ideas-for-every-workspace,,PENDING,PENDING,101,7.8,50%,67.2,AI Suggestion,,
living room decor ideas,https://aboutwallart.com/collections/framed-wall-pictures-for-living-room,,PENDING,PENDING,198,7.8,50%,67.2,AI Suggestion,,
living room decor ideas,https://aboutwallart.com/blogs/news-articles-home-decor-inspiration/coastal-decor-bedroom-ideas-how-to-style-it,,PENDING,PENDING,57,7.9,75%,66.7,AI Suggestion,,
living room wall decor ideas,https://aboutwallart.com/blogs/news-articles-home-decor-inspiration/stylish-behind-toilet-decor-5-ideas-to-transform-your-small-bathroom,,PENDING,KEEP,242,5.3,80%,84.7,AI Suggestion,,
living room wall decor ideas,https://aboutwallart.com/blogs/news-articles-home-decor-inspiration/how-bedroom-wall-art-ideas-can-impact-your-quality-of-rest,,DONE,LOCKED_TO_OTHER_KEYWORD,107,6.1,80%,83.9,AI Suggestion,,
living room wall decor ideas,https://aboutwallart.com/blogs/news-articles-home-decor-inspiration/decorating-above-toilet-stylish-ideas-to-elevate-your-bathroom,,DONE,LOCKED_TO_OTHER_KEYWORD,139,6.5,80%,83.5,AI Suggestion,,
living room wall decor ideas,https://aboutwallart.com/blogs/news-articles-home-decor-inspiration/bathroom-art-ideas-to-transform-your-bathroom-into-an-oasis,,DONE,LOCKED_TO_OTHER_KEYWORD,225,8.4,80%,81.6,AI Suggestion,,
living room wall decor ideas,https://aboutwallart.com/blogs/news-articles-home-decor-inspiration/moisture-resistant-restroom-wall-art-what-actually-works,,PENDING,LINK,538,5.8,60%,74.2,AI Suggestion,,
living room wall decor ideas,https://aboutwallart.com/blogs/news-articles-home-decor-inspiration/wall-art-for-high-ceilings-7-creative-ideas,,PENDING,LINK,288,6.4,60%,73.6,AI Suggestion,,
living room wall decor ideas,https://aboutwallart.com/blogs/news-articles-home-decor-inspiration/masculine-home-decor-stylish-ideas-to-elevate-any-modern-space,,PENDING,PENDING,145,7.2,60%,72.8,AI Suggestion,,
living room wall decor ideas,https://aboutwallart.com/blogs/news-articles-home-decor-inspiration/art-for-offices-inspiring-ideas-for-every-workspace,,PENDING,PENDING,101,7.8,60%,72.2,AI Suggestion,,
living room wall decor ideas,https://aboutwallart.com/collections/framed-wall-pictures-for-living-room,,PENDING,PENDING,198,7.8,60%,72.2,AI Suggestion,,
living room wall decor ideas,https://aboutwallart.com/blogs/news-articles-home-decor-inspiration/coastal-decor-bedroom-ideas-how-to-style-it,,PENDING,PENDING,57,7.9,80%,69.2,AI Suggestion,,
office decor ideas,https://aboutwallart.com/blogs/news-articles-home-decor-inspiration/art-for-offices-inspiring-ideas-for-every-workspace,,PENDING,KEEP,101,7.8,100%,92.2,AI Suggestion,,
office decor ideas,https://aboutwallart.com/blogs/news-articles-home-decor-inspiration/stylish-behind-toilet-decor-5-ideas-to-transform-your-small-bathroom,,PENDING,LINK,242,5.3,67%,78,AI Suggestion,,
office decor ideas,https://aboutwallart.com/blogs/news-articles-home-decor-inspiration/how-bedroom-wall-art-ideas-can-impact-your-quality-of-rest,,PENDING,LINK,107,6.1,67%,77.2,AI Suggestion,,
office decor ideas,https://aboutwallart.com/blogs/news-articles-home-decor-inspiration/wall-art-for-high-ceilings-7-creative-ideas,,PENDING,LINK,288,6.4,67%,76.9,AI Suggestion,,
office decor ideas,https://aboutwallart.com/blogs/news-articles-home-decor-inspiration/decorating-above-toilet-stylish-ideas-to-elevate-your-bathroom,,PENDING,LINK,139,6.5,67%,76.8,AI Suggestion,,
office decor ideas,https://aboutwallart.com/blogs/news-articles-home-decor-inspiration/office-decor-ideas-10,,PENDING,LINK,59,10.9,100%,76.8,AI Suggestion,,
office decor ideas,https://aboutwallart.com/blogs/news-articles-home-decor-inspiration/masculine-home-decor-stylish-ideas-to-elevate-any-modern-space,,PENDING,PENDING,145,7.2,67%,76.2,AI Suggestion,,
office decor ideas,https://aboutwallart.com/blogs/news-articles-home-decor-inspiration/bathroom-art-ideas-to-transform-your-bathroom-into-an-oasis,,PENDING,PENDING,225,8.4,67%,74.9,AI Suggestion,,
office decor ideas,https://aboutwallart.com/blogs/news-articles-home-decor-inspiration/top-8-hallway-art-ideas-to-transform-your-space,,PENDING,PENDING,75,8.7,67%,67.1,AI Suggestion,,
office decor ideas,https://aboutwallart.com/products/wall-decor-ideas-for-office-set-of-3-wall-art-prints,,PENDING,PENDING,12,6.5,100%,67.1,AI Suggestion,,
wall art for living room,https://aboutwallart.com/collections/framed-wall-pictures-for-living-room,,PENDING,KEEP,198,7.8,100%,92.2,AI Suggestion,,
wall art for living room,https://aboutwallart.com/blogs/news-articles-home-decor-inspiration/stylish-behind-toilet-decor-5-ideas-to-transform-your-small-bathroom,,DONE,LOCKED_TO_OTHER_KEYWORD,242,5.3,80%,84.7,AI Suggestion,,
wall art for living room,https://aboutwallart.com/blogs/news-articles-home-decor-inspiration/bathroom-art-ideas-to-transform-your-bathroom-into-an-oasis,,DONE,LOCKED_TO_OTHER_KEYWORD,225,8.4,80%,81.6,AI Suggestion,,
wall art for living room,https://aboutwallart.com/products/floral-large-wall-prints-for-a-living-room-set-of-3-wall-art-prints,,DONE,LOCKED_TO_OTHER_KEYWORD,64,9.1,100%,80.1,AI Suggestion,,
wall art for living room,https://aboutwallart.com/blogs/news-articles-home-decor-inspiration/choosing-the-right-art-for-grey-walls,,PENDING,LINK,213,5.7,60%,74.3,AI Suggestion,,
wall art for living room,https://aboutwallart.com/blogs/news-articles-home-decor-inspiration/moisture-resistant-restroom-wall-art-what-actually-works,,PENDING,PENDING,538,5.8,60%,74.2,AI Suggestion,,
wall art for living room,https://aboutwallart.com/blogs/news-articles-home-decor-inspiration/how-bedroom-wall-art-ideas-can-impact-your-quality-of-rest,,PENDING,PENDING,107,6.1,60%,73.9,AI Suggestion,,
wall art for living room,https://aboutwallart.com/blogs/news-articles-home-decor-inspiration/wall-art-for-high-ceilings-7-creative-ideas,,PENDING,PENDING,288,6.4,60%,73.6,AI Suggestion,,
wall art for living room,https://aboutwallart.com/blogs/news-articles-home-decor-inspiration/the-case-for-empty-spaces-when-less-truly-is-more,,PENDING,PENDING,102,6.5,60%,73.5,AI Suggestion,,
wall art for living room,https://aboutwallart.com/blogs/news-articles-home-decor-inspiration/decorating-above-toilet-stylish-ideas-to-elevate-your-bathroom,,PENDING,PENDING,139,6.5,60%,73.5,AI Suggestion,,
living room wall art,https://aboutwallart.com/collections/framed-wall-pictures-for-living-room,,PENDING,KEEP,198,7.8,100%,92.2,AI Suggestion,,
living room wall art,https://aboutwallart.com/blogs/news-articles-home-decor-inspiration/stylish-behind-toilet-decor-5-ideas-to-transform-your-small-bathroom,,PENDING,LINK,242,5.3,75%,82.2,AI Suggestion,,
living room wall art,https://aboutwallart.com/blogs/news-articles-home-decor-inspiration/moisture-resistant-restroom-wall-art-what-actually-works,,PENDING,LINK,538,5.8,75%,81.7,AI Suggestion,,
living room wall art,https://aboutwallart.com/blogs/news-articles-home-decor-inspiration/how-bedroom-wall-art-ideas-can-impact-your-quality-of-rest,,PENDING,LINK,107,6.1,75%,81.4,AI Suggestion,,
living room wall art,https://aboutwallart.com/blogs/news-articles-home-decor-inspiration/decorating-above-toilet-stylish-ideas-to-elevate-your-bathroom,,PENDING,LINK,139,6.5,75%,81,AI Suggestion,,
living room wall art,https://aboutwallart.com/products/floral-large-wall-prints-for-a-living-room-set-of-3-wall-art-prints,,DONE,LOCKED_TO_OTHER_KEYWORD,64,9.1,100%,80.1,AI Suggestion,,
living room wall art,https://aboutwallart.com/blogs/news-articles-home-decor-inspiration/bathroom-art-ideas-to-transform-your-bathroom-into-an-oasis,,PENDING,PENDING,225,8.4,75%,79.1,AI Suggestion,,
living room wall art,https://aboutwallart.com/products/large-living-room-pictures-set-of-3-wall-art-prints,,PENDING,PENDING,47,6.6,100%,77.5,AI Suggestion,,
living room wall art,https://aboutwallart.com/blogs/news-articles-home-decor-inspiration/canvas-paintings-for-living-room,,PENDING,PENDING,43,9.4,100%,73.5,AI Suggestion,,
living room wall art,https://aboutwallart.com/blogs/news-articles-home-decor-inspiration/what-is-the-3-5-7-rule-in-decorating,,PENDING,PENDING,1489,2.8,50%,72.2,AI Suggestion,,
office wall art,https://aboutwallart.com/blogs/news-articles-home-decor-inspiration/art-for-offices-inspiring-ideas-for-every-workspace,,PENDING,KEEP,101,7.8,100%,92.2,AI Suggestion,,
office wall art,https://aboutwallart.com/blogs/news-articles-home-decor-inspiration/what-is-the-3-5-7-rule-in-decorating,,PENDING,LINK,1489,2.8,67%,80.5,AI Suggestion,,
office wall art,https://aboutwallart.com/blogs/news-articles-home-decor-inspiration/do-beige-and-grey-go-together-heres-how-to-make-it-work,,PENDING,LINK,1362,4.3,67%,79.1,AI Suggestion,,
office wall art,https://aboutwallart.com/blogs/news-articles-home-decor-inspiration/what-colour-goes-with-grey-walls-essential-tips,,PENDING,LINK,728,5,67%,78.3,AI Suggestion,,
office wall art,https://aboutwallart.com/blogs/news-articles-home-decor-inspiration/stylish-behind-toilet-decor-5-ideas-to-transform-your-small-bathroom,,PENDING,LINK,242,5.3,67%,78,AI Suggestion,,
office wall art,https://aboutwallart.com/blogs/news-articles-home-decor-inspiration/choosing-the-right-art-for-grey-walls,,PENDING,LINK,213,5.7,67%,77.6,AI Suggestion,,
office wall art,https://aboutwallart.com/blogs/news-articles-home-decor-inspiration/moisture-resistant-restroom-wall-art-what-actually-works,,PENDING,PENDING,538,5.8,67%,77.5,AI Suggestion,,
office wall art,https://aboutwallart.com/blogs/news-articles-home-decor-inspiration/how-bedroom-wall-art-ideas-can-impact-your-quality-of-rest,,PENDING,LINK,107,6.1,67%,77.2,AI Suggestion,,
office wall art,https://aboutwallart.com/blogs/news-articles-home-decor-inspiration/old-money-style-interiors-classic-design-trends,,PENDING,PENDING,299,6.4,67%,77,AI Suggestion,,
office wall art,https://aboutwallart.com/blogs/news-articles-home-decor-inspiration/wall-art-for-high-ceilings-7-creative-ideas,,PENDING,PENDING,288,6.4,67%,76.9,AI Suggestion,,
living room art,https://aboutwallart.com/collections/framed-wall-pictures-for-living-room,,PENDING,KEEP,198,7.8,100%,92.2,AI Suggestion,,
living room art,https://aboutwallart.com/products/floral-large-wall-prints-for-a-living-room-set-of-3-wall-art-prints,,DONE,LOCKED_TO_OTHER_KEYWORD,64,9.1,100%,80.1,AI Suggestion,,
living room art,https://aboutwallart.com/blogs/news-articles-home-decor-inspiration/stylish-behind-toilet-decor-5-ideas-to-transform-your-small-bathroom,,PENDING,LINK,242,5.3,67%,78,AI Suggestion,,
living room art,https://aboutwallart.com/products/large-living-room-pictures-set-of-3-wall-art-prints,,DONE,LOCKED_TO_OTHER_KEYWORD,47,6.6,100%,77.5,AI Suggestion,,
living room art,https://aboutwallart.com/blogs/news-articles-home-decor-inspiration/moisture-resistant-restroom-wall-art-what-actually-works,,PENDING,LINK,538,5.8,67%,77.5,AI Suggestion,,
living room art,https://aboutwallart.com/blogs/news-articles-home-decor-inspiration/how-bedroom-wall-art-ideas-can-impact-your-quality-of-rest,,PENDING,LINK,107,6.1,67%,77.2,AI Suggestion,,
living room art,https://aboutwallart.com/blogs/news-articles-home-decor-inspiration/decorating-above-toilet-stylish-ideas-to-elevate-your-bathroom,,PENDING,PENDING,139,6.5,67%,76.8,AI Suggestion,,
living room art,https://aboutwallart.com/blogs/news-articles-home-decor-inspiration/bathroom-art-ideas-to-transform-your-bathroom-into-an-oasis,,PENDING,PENDING,225,8.4,67%,74.9,AI Suggestion,,
living room art,https://aboutwallart.com/blogs/news-articles-home-decor-inspiration/canvas-paintings-for-living-room,,PENDING,PENDING,43,9.4,100%,73.5,AI Suggestion,,
living room art,https://aboutwallart.com/products/wall-art-for-large-living-room-wall-set-of-3-floral-wall-art-prints,,PENDING,PENDING,30,8.2,100%,70.8,AI Suggestion,,
framed wall pictures for living room,https://aboutwallart.com/collections/framed-wall-pictures-for-living-room,,PENDING,KEEP,198,7.8,100%,92.2,AI Suggestion,,
framed wall pictures for living room,https://aboutwallart.com/blogs/news-articles-home-decor-inspiration/stylish-behind-toilet-decor-5-ideas-to-transform-your-small-bathroom,,PENDING,LINK,242,5.3,50%,69.7,AI Suggestion,,
framed wall pictures for living room,https://aboutwallart.com/blogs/news-articles-home-decor-inspiration/bathroom-art-ideas-to-transform-your-bathroom-into-an-oasis,,PENDING,LINK,225,8.4,50%,66.6,AI Suggestion,,
framed wall pictures for living room,https://aboutwallart.com/products/floral-large-wall-prints-for-a-living-room-set-of-3-wall-art-prints,,PENDING,LINK,64,9.1,67%,63.5,AI Suggestion,,
framed wall pictures for living room,https://aboutwallart.com/products/Framed-prints-living-room-set-of-3-framed-wall-art?pr_prod_strat=pinned&pr_rec_id=f88259ac0&pr_rec_pid=8168006418718&pr_ref_pid=8168006713630&pr_seq=uniform,,PENDING,LINK,1,1,83%,60.9,AI Suggestion,,
framed wall pictures for living room,https://aboutwallart.com/products/large-living-room-pictures-set-of-3-wall-art-prints,,PENDING,PENDING,47,6.6,67%,60.8,AI Suggestion,,
framed wall pictures for living room,https://aboutwallart.com/blogs/news-articles-home-decor-inspiration/wall-art-pictures-for-living-room-grounded-neutral-colours,,PENDING,PENDING,17,7.5,83%,59.3,AI Suggestion,,
framed wall pictures for living room,https://aboutwallart.com/blogs/news-articles-home-decor-inspiration/how-i-used-canvas-pictures-for-living-rooms,,PENDING,PENDING,20,9,83%,58.7,AI Suggestion,,
framed wall pictures for living room,https://aboutwallart.com/products/wall-pictures-for-bedroom-set-of-3-framed-wall-art-prints?variant=55160455627132&country=GB&currency=GBP,,PENDING,PENDING,8,6.2,83%,57.9,AI Suggestion,,
framed wall pictures for living room,https://aboutwallart.com/products/big-pictures-for-living-room-set-of-2-wall-art,,PENDING,PENDING,7,6.4,83%,57.4,AI Suggestion,,
bathroom wall decor modern,https://aboutwallart.com/blogs/news-articles-home-decor-inspiration/stylish-behind-toilet-decor-5-ideas-to-transform-your-small-bathroom,,PENDING,KEEP,242,5.3,75%,82.2,AI Suggestion,,
bathroom wall decor modern,https://aboutwallart.com/blogs/news-articles-home-decor-inspiration/decorating-above-toilet-stylish-ideas-to-elevate-your-bathroom,,PENDING,LINK,139,6.5,75%,81,AI Suggestion,,
bathroom wall decor modern,https://aboutwallart.com/blogs/news-articles-home-decor-inspiration/masculine-home-decor-stylish-ideas-to-elevate-any-modern-space,,PENDING,LINK,145,7.2,75%,80.3,AI Suggestion,,
bathroom wall decor modern,https://aboutwallart.com/blogs/news-articles-home-decor-inspiration/bathroom-art-ideas-to-transform-your-bathroom-into-an-oasis,,PENDING,LINK,225,8.4,75%,79.1,AI Suggestion,,
bathroom wall decor modern,https://aboutwallart.com/blogs/news-articles-home-decor-inspiration/what-is-the-3-5-7-rule-in-decorating,,PENDING,LINK,1489,2.8,50%,72.2,AI Suggestion,,
bathroom wall decor modern,https://aboutwallart.com/blogs/news-articles-home-decor-inspiration/do-beige-and-grey-go-together-heres-how-to-make-it-work,,PENDING,PENDING,1362,4.3,50%,70.7,AI Suggestion,,
bathroom wall decor modern,https://aboutwallart.com/blogs/news-articles-home-decor-inspiration/what-colour-goes-with-grey-walls-essential-tips,,PENDING,PENDING,728,5,50%,70,AI Suggestion,,
bathroom wall decor modern,https://aboutwallart.com/blogs/news-articles-home-decor-inspiration/choosing-the-right-art-for-grey-walls,,PENDING,PENDING,213,5.7,50%,69.3,AI Suggestion,,
bathroom wall decor modern,https://aboutwallart.com/blogs/news-articles-home-decor-inspiration/moisture-resistant-restroom-wall-art-what-actually-works,,PENDING,PENDING,538,5.8,50%,69.2,AI Suggestion,,
bathroom wall decor modern,https://aboutwallart.com/products/modern-bathroom-wall-decor-ideas-set-of-3-wall-art-prints?pr_prod_strat=e5_desc&pr_rec_id=0793c8f3f&pr_rec_pid=8517977899294&pr_ref_pid=8807650459934&pr_seq=uniform,,PENDING,PENDING,1,1.2,100%,69.1,AI Suggestion,,
bathroom wall art,https://aboutwallart.com/blogs/news-articles-home-decor-inspiration/stylish-behind-toilet-decor-5-ideas-to-transform-your-small-bathroom,,PENDING,KEEP,242,5.3,100%,94.7,AI Suggestion,,
bathroom wall art,https://aboutwallart.com/blogs/news-articles-home-decor-inspiration/decorating-above-toilet-stylish-ideas-to-elevate-your-bathroom,,DONE,LOCKED_TO_OTHER_KEYWORD,139,6.5,100%,93.5,AI Suggestion,,
bathroom wall art,https://aboutwallart.com/blogs/news-articles-home-decor-inspiration/bathroom-art-ideas-to-transform-your-bathroom-into-an-oasis,,DONE,LOCKED_TO_OTHER_KEYWORD,225,8.4,100%,91.6,AI Suggestion,,
bathroom wall art,https://aboutwallart.com/blogs/news-articles-home-decor-inspiration/what-is-the-3-5-7-rule-in-decorating,,PENDING,LINK,1489,2.8,67%,80.5,AI Suggestion,,
bathroom wall art,https://aboutwallart.com/blogs/news-articles-home-decor-inspiration/do-beige-and-grey-go-together-heres-how-to-make-it-work,,PENDING,LINK,1362,4.3,67%,79.1,AI Suggestion,,
bathroom wall art,https://aboutwallart.com/blogs/news-articles-home-decor-inspiration/what-colour-goes-with-grey-walls-essential-tips,,PENDING,LINK,728,5,67%,78.3,AI Suggestion,,
bathroom wall art,https://aboutwallart.com/blogs/news-articles-home-decor-inspiration/choosing-the-right-art-for-grey-walls,,PENDING,PENDING,213,5.7,67%,77.6,AI Suggestion,,
bathroom wall art,https://aboutwallart.com/blogs/news-articles-home-decor-inspiration/moisture-resistant-restroom-wall-art-what-actually-works,,PENDING,PENDING,538,5.8,67%,77.5,AI Suggestion,,
bathroom wall art,https://aboutwallart.com/blogs/news-articles-home-decor-inspiration/how-bedroom-wall-art-ideas-can-impact-your-quality-of-rest,,PENDING,PENDING,107,6.1,67%,77.2,AI Suggestion,,
bathroom wall art,https://aboutwallart.com/blogs/news-articles-home-decor-inspiration/old-money-style-interiors-classic-design-trends,,PENDING,PENDING,299,6.4,67%,77,AI Suggestion,,
bedroom art ideas,https://aboutwallart.com/blogs/news-articles-home-decor-inspiration/how-bedroom-wall-art-ideas-can-impact-your-quality-of-rest,,PENDING,KEEP,107,6.1,100%,93.9,AI Suggestion,,
bedroom art ideas,https://aboutwallart.com/blogs/news-articles-home-decor-inspiration/coastal-decor-bedroom-ideas-how-to-style-it,,DONE,LOCKED_TO_OTHER_KEYWORD,57,7.9,100%,79.2,AI Suggestion,,
bedroom art ideas,https://aboutwallart.com/blogs/news-articles-home-decor-inspiration/stylish-behind-toilet-decor-5-ideas-to-transform-your-small-bathroom,,PENDING,LINK,242,5.3,67%,78,AI Suggestion,,
bedroom art ideas,https://aboutwallart.com/blogs/news-articles-home-decor-inspiration/wall-art-for-high-ceilings-7-creative-ideas,,PENDING,LINK,288,6.4,67%,76.9,AI Suggestion,,
bedroom art ideas,https://aboutwallart.com/blogs/news-articles-home-decor-inspiration/decorating-above-toilet-stylish-ideas-to-elevate-your-bathroom,,PENDING,LINK,139,6.5,67%,76.8,AI Suggestion,,
bedroom art ideas,https://aboutwallart.com/blogs/news-articles-home-decor-inspiration/masculine-home-decor-stylish-ideas-to-elevate-any-modern-space,,PENDING,PENDING,145,7.2,67%,76.2,AI Suggestion,,
bedroom art ideas,https://aboutwallart.com/blogs/news-articles-home-decor-inspiration/art-for-offices-inspiring-ideas-for-every-workspace,,PENDING,PENDING,101,7.8,67%,75.5,AI Suggestion,,
bedroom art ideas,https://aboutwallart.com/blogs/news-articles-home-decor-inspiration/bathroom-art-ideas-to-transform-your-bathroom-into-an-oasis,,PENDING,PENDING,225,8.4,67%,74.9,AI Suggestion,,
bedroom art ideas,https://aboutwallart.com/blogs/news-articles-home-decor-inspiration/top-8-hallway-art-ideas-to-transform-your-space,,PENDING,PENDING,75,8.7,67%,67.1,AI Suggestion,,
bedroom art ideas,https://aboutwallart.com/blogs/news-articles-home-decor-inspiration/5-calming-wall-art-ideas-to-create-a-relaxing-bedroom-decor,,PENDING,PENDING,22,9.5,100%,67.1,AI Suggestion,,
bedroom art prints,https://aboutwallart.com/blogs/news-articles-home-decor-inspiration/how-bedroom-wall-art-ideas-can-impact-your-quality-of-rest,,PENDING,KEEP,107,6.1,67%,77.2,AI Suggestion,,
bedroom art prints,https://aboutwallart.com/products/bedroom-framed-prints-set-of-3-wall-art-prints,,DONE,LOCKED_TO_OTHER_KEYWORD,45,6.5,100%,77,AI Suggestion,,
bedroom art prints,https://aboutwallart.com/products/bedroom-pictures-for-wall-set-of-3-art-prints?pr_prod_strat=pinned&pr_rec_id=f27b2b090&pr_rec_pid=8167995736350&pr_ref_pid=8167994065182&pr_seq=uniform,,PENDING,LINK,1,1.2,100%,69.1,AI Suggestion,,
bedroom art prints,https://aboutwallart.com/products/bedroom-decor-for-walls-set-of-3-wall-art-prints?pr_prod_strat=pinned&pr_rec_id=72afe9385&pr_rec_pid=8167977812254&pr_ref_pid=8167976173854&pr_seq=uniform,,PENDING,LINK,1,2.1,100%,68.2,AI Suggestion,,
bedroom art prints,https://aboutwallart.com/products/bedroom-pictures-for-wall-set-of-3-art-prints?variant=55160765251964,,PENDING,LINK,1,3.1,100%,67.2,AI Suggestion,,
bedroom art prints,https://aboutwallart.com/products/bedroom-art-prints-set-of-3-framed-wall-prints,,PENDING,PENDING,17,8,100%,67.1,AI Suggestion,,
bedroom art prints,https://aboutwallart.com/products/bedroom-wall-picture-set-of-3-prints-for-bedroom-walls,,PENDING,PENDING,11,6.3,100%,67,AI Suggestion,,
bedroom art prints,https://aboutwallart.com/products/print-love-word-art-set-of-3-wall-art-prints-for-bedroom?variant=55849630990716,,PENDING,PENDING,1,3.4,100%,66.9,AI Suggestion,,
bedroom art prints,https://aboutwallart.com/products/bedroom-pictures-for-wall-set-of-3-art-prints?variant=55849798271356,,PENDING,PENDING,3,4.1,100%,66.8,AI Suggestion,,
bedroom art prints,https://aboutwallart.com/products/ramadan-mubarak-decorations-for-bedroom-set-of-3-wall-art-prints?variant=55160762761596&country=GB&currency=GBP,,PENDING,PENDING,1,3.6,100%,66.7,AI Suggestion,,
colors that go with grey,https://aboutwallart.com/blogs/news-articles-home-decor-inspiration/what-colour-goes-with-grey-walls-essential-tips,,PENDING,KEEP,728,5,50%,70,AI Suggestion,,
colors that go with grey,https://aboutwallart.com/blogs/news-articles-home-decor-inspiration/colors-that-go-with-grey-perfect-combinations-for-home-decor,,PENDING,LINK,12,13.1,100%,60.6,AI Suggestion,,
colors that go with grey,https://aboutwallart.com/blogs/news-articles-home-decor-inspiration/decor-for-nursery-wall-that-stimulates-without-overwhelming,,PENDING,LINK,76,7.8,50%,60,AI Suggestion,,
colors that go with grey,https://aboutwallart.com/blogs/news-articles-home-decor-inspiration/how-to-decorate-with-greige-colours-the-blend-of-grey-beige,,PENDING,LINK,21,8.8,50%,42.5,AI Suggestion,,
colors that go with grey,https://aboutwallart.com/blogs/news-articles-home-decor-inspiration/how-to-use-a-nursery-decor-style-that-grows-with-your-child,,PENDING,LINK,2,10.1,50%,35.6,AI Suggestion,,
colors that go with grey,https://aboutwallart.com/products/backlit-smart-led-bathroom-mirror-oval-dimmable-3-colors-anti-fog-mirrors-with-light-memory-ip65-cri95-large-wall-mounted?pr_prod_strat=pinned&pr_rec_id=46f7428b2&pr_rec_pid=15684721934716&pr_ref_pid=15684721836412&pr_seq=uniform,,PENDING,LINK,1,10.6,50%,34.7,AI Suggestion,,
laundry room wall art,https://aboutwallart.com/blogs/news-articles-home-decor-inspiration/stylish-behind-toilet-decor-5-ideas-to-transform-your-small-bathroom,,PENDING,KEEP,242,5.3,75%,82.2,AI Suggestion,,
laundry room wall art,https://aboutwallart.com/blogs/news-articles-home-decor-inspiration/moisture-resistant-restroom-wall-art-what-actually-works,,PENDING,LINK,538,5.8,75%,81.7,AI Suggestion,,
laundry room wall art,https://aboutwallart.com/blogs/news-articles-home-decor-inspiration/how-bedroom-wall-art-ideas-can-impact-your-quality-of-rest,,PENDING,LINK,107,6.1,75%,81.4,AI Suggestion,,
laundry room wall art,https://aboutwallart.com/blogs/news-articles-home-decor-inspiration/decorating-above-toilet-stylish-ideas-to-elevate-your-bathroom,,PENDING,LINK,139,6.5,75%,81,AI Suggestion,,
laundry room wall art,https://aboutwallart.com/collections/framed-wall-pictures-for-living-room,,PENDING,LINK,198,7.8,75%,79.7,AI Suggestion,,
laundry room wall art,https://aboutwallart.com/blogs/news-articles-home-decor-inspiration/bathroom-art-ideas-to-transform-your-bathroom-into-an-oasis,,PENDING,LINK,225,8.4,75%,79.1,AI Suggestion,,
laundry room wall art,https://aboutwallart.com/products/modern-laundry-room-ideas-set-of-3-wall-art-prints,,PENDING,PENDING,26,4.6,100%,73.2,AI Suggestion,,
laundry room wall art,https://aboutwallart.com/blogs/news-articles-home-decor-inspiration/what-is-the-3-5-7-rule-in-decorating,,PENDING,PENDING,1489,2.8,50%,72.2,AI Suggestion,,
laundry room wall art,https://aboutwallart.com/blogs/news-articles-home-decor-inspiration/do-beige-and-grey-go-together-heres-how-to-make-it-work,,PENDING,PENDING,1362,4.3,50%,70.7,AI Suggestion,,
laundry room wall art,https://aboutwallart.com/blogs/news-articles-home-decor-inspiration/what-colour-goes-with-grey-walls-essential-tips,,PENDING,PENDING,728,5,50%,70,AI Suggestion,,
scandinavian wall art,https://aboutwallart.com/blogs/news-articles-home-decor-inspiration/what-is-the-3-5-7-rule-in-decorating,,PENDING,KEEP,1489,2.8,67%,80.5,AI Suggestion,,
scandinavian wall art,https://aboutwallart.com/blogs/news-articles-home-decor-inspiration/do-beige-and-grey-go-together-heres-how-to-make-it-work,,PENDING,LINK,1362,4.3,67%,79.1,AI Suggestion,,
scandinavian wall art,https://aboutwallart.com/blogs/news-articles-home-decor-inspiration/what-colour-goes-with-grey-walls-essential-tips,,PENDING,LINK,728,5,67%,78.3,AI Suggestion,,
scandinavian wall art,https://aboutwallart.com/blogs/news-articles-home-decor-inspiration/stylish-behind-toilet-decor-5-ideas-to-transform-your-small-bathroom,,PENDING,LINK,242,5.3,67%,78,AI Suggestion,,
scandinavian wall art,https://aboutwallart.com/blogs/news-articles-home-decor-inspiration/choosing-the-right-art-for-grey-walls,,PENDING,LINK,213,5.7,67%,77.6,AI Suggestion,,
scandinavian wall art,https://aboutwallart.com/blogs/news-articles-home-decor-inspiration/moisture-resistant-restroom-wall-art-what-actually-works,,PENDING,PENDING,538,5.8,67%,77.5,AI Suggestion,,
scandinavian wall art,https://aboutwallart.com/blogs/news-articles-home-decor-inspiration/how-bedroom-wall-art-ideas-can-impact-your-quality-of-rest,,PENDING,LINK,107,6.1,67%,77.2,AI Suggestion,,
scandinavian wall art,https://aboutwallart.com/blogs/news-articles-home-decor-inspiration/old-money-style-interiors-classic-design-trends,,PENDING,PENDING,299,6.4,67%,77,AI Suggestion,,
scandinavian wall art,https://aboutwallart.com/blogs/news-articles-home-decor-inspiration/wall-art-for-high-ceilings-7-creative-ideas,,PENDING,PENDING,288,6.4,67%,76.9,AI Suggestion,,
scandinavian wall art,https://aboutwallart.com/blogs/news-articles-home-decor-inspiration/cherry-blossom-art-japan-understanding-the-deep-symbolism,,PENDING,PENDING,114,6.4,67%,76.9,AI Suggestion,,
what goes with grey,https://aboutwallart.com/blogs/news-articles-home-decor-inspiration/what-colour-goes-with-grey-walls-essential-tips,,PENDING,KEEP,728,5,100%,95,AI Suggestion,,
what goes with grey,https://aboutwallart.com/blogs/news-articles-home-decor-inspiration/what-to-do-when-your-home-lacks-natural-light-decorate-with-living-room-wall-hangings,,PENDING,LINK,30,8.4,50%,45.6,AI Suggestion,,
what goes with grey,https://aboutwallart.com/blogs/news-articles-home-decor-inspiration/how-to-decorate-with-greige-colours-the-blend-of-grey-beige,,PENDING,LINK,21,8.8,50%,42.5,AI Suggestion,,
what goes with grey,https://aboutwallart.com/blogs/news-articles-home-decor-inspiration/colors-that-go-with-grey-perfect-combinations-for-home-decor,,PENDING,LINK,12,13.1,50%,35.6,AI Suggestion,,
christian wall art for living room,https://aboutwallart.com/collections/framed-wall-pictures-for-living-room,,PENDING,KEEP,198,7.8,83%,83.8,AI Suggestion,,
christian wall art for living room,https://aboutwallart.com/blogs/news-articles-home-decor-inspiration/stylish-behind-toilet-decor-5-ideas-to-transform-your-small-bathroom,,PENDING,LINK,242,5.3,67%,78,AI Suggestion,,
christian wall art for living room,https://aboutwallart.com/blogs/news-articles-home-decor-inspiration/bathroom-art-ideas-to-transform-your-bathroom-into-an-oasis,,PENDING,LINK,225,8.4,67%,74.9,AI Suggestion,,
christian wall art for living room,https://aboutwallart.com/products/floral-large-wall-prints-for-a-living-room-set-of-3-wall-art-prints,,DONE,LOCKED_TO_OTHER_KEYWORD,64,9.1,83%,71.8,AI Suggestion,,
christian wall art for living room,https://aboutwallart.com/blogs/news-articles-home-decor-inspiration/choosing-the-right-art-for-grey-walls,,PENDING,LINK,213,5.7,50%,69.3,AI Suggestion,,
christian wall art for living room,https://aboutwallart.com/blogs/news-articles-home-decor-inspiration/moisture-resistant-restroom-wall-art-what-actually-works,,PENDING,PENDING,538,5.8,50%,69.2,AI Suggestion,,
christian wall art for living room,https://aboutwallart.com/blogs/news-articles-home-decor-inspiration/how-bedroom-wall-art-ideas-can-impact-your-quality-of-rest,,PENDING,PENDING,107,6.1,50%,68.9,AI Suggestion,,
christian wall art for living room,https://aboutwallart.com/blogs/news-articles-home-decor-inspiration/wall-art-for-high-ceilings-7-creative-ideas,,PENDING,PENDING,288,6.4,50%,68.6,AI Suggestion,,
christian wall art for living room,https://aboutwallart.com/blogs/news-articles-home-decor-inspiration/the-case-for-empty-spaces-when-less-truly-is-more,,PENDING,PENDING,102,6.5,50%,68.5,AI Suggestion,,
christian wall art for living room,https://aboutwallart.com/blogs/news-articles-home-decor-inspiration/decorating-above-toilet-stylish-ideas-to-elevate-your-bathroom,,PENDING,PENDING,139,6.5,50%,68.5,AI Suggestion,,
chinoiserie wall art,https://aboutwallart.com/blogs/news-articles-home-decor-inspiration/what-is-the-3-5-7-rule-in-decorating,,PENDING,KEEP,1489,2.8,67%,80.5,AI Suggestion,,
chinoiserie wall art,https://aboutwallart.com/blogs/news-articles-home-decor-inspiration/do-beige-and-grey-go-together-heres-how-to-make-it-work,,PENDING,LINK,1362,4.3,67%,79.1,AI Suggestion,,
chinoiserie wall art,https://aboutwallart.com/blogs/news-articles-home-decor-inspiration/what-colour-goes-with-grey-walls-essential-tips,,PENDING,LINK,728,5,67%,78.3,AI Suggestion,,
chinoiserie wall art,https://aboutwallart.com/blogs/news-articles-home-decor-inspiration/stylish-behind-toilet-decor-5-ideas-to-transform-your-small-bathroom,,PENDING,LINK,242,5.3,67%,78,AI Suggestion,,
chinoiserie wall art,https://aboutwallart.com/blogs/news-articles-home-decor-inspiration/choosing-the-right-art-for-grey-walls,,PENDING,LINK,213,5.7,67%,77.6,AI Suggestion,,
chinoiserie wall art,https://aboutwallart.com/blogs/news-articles-home-decor-inspiration/moisture-resistant-restroom-wall-art-what-actually-works,,PENDING,PENDING,538,5.8,67%,77.5,AI Suggestion,,
chinoiserie wall art,https://aboutwallart.com/blogs/news-articles-home-decor-inspiration/how-bedroom-wall-art-ideas-can-impact-your-quality-of-rest,,PENDING,LINK,107,6.1,67%,77.2,AI Suggestion,,
chinoiserie wall art,https://aboutwallart.com/blogs/news-articles-home-decor-inspiration/old-money-style-interiors-classic-design-trends,,PENDING,PENDING,299,6.4,67%,77,AI Suggestion,,
chinoiserie wall art,https://aboutwallart.com/blogs/news-articles-home-decor-inspiration/wall-art-for-high-ceilings-7-creative-ideas,,PENDING,PENDING,288,6.4,67%,76.9,AI Suggestion,,
chinoiserie wall art,https://aboutwallart.com/blogs/news-articles-home-decor-inspiration/cherry-blossom-art-japan-understanding-the-deep-symbolism,,PENDING,PENDING,114,6.4,67%,76.9,AI Suggestion,,
bathroom pictures,https://aboutwallart.com/blogs/news-articles-home-decor-inspiration/stylish-behind-toilet-decor-5-ideas-to-transform-your-small-bathroom,,PENDING,KEEP,242,5.3,50%,69.7,AI Suggestion,,
bathroom pictures,https://aboutwallart.com/blogs/news-articles-home-decor-inspiration/decorating-above-toilet-stylish-ideas-to-elevate-your-bathroom,,PENDING,LINK,139,6.5,50%,68.5,AI Suggestion,,
bathroom pictures,https://aboutwallart.com/collections/framed-wall-pictures-for-living-room,,PENDING,LINK,198,7.8,50%,67.2,AI Suggestion,,
bathroom pictures,https://aboutwallart.com/blogs/news-articles-home-decor-inspiration/bathroom-art-ideas-to-transform-your-bathroom-into-an-oasis,,PENDING,LINK,225,8.4,50%,66.6,AI Suggestion,,
bathroom pictures,https://aboutwallart.com/products/bathroom-framed-pictures-set-of-3-shabby-chic-wall-art,,PENDING,LINK,5,5.6,100%,65.9,AI Suggestion,,
bathroom pictures,https://aboutwallart.com/products/small-pictures-for-bathrooms-set-of-3-framed-wall-art,,PENDING,PENDING,3,6.2,100%,64.7,AI Suggestion,,
bathroom pictures,https://aboutwallart.com/products/wall-pictures-for-bathroom-set-of-3-framed-wall-art-prints?pr_prod_strat=pinned&pr_rec_id=1af6c8825&pr_rec_pid=8167973191966&pr_ref_pid=8802079899934&pr_seq=uniform,,PENDING,PENDING,4,6.7,100%,64.6,AI Suggestion,,
bathroom pictures,https://aboutwallart.com/products/bathroom-pictures-framed-set-of-3-botanical-wall-art-prints,,PENDING,PENDING,2,6.3,100%,64.3,AI Suggestion,,
bathroom pictures,https://aboutwallart.com/products/small-pictures-for-bathroom-set-of-2-wall-art-prints?variant=55848446820732&country=GB&currency=GBP,,PENDING,PENDING,1,6.9,100%,63.4,AI Suggestion,,
bathroom pictures,https://aboutwallart.com/products/small-pictures-for-bathroom-set-of-2-wall-art-prints?variant=55848445510012&country=GB&currency=GBP,,PENDING,PENDING,1,7.1,100%,63.2,AI Suggestion,,
office artwork ideas,https://aboutwallart.com/blogs/news-articles-home-decor-inspiration/art-for-offices-inspiring-ideas-for-every-workspace,,PENDING,KEEP,101,7.8,67%,75.5,AI Suggestion,,
office artwork ideas,https://aboutwallart.com/products/office-artwork-ideas-set-of-3-wall-art-prints?variant=55856593863036&country=GB&currency=GBP,,PENDING,LINK,1,6.7,100%,63.6,AI Suggestion,,
office artwork ideas,https://aboutwallart.com/blogs/news-articles-home-decor-inspiration/office-decor-ideas-10,,PENDING,LINK,59,10.9,67%,60.1,AI Suggestion,,
office artwork ideas,https://aboutwallart.com/products/office-artwork-ideas-set-of-3-wall-art-prints?variant=55161850790268&country=GB&currency=GBP,,PENDING,LINK,1,11.5,100%,58.8,AI Suggestion,,
office artwork ideas,https://aboutwallart.com/products/wall-decor-ideas-for-office-set-of-3-wall-art-prints,,PENDING,LINK,12,6.5,67%,50.4,AI Suggestion,,
office artwork ideas,https://aboutwallart.com/blogs/news-articles-home-decor-inspiration/creative-office-wall-design-ideas-to-inspire-productivity,,PENDING,PENDING,18,9.1,67%,49.7,AI Suggestion,,
office artwork ideas,https://aboutwallart.com/blogs/news-articles-home-decor-inspiration/office-decor-ideas-10?_pos=36&_sid=3d53d1f20&_ss=r,,PENDING,LINK,1,5.1,67%,48.6,AI Suggestion,,
office artwork ideas,https://aboutwallart.com/blogs/news-articles-home-decor-inspiration/never-too-small-wall-decoration-office-ideas-for-apartments,,PENDING,PENDING,7,7.3,67%,48.1,AI Suggestion,,
office artwork ideas,https://aboutwallart.com/products/professional-office-decor-ideas-set-of-2-wall-art-prints?variant=55848534016380,,PENDING,PENDING,1,6.9,67%,46.7,AI Suggestion,,
office artwork ideas,https://aboutwallart.com/products/office-paintings-ideas-set-of-3-wall-art-prints,,PENDING,PENDING,1,8.2,67%,45.4,AI Suggestion,,
living room wall pictures,https://aboutwallart.com/collections/framed-wall-pictures-for-living-room,,PENDING,KEEP,198,7.8,100%,92.2,AI Suggestion,,
living room wall pictures,https://aboutwallart.com/products/large-living-room-pictures-set-of-3-wall-art-prints,,DONE,LOCKED_TO_OTHER_KEYWORD,47,6.6,100%,77.5,AI Suggestion,,
living room wall pictures,https://aboutwallart.com/blogs/news-articles-home-decor-inspiration/stylish-behind-toilet-decor-5-ideas-to-transform-your-small-bathroom,,PENDING,LINK,242,5.3,50%,69.7,AI Suggestion,,
living room wall pictures,https://aboutwallart.com/blogs/news-articles-home-decor-inspiration/moisture-resistant-restroom-wall-art-what-actually-works,,PENDING,LINK,538,5.8,50%,69.2,AI Suggestion,,
living room wall pictures,https://aboutwallart.com/blogs/news-articles-home-decor-inspiration/how-bedroom-wall-art-ideas-can-impact-your-quality-of-rest,,PENDING,LINK,107,6.1,50%,68.9,AI Suggestion,,
living room wall pictures,https://aboutwallart.com/blogs/news-articles-home-decor-inspiration/decorating-above-toilet-stylish-ideas-to-elevate-your-bathroom,,PENDING,LINK,139,6.5,50%,68.5,AI Suggestion,,
living room wall pictures,https://aboutwallart.com/blogs/news-articles-home-decor-inspiration/wall-art-pictures-for-living-room-grounded-neutral-colours,,PENDING,PENDING,17,7.5,100%,67.6,AI Suggestion,,
living room wall pictures,https://aboutwallart.com/products/floral-large-wall-prints-for-a-living-room-set-of-3-wall-art-prints,,PENDING,PENDING,64,9.1,75%,67.6,AI Suggestion,,
living room wall pictures,https://aboutwallart.com/blogs/news-articles-home-decor-inspiration/how-i-used-canvas-pictures-for-living-rooms,,PENDING,PENDING,20,9,100%,67,AI Suggestion,,
living room wall pictures,https://aboutwallart.com/blogs/news-articles-home-decor-inspiration/bathroom-art-ideas-to-transform-your-bathroom-into-an-oasis,,PENDING,PENDING,225,8.4,50%,66.6,AI Suggestion,,
copper wall art,https://aboutwallart.com/blogs/news-articles-home-decor-inspiration/what-is-the-3-5-7-rule-in-decorating,,PENDING,KEEP,1489,2.8,67%,80.5,AI Suggestion,,
copper wall art,https://aboutwallart.com/blogs/news-articles-home-decor-inspiration/do-beige-and-grey-go-together-heres-how-to-make-it-work,,PENDING,LINK,1362,4.3,67%,79.1,AI Suggestion,,
copper wall art,https://aboutwallart.com/blogs/news-articles-home-decor-inspiration/what-colour-goes-with-grey-walls-essential-tips,,PENDING,LINK,728,5,67%,78.3,AI Suggestion,,
copper wall art,https://aboutwallart.com/blogs/news-articles-home-decor-inspiration/stylish-behind-toilet-decor-5-ideas-to-transform-your-small-bathroom,,PENDING,LINK,242,5.3,67%,78,AI Suggestion,,
copper wall art,https://aboutwallart.com/blogs/news-articles-home-decor-inspiration/choosing-the-right-art-for-grey-walls,,PENDING,LINK,213,5.7,67%,77.6,AI Suggestion,,
copper wall art,https://aboutwallart.com/blogs/news-articles-home-decor-inspiration/moisture-resistant-restroom-wall-art-what-actually-works,,PENDING,PENDING,538,5.8,67%,77.5,AI Suggestion,,
copper wall art,https://aboutwallart.com/blogs/news-articles-home-decor-inspiration/how-bedroom-wall-art-ideas-can-impact-your-quality-of-rest,,PENDING,LINK,107,6.1,67%,77.2,AI Suggestion,,
copper wall art,https://aboutwallart.com/blogs/news-articles-home-decor-inspiration/old-money-style-interiors-classic-design-trends,,PENDING,PENDING,299,6.4,67%,77,AI Suggestion,,
copper wall art,https://aboutwallart.com/blogs/news-articles-home-decor-inspiration/wall-art-for-high-ceilings-7-creative-ideas,,PENDING,PENDING,288,6.4,67%,76.9,AI Suggestion,,
copper wall art,https://aboutwallart.com/blogs/news-articles-home-decor-inspiration/cherry-blossom-art-japan-understanding-the-deep-symbolism,,PENDING,PENDING,114,6.4,67%,76.9,AI Suggestion,,
boho wall art,https://aboutwallart.com/blogs/news-articles-home-decor-inspiration/what-is-the-3-5-7-rule-in-decorating,,PENDING,KEEP,1489,2.8,67%,80.5,AI Suggestion,,
boho wall art,https://aboutwallart.com/blogs/news-articles-home-decor-inspiration/do-beige-and-grey-go-together-heres-how-to-make-it-work,,PENDING,LINK,1362,4.3,67%,79.1,AI Suggestion,,
boho wall art,https://aboutwallart.com/blogs/news-articles-home-decor-inspiration/what-colour-goes-with-grey-walls-essential-tips,,PENDING,LINK,728,5,67%,78.3,AI Suggestion,,
boho wall art,https://aboutwallart.com/blogs/news-articles-home-decor-inspiration/stylish-behind-toilet-decor-5-ideas-to-transform-your-small-bathroom,,PENDING,LINK,242,5.3,67%,78,AI Suggestion,,
boho wall art,https://aboutwallart.com/blogs/news-articles-home-decor-inspiration/choosing-the-right-art-for-grey-walls,,PENDING,LINK,213,5.7,67%,77.6,AI Suggestion,,
boho wall art,https://aboutwallart.com/blogs/news-articles-home-decor-inspiration/moisture-resistant-restroom-wall-art-what-actually-works,,PENDING,PENDING,538,5.8,67%,77.5,AI Suggestion,,
boho wall art,https://aboutwallart.com/blogs/news-articles-home-decor-inspiration/how-bedroom-wall-art-ideas-can-impact-your-quality-of-rest,,PENDING,LINK,107,6.1,67%,77.2,AI Suggestion,,
boho wall art,https://aboutwallart.com/blogs/news-articles-home-decor-inspiration/old-money-style-interiors-classic-design-trends,,PENDING,PENDING,299,6.4,67%,77,AI Suggestion,,
boho wall art,https://aboutwallart.com/blogs/news-articles-home-decor-inspiration/wall-art-for-high-ceilings-7-creative-ideas,,PENDING,PENDING,288,6.4,67%,76.9,AI Suggestion,,
boho wall art,https://aboutwallart.com/blogs/news-articles-home-decor-inspiration/cherry-blossom-art-japan-understanding-the-deep-symbolism,,PENDING,PENDING,114,6.4,67%,76.9,AI Suggestion,,
pictures for bathroom walls,https://aboutwallart.com/blogs/news-articles-home-decor-inspiration/stylish-behind-toilet-decor-5-ideas-to-transform-your-small-bathroom,,PENDING,KEEP,242,5.3,50%,69.7,AI Suggestion,,
pictures for bathroom walls,https://aboutwallart.com/blogs/news-articles-home-decor-inspiration/choosing-the-right-art-for-grey-walls,,PENDING,LINK,213,5.7,50%,69.3,AI Suggestion,,
pictures for bathroom walls,https://aboutwallart.com/collections/framed-wall-pictures-for-living-room,,PENDING,LINK,198,7.8,50%,67.2,AI Suggestion,,
pictures for bathroom walls,https://aboutwallart.com/blogs/news-articles-home-decor-inspiration/bathroom-art-ideas-to-transform-your-bathroom-into-an-oasis,,PENDING,LINK,225,8.4,50%,66.6,AI Suggestion,,
pictures for bathroom walls,https://aboutwallart.com/collections/bathroom-decor-for-walls?page=2,,PENDING,LINK,26,10.8,75%,54.5,AI Suggestion,,
pictures for bathroom walls,https://aboutwallart.com/products/floral-art-for-bathroom-walls-uk-set-of-2-wall-art-prints,,PENDING,PENDING,6,6.5,75%,52.8,AI Suggestion,,
pictures for bathroom walls,https://aboutwallart.com/products/pictures-for-office-walls-set-of-3-wall-art-prints?pr_prod_strat=pinned&pr_rec_id=f2209eed4&pr_rec_pid=8167987511582&pr_ref_pid=8771818062110&pr_seq=uniform,,PENDING,PENDING,1,5.1,75%,52.7,AI Suggestion,,
pictures for bathroom walls,https://aboutwallart.com/products/small-pictures-for-bathrooms-set-of-3-framed-wall-art,,PENDING,PENDING,3,6.2,75%,52.2,AI Suggestion,,
pictures for bathroom walls,https://aboutwallart.com/products/wall-pictures-for-bathroom-set-of-3-framed-wall-art-prints?pr_prod_strat=pinned&pr_rec_id=1af6c8825&pr_rec_pid=8167973191966&pr_ref_pid=8802079899934&pr_seq=uniform,,PENDING,PENDING,4,6.7,75%,52.1,AI Suggestion,,
pictures for bathroom walls,https://aboutwallart.com/blogs/news-articles-home-decor-inspiration/wall-decor-ideas-for-large-walls-to-transform-your-space,,PENDING,PENDING,49,7.9,50%,51.8,AI Suggestion,,
pictures for bedroom above bed,https://aboutwallart.com/products/3-pictures-above-bed-set-of-3-framed-wall-art,,PENDING,KEEP,48,4.7,60%,59.7,AI Suggestion,,
pictures for bedroom above bed,https://aboutwallart.com/products/bedroom-pictures-for-wall-set-of-3-art-prints?pr_prod_strat=pinned&pr_rec_id=f27b2b090&pr_rec_pid=8167995736350&pr_ref_pid=8167994065182&pr_seq=uniform,,PENDING,LINK,1,1.2,80%,59.1,AI Suggestion,,
pictures for bedroom above bed,https://aboutwallart.com/products/bedroom-pictures-for-wall-set-of-3-art-prints?variant=55160765251964,,PENDING,LINK,1,3.1,80%,57.1,AI Suggestion,,
pictures for bedroom above bed,https://aboutwallart.com/products/bedroom-pictures-for-wall-set-of-3-art-prints?variant=55849798271356,,PENDING,LINK,3,4.1,80%,56.8,AI Suggestion,,
pictures for bedroom above bed,https://aboutwallart.com/products/bedroom-pictures-for-wall-set-of-3-art-prints?variant=55856616702332&country=GB&currency=GBP,,PENDING,LINK,1,3.6,80%,56.7,AI Suggestion,,
pictures for bedroom above bed,https://aboutwallart.com/products/bedroom-pictures-for-wall-set-of-3-art-prints?variant=55849797779836&country=GB&currency=GBP,,PENDING,PENDING,1,3.8,80%,56.5,AI Suggestion,,
pictures for bedroom above bed,https://aboutwallart.com/products/wall-pictures-for-bedroom-set-of-3-framed-wall-art-prints?variant=55160455627132&country=GB&currency=GBP,,PENDING,PENDING,8,6.2,80%,56.2,AI Suggestion,,
pictures for bedroom above bed,https://aboutwallart.com/products/bedroom-pictures-for-wall-set-of-3-art-prints?variant=55160765448572&country=GB&currency=GBP,,PENDING,PENDING,1,4.8,80%,55.5,AI Suggestion,,
pictures for bedroom above bed,https://aboutwallart.com/products/pictures-for-childrens-bedrooms-set-of-3-wall-art-prints,,PENDING,PENDING,1,5.9,80%,54.4,AI Suggestion,,
pictures for bedroom above bed,https://aboutwallart.com/blogs/news-articles-home-decor-inspiration/creating-a-retreat-with-black-and-white-wall-art-for-bedroom,,PENDING,PENDING,36,7.5,60%,53.3,AI Suggestion,,
pictures for a living room,https://aboutwallart.com/collections/framed-wall-pictures-for-living-room,,PENDING,KEEP,198,7.8,100%,92.2,AI Suggestion,,
pictures for a living room,https://aboutwallart.com/blogs/news-articles-home-decor-inspiration/stylish-behind-toilet-decor-5-ideas-to-transform-your-small-bathroom,,PENDING,LINK,242,5.3,50%,69.7,AI Suggestion,,
pictures for a living room,https://aboutwallart.com/blogs/news-articles-home-decor-inspiration/wall-art-pictures-for-living-room-grounded-neutral-colours,,PENDING,LINK,17,7.5,100%,67.6,AI Suggestion,,
pictures for a living room,https://aboutwallart.com/products/floral-large-wall-prints-for-a-living-room-set-of-3-wall-art-prints,,PENDING,LINK,64,9.1,75%,67.6,AI Suggestion,,
pictures for a living room,https://aboutwallart.com/blogs/news-articles-home-decor-inspiration/how-i-used-canvas-pictures-for-living-rooms,,DONE,LOCKED_TO_OTHER_KEYWORD,20,9,100%,67,AI Suggestion,,
pictures for a living room,https://aboutwallart.com/blogs/news-articles-home-decor-inspiration/bathroom-art-ideas-to-transform-your-bathroom-into-an-oasis,,PENDING,PENDING,225,8.4,50%,66.6,AI Suggestion,,
pictures for a living room,https://aboutwallart.com/products/big-pictures-for-living-room-set-of-2-wall-art,,PENDING,PENDING,7,6.4,100%,65.7,AI Suggestion,,
pictures for a living room,https://aboutwallart.com/products/large-living-room-pictures-set-of-3-wall-art-prints,,PENDING,PENDING,47,6.6,75%,65,AI Suggestion,,
pictures for a living room,https://aboutwallart.com/products/london-wall-pictures-for-living-room-ideas-set-of-3-wall-art-prints,,PENDING,PENDING,8,7.6,100%,64.8,AI Suggestion,,
pictures for a living room,https://aboutwallart.com/products/large-pictures-for-living-room-set-of-3-wall-art-prints,,PENDING,PENDING,1,8.2,100%,62.1,AI Suggestion,,
what is the 3-5-7 rule in interior design?,https://aboutwallart.com/blogs/news-articles-home-decor-inspiration/what-is-the-3-5-7-rule-in-decorating,,PENDING,KEEP,1489,2.8,67%,80.5,AI Suggestion,,
what is the 3-5-7 rule in interior design?,https://aboutwallart.com/blogs/news-articles-home-decor-inspiration/what-are-the-key-home-interior-trends-2026-for-living-rooms,,PENDING,LINK,5,9,50%,37.5,AI Suggestion,,
what is the 3-5-7 rule in interior design?,https://aboutwallart.com/blogs/news-articles-home-decor-inspiration/top-interior-design-trends-to-watch-for-in-the-coming-year,,PENDING,LINK,1,8.8,50%,36.5,AI Suggestion,,
what is the 3-5-7 rule in interior design?,https://aboutwallart.com/blogs/news-articles-home-decor-inspiration/balancing-function-and-aesthetics-a-guide-to-practical-interior-design,,PENDING,LINK,1,10.5,50%,34.8,AI Suggestion,,
what is the 3-5-7 rule in interior design?,https://aboutwallart.com/blogs/news-articles-home-decor-inspiration/list-of-interior-design-styles-find-the-perfect-look-for-your-home,,PENDING,LINK,4,13.6,50%,32.6,AI Suggestion,,
bedroom art,https://aboutwallart.com/blogs/news-articles-home-decor-inspiration/how-bedroom-wall-art-ideas-can-impact-your-quality-of-rest,,PENDING,KEEP,107,6.1,100%,93.9,AI Suggestion,,
bedroom art,https://aboutwallart.com/blogs/news-articles-home-decor-inspiration/coastal-decor-bedroom-ideas-how-to-style-it,,DONE,LOCKED_TO_OTHER_KEYWORD,57,7.9,100%,79.2,AI Suggestion,,
bedroom art,https://aboutwallart.com/products/bedroom-framed-prints-set-of-3-wall-art-prints,,DONE,LOCKED_TO_OTHER_KEYWORD,45,6.5,100%,77,AI Suggestion,,
bedroom art,https://aboutwallart.com/blogs/news-articles-home-decor-inspiration/creating-a-retreat-with-black-and-white-wall-art-for-bedroom,,PENDING,REPURPOSE,36,7.5,100%,73.3,AI Suggestion,,
bedroom art,https://aboutwallart.com/blogs/news-articles-home-decor-inspiration/how-to-choose-art-for-bedrooms,,PENDING,REPURPOSE,28,6,100%,72.4,AI Suggestion,,
bedroom art,https://aboutwallart.com/blogs/news-articles-home-decor-inspiration/what-is-the-3-5-7-rule-in-decorating,,PENDING,PENDING,1489,2.8,50%,72.2,AI Suggestion,,
bedroom art,https://aboutwallart.com/blogs/news-articles-home-decor-inspiration/do-beige-and-grey-go-together-heres-how-to-make-it-work,,PENDING,PENDING,1362,4.3,50%,70.7,AI Suggestion,,
bedroom art,https://aboutwallart.com/blogs/news-articles-home-decor-inspiration/what-colour-goes-with-grey-walls-essential-tips,,PENDING,PENDING,728,5,50%,70,AI Suggestion,,
bedroom art,https://aboutwallart.com/blogs/news-articles-home-decor-inspiration/stylish-behind-toilet-decor-5-ideas-to-transform-your-small-bathroom,,PENDING,PENDING,242,5.3,50%,69.7,AI Suggestion,,
bedroom art,https://aboutwallart.com/blogs/news-articles-home-decor-inspiration/choosing-the-right-art-for-grey-walls,,PENDING,PENDING,213,5.7,50%,69.3,AI Suggestion,,
what colour goes well with grey,https://aboutwallart.com/blogs/news-articles-home-decor-inspiration/what-colour-goes-with-grey-walls-essential-tips,,PENDING,KEEP,728,5,83%,86.7,AI Suggestion,,
what colour goes well with grey,https://aboutwallart.com/blogs/news-articles-home-decor-inspiration/how-to-decorate-with-greige-colours-the-blend-of-grey-beige,,PENDING,LINK,21,8.8,50%,42.5,AI Suggestion,,
islamic art wall,https://aboutwallart.com/collections/wall-islamic-art,,PENDING,KEEP,102,11.4,100%,88.6,AI Suggestion,,
islamic art wall,https://aboutwallart.com/blogs/news-articles-home-decor-inspiration/what-is-the-3-5-7-rule-in-decorating,,PENDING,LINK,1489,2.8,67%,80.5,AI Suggestion,,
islamic art wall,https://aboutwallart.com/blogs/news-articles-home-decor-inspiration/do-beige-and-grey-go-together-heres-how-to-make-it-work,,PENDING,LINK,1362,4.3,67%,79.1,AI Suggestion,,
islamic art wall,https://aboutwallart.com/blogs/news-articles-home-decor-inspiration/what-colour-goes-with-grey-walls-essential-tips,,PENDING,LINK,728,5,67%,78.3,AI Suggestion,,
islamic art wall,https://aboutwallart.com/blogs/news-articles-home-decor-inspiration/stylish-behind-toilet-decor-5-ideas-to-transform-your-small-bathroom,,PENDING,LINK,242,5.3,67%,78,AI Suggestion,,
islamic art wall,https://aboutwallart.com/blogs/news-articles-home-decor-inspiration/choosing-the-right-art-for-grey-walls,,PENDING,LINK,213,5.7,67%,77.6,AI Suggestion,,
islamic art wall,https://aboutwallart.com/blogs/news-articles-home-decor-inspiration/moisture-resistant-restroom-wall-art-what-actually-works,,PENDING,PENDING,538,5.8,67%,77.5,AI Suggestion,,
islamic art wall,https://aboutwallart.com/blogs/news-articles-home-decor-inspiration/how-bedroom-wall-art-ideas-can-impact-your-quality-of-rest,,PENDING,PENDING,107,6.1,67%,77.2,AI Suggestion,,
islamic art wall,https://aboutwallart.com/blogs/news-articles-home-decor-inspiration/old-money-style-interiors-classic-design-trends,,PENDING,PENDING,299,6.4,67%,77,AI Suggestion,,
islamic art wall,https://aboutwallart.com/blogs/news-articles-home-decor-inspiration/wall-art-for-high-ceilings-7-creative-ideas,,PENDING,PENDING,288,6.4,67%,76.9,AI Suggestion,,
lounge pictures,https://aboutwallart.com/products/wall-pictures-for-lounge-room-set-of-2-italian-lifestyle-wall-art-prints?variant=55748669211004&country=GB&currency=GBP,,PENDING,KEEP,1,2,100%,68.3,AI Suggestion,,
lounge pictures,https://aboutwallart.com/collections/framed-wall-pictures-for-living-room,,PENDING,LINK,198,7.8,50%,67.2,AI Suggestion,,
lounge pictures,https://aboutwallart.com/products/wall-pictures-for-lounge-room-set-of-2-italian-lifestyle-wall-art-prints?variant=55748669538684&country=GB&currency=GBP,,PENDING,LINK,2,4.6,100%,66,AI Suggestion,,
lounge pictures,https://aboutwallart.com/products/3-pictures-above-bed-set-of-3-framed-wall-art,,PENDING,LINK,48,4.7,50%,54.7,AI Suggestion,,
lounge pictures,https://aboutwallart.com/products/large-living-room-pictures-set-of-3-wall-art-prints,,PENDING,LINK,47,6.6,50%,52.5,AI Suggestion,,
lounge pictures,https://aboutwallart.com/products/large-frames-for-pictures-in-sizes-a4-a3-a2-20x30-in,,PENDING,PENDING,21,5.2,50%,46.1,AI Suggestion,,
lounge pictures,https://aboutwallart.com/products/bedroom-pictures-for-wall-set-of-3-art-prints?pr_prod_strat=pinned&pr_rec_id=f27b2b090&pr_rec_pid=8167995736350&pr_ref_pid=8167994065182&pr_seq=uniform,,PENDING,PENDING,1,1.2,50%,44.1,AI Suggestion,,
lounge pictures,https://aboutwallart.com/blogs/news-articles-home-decor-inspiration/wall-art-pictures-for-living-room-grounded-neutral-colours,,PENDING,PENDING,17,7.5,50%,42.6,AI Suggestion,,
lounge pictures,https://aboutwallart.com/products/laundry-room-pictures-set-of-2-wall-art-prints,,PENDING,PENDING,7,4.5,50%,42.6,AI Suggestion,,
lounge pictures,https://aboutwallart.com/products/bedroom-pictures-for-wall-set-of-3-art-prints?variant=55160765251964,,PENDING,PENDING,1,3.1,50%,42.2,AI Suggestion,,
do beige and gray go together,https://aboutwallart.com/blogs/news-articles-home-decor-inspiration/do-beige-and-grey-go-together-heres-how-to-make-it-work,,PENDING,KEEP,1362,4.3,75%,83.2,AI Suggestion,,
do beige and gray go together,https://aboutwallart.com/blogs/home-decor-inspiration/do-beige-and-grey-go-together,,PENDING,LINK,1,2.9,75%,54.9,AI Suggestion,,
do beige and gray go together,https://aboutwallart.com/blogs/news-articles-home-decor-inspiration/family-room-interiors-to-inspire-comfort-and-togetherness,,PENDING,LINK,3,9.6,50%,36.3,AI Suggestion,,
pictures for the bathroom,https://aboutwallart.com/blogs/news-articles-home-decor-inspiration/stylish-behind-toilet-decor-5-ideas-to-transform-your-small-bathroom,,PENDING,KEEP,242,5.3,50%,69.7,AI Suggestion,,
pictures for the bathroom,https://aboutwallart.com/blogs/news-articles-home-decor-inspiration/choosing-the-right-art-for-grey-walls,,PENDING,LINK,213,5.7,50%,69.3,AI Suggestion,,
pictures for the bathroom,https://aboutwallart.com/blogs/news-articles-home-decor-inspiration/the-case-for-empty-spaces-when-less-truly-is-more,,PENDING,LINK,102,6.5,50%,68.5,AI Suggestion,,
pictures for the bathroom,https://aboutwallart.com/collections/framed-wall-pictures-for-living-room,,PENDING,LINK,198,7.8,50%,67.2,AI Suggestion,,
pictures for the bathroom,https://aboutwallart.com/blogs/news-articles-home-decor-inspiration/bathroom-art-ideas-to-transform-your-bathroom-into-an-oasis,,PENDING,LINK,225,8.4,50%,66.6,AI Suggestion,,
pictures for the bathroom,https://aboutwallart.com/products/art-prints-for-the-bathroom-set-of-3-wall-art-prints?pr_prod_strat=e5_desc&pr_rec_id=2d9082061&pr_rec_pid=8167974273310&pr_ref_pid=8167974076702&pr_seq=uniform,,PENDING,LINK,1,1.2,75%,56.6,AI Suggestion,,
pictures for the bathroom,https://aboutwallart.com/blogs/news-articles-home-decor-inspiration/transforming-spaces-the-power-of-japan-prints-and-feng-shui,,PENDING,PENDING,64,7.8,50%,56.4,AI Suggestion,,
pictures for the bathroom,https://aboutwallart.com/products/art-prints-for-the-bathroom-set-of-3-wall-art-prints?pr_prod_strat=pinned&pr_rec_id=7cfe23379&pr_rec_pid=8167974273310&pr_ref_pid=9013683388702&pr_seq=uniform,,PENDING,PENDING,2,1.8,75%,56.3,AI Suggestion,,
pictures for the bathroom,https://aboutwallart.com/blogs/news-articles-home-decor-inspiration/mistakes-when-estimating-the-size-of-a-frame-for-wall-art,,PENDING,PENDING,49,5.4,50%,54.3,AI Suggestion,,
pictures for the bathroom,https://aboutwallart.com/products/small-pictures-for-bathrooms-set-of-3-framed-wall-art,,PENDING,PENDING,3,6.2,75%,52.2,AI Suggestion,,
3 wall art set,https://aboutwallart.com/blogs/news-articles-home-decor-inspiration/what-is-the-3-5-7-rule-in-decorating,,PENDING,KEEP,1489,2.8,67%,80.5,AI Suggestion,,
3 wall art set,https://aboutwallart.com/products/floral-large-wall-prints-for-a-living-room-set-of-3-wall-art-prints,,DONE,LOCKED_TO_OTHER_KEYWORD,64,9.1,100%,80.1,AI Suggestion,,
3 wall art set,https://aboutwallart.com/products/3-pictures-above-bed-set-of-3-framed-wall-art,,DONE,LOCKED_TO_OTHER_KEYWORD,48,4.7,100%,79.7,AI Suggestion,,
3 wall art set,https://aboutwallart.com/blogs/news-articles-home-decor-inspiration/do-beige-and-grey-go-together-heres-how-to-make-it-work,,PENDING,LINK,1362,4.3,67%,79.1,AI Suggestion,,
3 wall art set,https://aboutwallart.com/blogs/news-articles-home-decor-inspiration/what-colour-goes-with-grey-walls-essential-tips,,PENDING,LINK,728,5,67%,78.3,AI Suggestion,,
3 wall art set,https://aboutwallart.com/blogs/news-articles-home-decor-inspiration/stylish-behind-toilet-decor-5-ideas-to-transform-your-small-bathroom,,PENDING,LINK,242,5.3,67%,78,AI Suggestion,,
3 wall art set,https://aboutwallart.com/blogs/news-articles-home-decor-inspiration/choosing-the-right-art-for-grey-walls,,PENDING,PENDING,213,5.7,67%,77.6,AI Suggestion,,
3 wall art set,https://aboutwallart.com/products/large-living-room-pictures-set-of-3-wall-art-prints,,PENDING,PENDING,47,6.6,100%,77.5,AI Suggestion,,
3 wall art set,https://aboutwallart.com/blogs/news-articles-home-decor-inspiration/moisture-resistant-restroom-wall-art-what-actually-works,,PENDING,PENDING,538,5.8,67%,77.5,AI Suggestion,,
3 wall art set,https://aboutwallart.com/blogs/news-articles-home-decor-inspiration/how-bedroom-wall-art-ideas-can-impact-your-quality-of-rest,,PENDING,PENDING,107,6.1,67%,77.2,AI Suggestion,,
bathroom art,https://aboutwallart.com/blogs/news-articles-home-decor-inspiration/stylish-behind-toilet-decor-5-ideas-to-transform-your-small-bathroom,,PENDING,KEEP,242,5.3,100%,94.7,AI Suggestion,,
bathroom art,https://aboutwallart.com/blogs/news-articles-home-decor-inspiration/decorating-above-toilet-stylish-ideas-to-elevate-your-bathroom,,DONE,LOCKED_TO_OTHER_KEYWORD,139,6.5,100%,93.5,AI Suggestion,,
bathroom art,https://aboutwallart.com/blogs/news-articles-home-decor-inspiration/bathroom-art-ideas-to-transform-your-bathroom-into-an-oasis,,DONE,LOCKED_TO_OTHER_KEYWORD,225,8.4,100%,91.6,AI Suggestion,,
bathroom art,https://aboutwallart.com/blogs/news-articles-home-decor-inspiration/what-is-the-3-5-7-rule-in-decorating,,PENDING,LINK,1489,2.8,50%,72.2,AI Suggestion,,
bathroom art,https://aboutwallart.com/blogs/news-articles-home-decor-inspiration/do-beige-and-grey-go-together-heres-how-to-make-it-work,,PENDING,LINK,1362,4.3,50%,70.7,AI Suggestion,,
bathroom art,https://aboutwallart.com/blogs/news-articles-home-decor-inspiration/what-colour-goes-with-grey-walls-essential-tips,,PENDING,LINK,728,5,50%,70,AI Suggestion,,
bathroom art,https://aboutwallart.com/blogs/news-articles-home-decor-inspiration/bathroom-wall-decor-ideas-for-spa-like-spaces,,PENDING,PENDING,26,8.1,100%,69.7,AI Suggestion,,
bathroom art,https://aboutwallart.com/products/bathroom-artwork-prints-set-of-3-framed-wall-art-prints?pr_prod_strat=pinned&pr_rec_id=2502a320f&pr_rec_pid=8167972241694&pr_ref_pid=8167972897054&pr_seq=uniform,,PENDING,PENDING,2,1,100%,69.6,AI Suggestion,,
bathroom art,https://aboutwallart.com/blogs/news-articles-home-decor-inspiration/choosing-the-right-art-for-grey-walls,,PENDING,PENDING,213,5.7,50%,69.3,AI Suggestion,,
bathroom art,https://aboutwallart.com/products/framed-art-for-bathroom-set-of-3-green-botanical-wall-art?variant=47153193156894,,PENDING,PENDING,1,1.1,100%,69.2,AI Suggestion,,
art above fireplace,https://aboutwallart.com/collections/above-fireplaces,,PENDING,KEEP,164,7.3,100%,92.7,AI Suggestion,,
art above fireplace,https://aboutwallart.com/blogs/news-articles-home-decor-inspiration/decorating-above-toilet-stylish-ideas-to-elevate-your-bathroom,,PENDING,LINK,139,6.5,67%,76.8,AI Suggestion,,
art above fireplace,https://aboutwallart.com/products/3-pictures-above-bed-set-of-3-framed-wall-art,,PENDING,LINK,48,4.7,67%,63,AI Suggestion,,
art above fireplace,https://aboutwallart.com/collections/above-fireplaces?page=2,,PENDING,LINK,2,7.6,100%,63,AI Suggestion,,
art above fireplace,https://aboutwallart.com/products/3-pictures-above-bed-set-of-3-framed-wall-art?variant=55160998855036&country=GB&currency=GBP,,PENDING,LINK,4,6.1,67%,48.4,AI Suggestion,,
art above fireplace,https://aboutwallart.com/blogs/news-articles-home-decor-inspiration/discover-perfect-above-the-bed-decor-ideas,,PENDING,PENDING,15,9.7,67%,48.1,AI Suggestion,,
art above fireplace,https://aboutwallart.com/blogs/news-articles-home-decor-inspiration/how-big-should-wall-art-be-above-a-sofa/,,PENDING,PENDING,2,6.3,67%,47.6,AI Suggestion,,
art above fireplace,https://aboutwallart.com/products/3-pictures-above-bed-set-of-3-framed-wall-art?variant=55160998789500&country=GB&currency=GBP,,PENDING,PENDING,4,7,67%,47.6,AI Suggestion,,
art above fireplace,https://aboutwallart.com/blogs/news-articles-home-decor-inspiration/how-big-should-wall-art-be-above-a-sofa,,PENDING,PENDING,1,6.4,67%,47.2,AI Suggestion,,
art above fireplace,https://aboutwallart.com/products/3-pictures-above-bed-set-of-3-framed-wall-art?variant=55850603053436,,PENDING,PENDING,1,9.8,67%,43.8,AI Suggestion,,
wall art islamic,https://aboutwallart.com/collections/wall-islamic-art,,PENDING,KEEP,102,11.4,100%,88.6,AI Suggestion,,
wall art islamic,https://aboutwallart.com/blogs/news-articles-home-decor-inspiration/what-is-the-3-5-7-rule-in-decorating,,PENDING,LINK,1489,2.8,67%,80.5,AI Suggestion,,
wall art islamic,https://aboutwallart.com/blogs/news-articles-home-decor-inspiration/do-beige-and-grey-go-together-heres-how-to-make-it-work,,PENDING,LINK,1362,4.3,67%,79.1,AI Suggestion,,
wall art islamic,https://aboutwallart.com/blogs/news-articles-home-decor-inspiration/what-colour-goes-with-grey-walls-essential-tips,,PENDING,LINK,728,5,67%,78.3,AI Suggestion,,
wall art islamic,https://aboutwallart.com/blogs/news-articles-home-decor-inspiration/stylish-behind-toilet-decor-5-ideas-to-transform-your-small-bathroom,,PENDING,LINK,242,5.3,67%,78,AI Suggestion,,
wall art islamic,https://aboutwallart.com/blogs/news-articles-home-decor-inspiration/choosing-the-right-art-for-grey-walls,,PENDING,LINK,213,5.7,67%,77.6,AI Suggestion,,
wall art islamic,https://aboutwallart.com/blogs/news-articles-home-decor-inspiration/moisture-resistant-restroom-wall-art-what-actually-works,,PENDING,PENDING,538,5.8,67%,77.5,AI Suggestion,,
wall art islamic,https://aboutwallart.com/blogs/news-articles-home-decor-inspiration/how-bedroom-wall-art-ideas-can-impact-your-quality-of-rest,,PENDING,PENDING,107,6.1,67%,77.2,AI Suggestion,,
wall art islamic,https://aboutwallart.com/blogs/news-articles-home-decor-inspiration/old-money-style-interiors-classic-design-trends,,PENDING,PENDING,299,6.4,67%,77,AI Suggestion,,
wall art islamic,https://aboutwallart.com/blogs/news-articles-home-decor-inspiration/wall-art-for-high-ceilings-7-creative-ideas,,PENDING,PENDING,288,6.4,67%,76.9,AI Suggestion,,
black and white prints set of 3,https://aboutwallart.com/products/new-york-white-and-black-art-for-living-room-set-of-3-wall-art-prints,,PENDING,KEEP,18,6.4,100%,69,AI Suggestion,,
black and white prints set of 3,https://aboutwallart.com/products/black-and-white-japanese-art-set-of-3-wall-art-prints,,PENDING,LINK,10,4.4,100%,68.6,AI Suggestion,,
black and white prints set of 3,https://aboutwallart.com/products/white-and-black-prints-set-of-3-wall-art-prints?variant=55161173279100&country=GB&currency=GBP&utm_medium=product_sync&utm_source=google&utm_content=sag_organic&utm_campaign=sag_organic,,PENDING,LINK,2,2.5,100%,68.1,AI Suggestion,,
black and white prints set of 3,https://aboutwallart.com/products/manhattan-black-and-white-prints-set-of-3-wall-art-prints,,PENDING,LINK,7,5.7,100%,66.4,AI Suggestion,,
black and white prints set of 3,https://aboutwallart.com/products/artistic-black-and-white-wall-pictures-set-of-3-art-prints?variant=55849743352188,,PENDING,LINK,1,4.2,100%,66.2,AI Suggestion,,
black and white prints set of 3,https://aboutwallart.com/products/white-and-black-wall-art-set-of-3-prints?variant=55849557328252,,PENDING,PENDING,1,4.5,100%,65.8,AI Suggestion,,
black and white prints set of 3,https://aboutwallart.com/products/white-and-black-wall-art-set-of-3-prints,,PENDING,PENDING,4,6.2,100%,65,AI Suggestion,,
black and white prints set of 3,https://aboutwallart.com/products/white-and-black-prints-set-of-3-wall-art-prints,,PENDING,PENDING,9,8.2,100%,64.6,AI Suggestion,,
black and white prints set of 3,https://aboutwallart.com/products/artistic-black-and-white-wall-pictures-set-of-3-art-prints,,PENDING,PENDING,6,7.7,100%,64.1,AI Suggestion,,
black and white prints set of 3,https://aboutwallart.com/products/black-and-white-line-art-for-bedroom-set-of-2-wall-art-prints,,PENDING,PENDING,2,8,100%,62.6,AI Suggestion,,
decoration islam,https://aboutwallart.com/collections/wall-islamic-art,,PENDING,KEEP,102,11.4,50%,63.6,AI Suggestion,,
decoration islam,https://aboutwallart.com/products/islamic-wall-art-in-the-uk-set-of-2-wall-art-prints?variant=44621641744670&country=GB&currency=GBP&utm_medium=product_sync&utm_source=google&utm_content=sag_organic&utm_campaign=sag_organic,,PENDING,LINK,2,1,50%,44.6,AI Suggestion,,
decoration islam,https://aboutwallart.com/products/office-wall-decorations-set-of-3-framed-wall-art-prints?pr_prod_strat=use_description&pr_rec_id=3499e27c1&pr_rec_pid=8167998587166&pr_ref_pid=8167999963422&pr_seq=uniform,,PENDING,LINK,2,1.3,50%,44.4,AI Suggestion,,
decoration islam,https://aboutwallart.com/blogs/news-articles-home-decor-inspiration/top-5-islamic-art-wall-ideas-revealed,,PENDING,LINK,19,7.3,50%,43.5,AI Suggestion,,
decoration islam,https://aboutwallart.com/products/islamic-wall-art-in-the-uk-set-of-2-wall-art-prints,,PENDING,LINK,18,7,50%,43.4,AI Suggestion,,
decoration islam,https://aboutwallart.com/products/islamic-wall-art-with-frame-for-living-room-set-of-3-prints,,PENDING,LINK,13,6.5,50%,42.4,AI Suggestion,,
decoration islam,https://aboutwallart.com/products/ramadan-mubarak-decorations-for-bedroom-set-of-3-wall-art-prints?variant=55160762761596&country=GB&currency=GBP,,PENDING,PENDING,1,3.6,50%,41.7,AI Suggestion,,
decoration islam,https://aboutwallart.com/blogs/news-articles-home-decor-inspiration/dive-into-the-rich-history-of-islamic-calligraphy-wall-art,,PENDING,PENDING,11,7.3,50%,41,AI Suggestion,,
decoration islam,https://aboutwallart.com/products/bathroom-wall-decoration-set-of-2-framed-wall-art-prints,,PENDING,PENDING,1,4.7,50%,40.6,AI Suggestion,,
decoration islam,https://aboutwallart.com/products/islamic-prints-wall-art-for-hallway-decor?variant=47756502008094&country=GB&currency=GBP,,PENDING,PENDING,1,5.1,50%,40.2,AI Suggestion,,
asian decor ideas,https://aboutwallart.com/blogs/news-articles-home-decor-inspiration/asian-home-decor-ideas-for-tranquil-nature-led-interiors,,PENDING,KEEP,66,8.6,100%,81.2,AI Suggestion,,
asian decor ideas,https://aboutwallart.com/blogs/news-articles-home-decor-inspiration/stylish-behind-toilet-decor-5-ideas-to-transform-your-small-bathroom,,PENDING,LINK,242,5.3,67%,78,AI Suggestion,,
asian decor ideas,https://aboutwallart.com/blogs/news-articles-home-decor-inspiration/how-bedroom-wall-art-ideas-can-impact-your-quality-of-rest,,PENDING,LINK,107,6.1,67%,77.2,AI Suggestion,,
asian decor ideas,https://aboutwallart.com/blogs/news-articles-home-decor-inspiration/wall-art-for-high-ceilings-7-creative-ideas,,PENDING,LINK,288,6.4,67%,76.9,AI Suggestion,,
asian decor ideas,https://aboutwallart.com/blogs/news-articles-home-decor-inspiration/decorating-above-toilet-stylish-ideas-to-elevate-your-bathroom,,PENDING,LINK,139,6.5,67%,76.8,AI Suggestion,,
asian decor ideas,https://aboutwallart.com/blogs/news-articles-home-decor-inspiration/masculine-home-decor-stylish-ideas-to-elevate-any-modern-space,,PENDING,PENDING,145,7.2,67%,76.2,AI Suggestion,,
asian decor ideas,https://aboutwallart.com/blogs/news-articles-home-decor-inspiration/art-for-offices-inspiring-ideas-for-every-workspace,,PENDING,PENDING,101,7.8,67%,75.5,AI Suggestion,,
asian decor ideas,https://aboutwallart.com/blogs/news-articles-home-decor-inspiration/bathroom-art-ideas-to-transform-your-bathroom-into-an-oasis,,PENDING,PENDING,225,8.4,67%,74.9,AI Suggestion,,
asian decor ideas,https://aboutwallart.com/blogs/news-articles-home-decor-inspiration/top-8-hallway-art-ideas-to-transform-your-space,,PENDING,PENDING,75,8.7,67%,67.1,AI Suggestion,,
asian decor ideas,https://aboutwallart.com/blogs/news-articles-home-decor-inspiration/coastal-decor-bedroom-ideas-how-to-style-it,,PENDING,PENDING,57,7.9,67%,62.5,AI Suggestion,,
boho wall art for living room,https://aboutwallart.com/collections/framed-wall-pictures-for-living-room,,PENDING,KEEP,198,7.8,83%,83.8,AI Suggestion,,
boho wall art for living room,https://aboutwallart.com/blogs/news-articles-home-decor-inspiration/stylish-behind-toilet-decor-5-ideas-to-transform-your-small-bathroom,,PENDING,LINK,242,5.3,67%,78,AI Suggestion,,
boho wall art for living room,https://aboutwallart.com/blogs/news-articles-home-decor-inspiration/bathroom-art-ideas-to-transform-your-bathroom-into-an-oasis,,PENDING,LINK,225,8.4,67%,74.9,AI Suggestion,,
boho wall art for living room,https://aboutwallart.com/products/floral-large-wall-prints-for-a-living-room-set-of-3-wall-art-prints,,DONE,LOCKED_TO_OTHER_KEYWORD,64,9.1,83%,71.8,AI Suggestion,,
boho wall art for living room,https://aboutwallart.com/blogs/news-articles-home-decor-inspiration/choosing-the-right-art-for-grey-walls,,PENDING,LINK,213,5.7,50%,69.3,AI Suggestion,,
boho wall art for living room,https://aboutwallart.com/blogs/news-articles-home-decor-inspiration/moisture-resistant-restroom-wall-art-what-actually-works,,PENDING,PENDING,538,5.8,50%,69.2,AI Suggestion,,
boho wall art for living room,https://aboutwallart.com/blogs/news-articles-home-decor-inspiration/how-bedroom-wall-art-ideas-can-impact-your-quality-of-rest,,PENDING,PENDING,107,6.1,50%,68.9,AI Suggestion,,
boho wall art for living room,https://aboutwallart.com/blogs/news-articles-home-decor-inspiration/wall-art-for-high-ceilings-7-creative-ideas,,PENDING,PENDING,288,6.4,50%,68.6,AI Suggestion,,
boho wall art for living room,https://aboutwallart.com/blogs/news-articles-home-decor-inspiration/the-case-for-empty-spaces-when-less-truly-is-more,,PENDING,PENDING,102,6.5,50%,68.5,AI Suggestion,,
boho wall art for living room,https://aboutwallart.com/blogs/news-articles-home-decor-inspiration/decorating-above-toilet-stylish-ideas-to-elevate-your-bathroom,,PENDING,PENDING,139,6.5,50%,68.5,AI Suggestion,,
canvas for living room,https://aboutwallart.com/collections/framed-wall-pictures-for-living-room,,PENDING,KEEP,198,7.8,75%,79.7,AI Suggestion,,
canvas for living room,https://aboutwallart.com/blogs/news-articles-home-decor-inspiration/canvas-paintings-for-living-room,,PENDING,REPURPOSE,43,9.4,100%,73.5,AI Suggestion,,
canvas for living room,https://aboutwallart.com/blogs/news-articles-home-decor-inspiration/stylish-behind-toilet-decor-5-ideas-to-transform-your-small-bathroom,,PENDING,LINK,242,5.3,50%,69.7,AI Suggestion,,
canvas for living room,https://aboutwallart.com/products/floral-large-wall-prints-for-a-living-room-set-of-3-wall-art-prints,,PENDING,LINK,64,9.1,75%,67.6,AI Suggestion,,
canvas for living room,https://aboutwallart.com/blogs/news-articles-home-decor-inspiration/how-i-used-canvas-pictures-for-living-rooms,,DONE,LOCKED_TO_OTHER_KEYWORD,20,9,100%,67,AI Suggestion,,
canvas for living room,https://aboutwallart.com/blogs/news-articles-home-decor-inspiration/bathroom-art-ideas-to-transform-your-bathroom-into-an-oasis,,PENDING,PENDING,225,8.4,50%,66.6,AI Suggestion,,
canvas for living room,https://aboutwallart.com/products/wall-art-for-large-living-room-wall-set-of-3-floral-wall-art-prints,,PENDING,PENDING,30,8.2,75%,58.3,AI Suggestion,,
canvas for living room,https://aboutwallart.com/products/art-wall-for-living-room-set-of-3-wall-art-prints?pr_prod_strat=e5_desc&pr_rec_id=fbc83ae13&pr_rec_pid=8167993245982&pr_ref_pid=8167997440286&pr_seq=uniform,,PENDING,PENDING,7,1.7,75%,57.9,AI Suggestion,,
canvas for living room,https://aboutwallart.com/products/Framed-prints-living-room-set-of-3-framed-wall-art?pr_prod_strat=pinned&pr_rec_id=f88259ac0&pr_rec_pid=8168006418718&pr_ref_pid=8168006713630&pr_seq=uniform,,PENDING,PENDING,1,1,75%,56.8,AI Suggestion,,
canvas for living room,https://aboutwallart.com/products/new-york-white-and-black-art-for-living-room-set-of-3-wall-art-prints,,PENDING,PENDING,18,6.4,75%,56.5,AI Suggestion,,
kitchen artwork ideas,https://aboutwallart.com/blogs/news-articles-home-decor-inspiration/quirky-kitchen-wall-art-ideas-for-fun-lived-in-spaces,,PENDING,KEEP,51,9.3,67%,59.3,AI Suggestion,,
kitchen artwork ideas,https://aboutwallart.com/blogs/news-articles-home-decor-inspiration/the-best-art-for-a-kitchen-wall-ideas,,PENDING,LINK,51,12.9,67%,55.7,AI Suggestion,,
kitchen artwork ideas,https://aboutwallart.com/products/artwork-for-kitchen-walls-set-of-3-wall-art,,PENDING,LINK,5,7.3,67%,47.6,AI Suggestion,,
kitchen artwork ideas,https://aboutwallart.com/products/office-artwork-ideas-set-of-3-wall-art-prints?variant=55856593863036&country=GB&currency=GBP,,PENDING,LINK,1,6.7,67%,46.9,AI Suggestion,,
kitchen artwork ideas,https://aboutwallart.com/products/artwork-for-the-kitchen-set-of-3-framed-wall-art,,PENDING,LINK,4,8.7,67%,45.8,AI Suggestion,,
kitchen artwork ideas,https://aboutwallart.com/products/artwork-for-the-kitchen-set-of-3-framed-wall-art?variant=55160540463484&country=GB&currency=GBP,,PENDING,PENDING,2,10.5,67%,43.4,AI Suggestion,,
kitchen artwork ideas,https://aboutwallart.com/blogs/news-articles-home-decor-inspiration/quirky-kitchen-wall-art-ideas-for-fun-lived-in-spaces#botanical-art,,PENDING,PENDING,1,10.5,67%,43.1,AI Suggestion,,
kitchen artwork ideas,https://aboutwallart.com/products/artwork-for-kitchen-walls-set-of-3-wall-art?variant=55160397169020&country=GB&currency=GBP,,PENDING,PENDING,1,10.7,67%,42.9,AI Suggestion,,
kitchen artwork ideas,https://aboutwallart.com/products/office-artwork-ideas-set-of-3-wall-art-prints?variant=55161850790268&country=GB&currency=GBP,,PENDING,PENDING,1,11.5,67%,42.1,AI Suggestion,,
kitchen artwork ideas,https://aboutwallart.com/cdn/shop/articles/quirky-kitchen-wall-art-ideas-for-fun-lived-in-spaces-7265243.png?v=1768947558&width=360,,PENDING,PENDING,2,19.4,67%,34.6,AI Suggestion,,
can grey and beige go together,https://aboutwallart.com/blogs/news-articles-home-decor-inspiration/do-beige-and-grey-go-together-heres-how-to-make-it-work,,PENDING,KEEP,1362,4.3,80%,85.7,AI Suggestion,,
can grey and beige go together,https://aboutwallart.com/blogs/home-decor-inspiration/do-beige-and-grey-go-together,,PENDING,LINK,1,2.9,80%,57.4,AI Suggestion,,
art in offices,https://aboutwallart.com/blogs/news-articles-home-decor-inspiration/art-for-offices-inspiring-ideas-for-every-workspace,,PENDING,KEEP,101,7.8,100%,92.2,AI Suggestion,,
art in offices,https://aboutwallart.com/blogs/news-articles-home-decor-inspiration/what-is-the-3-5-7-rule-in-decorating,,PENDING,LINK,1489,2.8,50%,72.2,AI Suggestion,,
art in offices,https://aboutwallart.com/blogs/news-articles-home-decor-inspiration/do-beige-and-grey-go-together-heres-how-to-make-it-work,,PENDING,LINK,1362,4.3,50%,70.7,AI Suggestion,,
art in offices,https://aboutwallart.com/blogs/news-articles-home-decor-inspiration/what-colour-goes-with-grey-walls-essential-tips,,PENDING,LINK,728,5,50%,70,AI Suggestion,,
art in offices,https://aboutwallart.com/blogs/news-articles-home-decor-inspiration/stylish-behind-toilet-decor-5-ideas-to-transform-your-small-bathroom,,PENDING,LINK,242,5.3,50%,69.7,AI Suggestion,,
art in offices,https://aboutwallart.com/blogs/news-articles-home-decor-inspiration/choosing-the-right-art-for-grey-walls,,PENDING,LINK,213,5.7,50%,69.3,AI Suggestion,,
art in offices,https://aboutwallart.com/blogs/news-articles-home-decor-inspiration/moisture-resistant-restroom-wall-art-what-actually-works,,PENDING,PENDING,538,5.8,50%,69.2,AI Suggestion,,
art in offices,https://aboutwallart.com/blogs/news-articles-home-decor-inspiration/how-bedroom-wall-art-ideas-can-impact-your-quality-of-rest,,PENDING,LINK,107,6.1,50%,68.9,AI Suggestion,,
art in offices,https://aboutwallart.com/blogs/news-articles-home-decor-inspiration/old-money-style-interiors-classic-design-trends,,PENDING,PENDING,299,6.4,50%,68.6,AI Suggestion,,
art in offices,https://aboutwallart.com/blogs/news-articles-home-decor-inspiration/wall-art-for-high-ceilings-7-creative-ideas,,PENDING,PENDING,288,6.4,50%,68.6,AI Suggestion,,
what colours go with grey walls living room,https://aboutwallart.com/blogs/news-articles-home-decor-inspiration/what-colour-goes-with-grey-walls-essential-tips,,PENDING,KEEP,728,5,57%,73.6,AI Suggestion,,
what colours go with grey walls living room,https://aboutwallart.com/blogs/news-articles-home-decor-inspiration/what-to-do-when-your-home-lacks-natural-light-decorate-with-living-room-wall-hangings,,PENDING,LINK,30,8.4,57%,49.2,AI Suggestion,,
set of 3 pictures for living room,https://aboutwallart.com/collections/framed-wall-pictures-for-living-room,,PENDING,KEEP,198,7.8,80%,82.2,AI Suggestion,,
set of 3 pictures for living room,https://aboutwallart.com/products/floral-large-wall-prints-for-a-living-room-set-of-3-wall-art-prints,,DONE,LOCKED_TO_OTHER_KEYWORD,64,9.1,80%,70.1,AI Suggestion,,
set of 3 pictures for living room,https://aboutwallart.com/products/large-living-room-pictures-set-of-3-wall-art-prints,,DONE,LOCKED_TO_OTHER_KEYWORD,47,6.6,80%,67.5,AI Suggestion,,
set of 3 pictures for living room,https://aboutwallart.com/products/big-pictures-for-living-room-set-of-2-wall-art,,PENDING,LINK,7,6.4,100%,65.7,AI Suggestion,,
set of 3 pictures for living room,https://aboutwallart.com/products/london-wall-pictures-for-living-room-ideas-set-of-3-wall-art-prints,,PENDING,LINK,8,7.6,100%,64.8,AI Suggestion,,
set of 3 pictures for living room,https://aboutwallart.com/products/large-pictures-for-living-room-set-of-3-wall-art-prints,,PENDING,PENDING,1,8.2,100%,62.1,AI Suggestion,,
set of 3 pictures for living room,https://aboutwallart.com/products/living-room-pictures-for-the-walls-set-of-3-art-prints,,PENDING,PENDING,6,10,100%,61.8,AI Suggestion,,
set of 3 pictures for living room,https://aboutwallart.com/products/wall-art-for-large-living-room-wall-set-of-3-floral-wall-art-prints,,PENDING,PENDING,30,8.2,80%,60.8,AI Suggestion,,
set of 3 pictures for living room,https://aboutwallart.com/products/art-wall-for-living-room-set-of-3-wall-art-prints?pr_prod_strat=e5_desc&pr_rec_id=fbc83ae13&pr_rec_pid=8167993245982&pr_ref_pid=8167997440286&pr_seq=uniform,,PENDING,PENDING,7,1.7,80%,60.4,AI Suggestion,,
set of 3 pictures for living room,https://aboutwallart.com/products/Framed-prints-living-room-set-of-3-framed-wall-art?pr_prod_strat=pinned&pr_rec_id=f88259ac0&pr_rec_pid=8168006418718&pr_ref_pid=8168006713630&pr_seq=uniform,,PENDING,PENDING,1,1,80%,59.3,AI Suggestion,,
colours that go with grey walls,https://aboutwallart.com/blogs/news-articles-home-decor-inspiration/what-colour-goes-with-grey-walls-essential-tips,,PENDING,KEEP,728,5,60%,75,AI Suggestion,,
colours that go with grey walls,https://aboutwallart.com/blogs/news-articles-home-decor-inspiration/how-to-decorate-with-greige-colours-the-blend-of-grey-beige,,PENDING,LINK,21,8.8,60%,47.5,AI Suggestion,,
colours that go with grey walls,https://aboutwallart.com/blogs/news-articles-home-decor-inspiration/colors-that-go-with-grey-perfect-combinations-for-home-decor,,PENDING,LINK,12,13.1,60%,40.6,AI Suggestion,,
colour language,https://aboutwallart.com/blogs/news-articles-home-decor-inspiration/what-colour-goes-with-grey-walls-essential-tips,,PENDING,KEEP,728,5,50%,70,AI Suggestion,,
colour language,https://aboutwallart.com/blogs/news-articles-home-decor-inspiration/colour-trends-for-2026-paint-shades-designers-recommend,,PENDING,LINK,8,4.6,50%,42.8,AI Suggestion,,
colour language,https://aboutwallart.com/blogs/news-articles-home-decor-inspiration/wall-art-pictures-for-living-room-grounded-neutral-colours,,PENDING,LINK,17,7.5,50%,42.6,AI Suggestion,,
colour language,https://aboutwallart.com/blogs/news-articles-home-decor-inspiration/how-to-decorate-with-greige-colours-the-blend-of-grey-beige,,PENDING,LINK,21,8.8,50%,42.5,AI Suggestion,,
colour language,https://aboutwallart.com/collections/teal-colour-wall-art,,PENDING,LINK,16,9,50%,40.8,AI Suggestion,,
colour language,https://aboutwallart.com/blogs/news-articles-home-decor-inspiration/how-to-add-personality-with-nursery-colours,,PENDING,LINK,15,9,50%,40.5,AI Suggestion,,
colour language,https://aboutwallart.com/blogs/news-articles-home-decor-inspiration/kitchen-trends-for-2026-colours-layouts-and-must-have-features/,,PENDING,PENDING,5,6.6,50%,39.9,AI Suggestion,,
colour language,https://aboutwallart.com/blogs/news-articles-home-decor-inspiration/lighting-challenges-when-using-a-deep-winter-colour-palette,,PENDING,PENDING,1,6,50%,39.3,AI Suggestion,,
colour language,https://aboutwallart.com/blogs/news-articles-home-decor-inspiration/earth-inspired-living-the-down-to-earth-colour-trends,,PENDING,PENDING,8,8.2,50%,39.2,AI Suggestion,,
colour language,https://aboutwallart.com/blogs/news-articles-home-decor-inspiration/how-to-use-current-wall-colour-trends-for-a-truly-calming-home,,PENDING,PENDING,1,6.3,50%,39,AI Suggestion,,
art moderne interior design,https://aboutwallart.com/blogs/news-articles-home-decor-inspiration/old-money-style-interiors-classic-design-trends,,PENDING,KEEP,299,6.4,75%,81.1,AI Suggestion,,
art moderne interior design,https://aboutwallart.com/blogs/news-articles-home-decor-inspiration/my-guide-to-the-top-interior-decorating-trends-2026,,PENDING,LINK,101,7.7,50%,67.3,AI Suggestion,,
art moderne interior design,https://aboutwallart.com/blogs/news-articles-home-decor-inspiration/understanding-art-in-interior-design,,PENDING,LINK,34,10,75%,57.7,AI Suggestion,,
art moderne interior design,https://aboutwallart.com/blogs/news-articles-home-decor-inspiration/art-moderne-home-decor-streamlined-1930s-inspired-design-ideas-1,,PENDING,LINK,26,8.9,75%,56.3,AI Suggestion,,
art moderne interior design,https://aboutwallart.com/blogs/news-articles-home-decor-inspiration/asian-home-decor-ideas-for-tranquil-nature-led-interiors,,PENDING,LINK,66,8.6,50%,56.2,AI Suggestion,,
art moderne interior design,https://aboutwallart.com/blogs/news-articles-home-decor-inspiration/kitchen-wall-art-expert-interior-design-tips-trends-2026,,PENDING,PENDING,15,5.9,75%,56.1,AI Suggestion,,
art moderne interior design,https://aboutwallart.com/products/japandi-interior-design-set-of-3-wall-art-prints,,PENDING,LINK,7,6.5,75%,53.1,AI Suggestion,,
art moderne interior design,https://aboutwallart.com/collections/biophilic-interior-design?page=3,,PENDING,PENDING,3,5.9,75%,52.5,AI Suggestion,,
art moderne interior design,https://aboutwallart.com/products/japandi-interior-design-set-of-3-wall-art-prints?variant=55161848725884,,PENDING,PENDING,1,5.6,75%,52.2,AI Suggestion,,
art moderne interior design,https://aboutwallart.com/blogs/news-articles-home-decor-inspiration/apartment-interior-renovation-checklist-planning-design-trends-cost-factors,,PENDING,PENDING,3,6.6,75%,51.8,AI Suggestion,,
artwork for above fireplace,https://aboutwallart.com/collections/above-fireplaces,,PENDING,KEEP,164,7.3,50%,67.7,AI Suggestion,,
artwork for above fireplace,https://aboutwallart.com/products/bathroom-artwork-prints-set-of-3-framed-wall-art-prints?pr_prod_strat=pinned&pr_rec_id=2502a320f&pr_rec_pid=8167972241694&pr_ref_pid=8167972897054&pr_seq=uniform,,PENDING,LINK,2,1,50%,44.6,AI Suggestion,,
artwork for above fireplace,https://aboutwallart.com/products/calming-artwork-for-living-room-set-of-3-wall-art-prints,,PENDING,LINK,6,6.9,50%,39.9,AI Suggestion,,
artwork for above fireplace,https://aboutwallart.com/products/artwork-for-kitchen-walls-set-of-3-wall-art,,PENDING,LINK,5,7.3,50%,39.3,AI Suggestion,,
artwork for above fireplace,https://aboutwallart.com/products/gold-artwork-for-living-room-set-of-3-feathers-wall-art-prints?variant=55160323375484&country=GB&currency=GBP,,PENDING,LINK,1,6.8,50%,38.5,AI Suggestion,,
artwork for above fireplace,https://aboutwallart.com/collections/above-fireplaces?page=2,,PENDING,PENDING,2,7.6,50%,38,AI Suggestion,,
artwork for above fireplace,https://aboutwallart.com/products/artwork-for-the-kitchen-set-of-3-framed-wall-art,,PENDING,PENDING,4,8.7,50%,37.5,AI Suggestion,,
artwork for above fireplace,https://aboutwallart.com/blogs/news-articles-home-decor-inspiration/how-to-select-the-right-pictures-frames-for-your-artwork,,PENDING,PENDING,2,8.3,50%,37.3,AI Suggestion,,
artwork for above fireplace,https://aboutwallart.com/products/botanical-large-artwork-for-hallway-set-of-2-wall-art-prints?variant=55848611250556,,PENDING,PENDING,1,8.1,50%,37.3,AI Suggestion,,
artwork for above fireplace,https://aboutwallart.com/products/botanical-large-artwork-for-hallway-set-of-2-wall-art-prints,,PENDING,PENDING,1,9.2,50%,36.1,AI Suggestion,,
art for bathroom walls ideas,https://aboutwallart.com/blogs/news-articles-home-decor-inspiration/stylish-behind-toilet-decor-5-ideas-to-transform-your-small-bathroom,,PENDING,KEEP,242,5.3,80%,84.7,AI Suggestion,,
art for bathroom walls ideas,https://aboutwallart.com/blogs/news-articles-home-decor-inspiration/bathroom-art-ideas-to-transform-your-bathroom-into-an-oasis,,DONE,LOCKED_TO_OTHER_KEYWORD,225,8.4,80%,81.6,AI Suggestion,,
art for bathroom walls ideas,https://aboutwallart.com/blogs/news-articles-home-decor-inspiration/choosing-the-right-art-for-grey-walls,,PENDING,LINK,213,5.7,60%,74.3,AI Suggestion,,
art for bathroom walls ideas,https://aboutwallart.com/blogs/news-articles-home-decor-inspiration/wall-art-for-high-ceilings-7-creative-ideas,,PENDING,LINK,288,6.4,60%,73.6,AI Suggestion,,
art for bathroom walls ideas,https://aboutwallart.com/blogs/news-articles-home-decor-inspiration/decorating-above-toilet-stylish-ideas-to-elevate-your-bathroom,,PENDING,LINK,139,6.5,60%,73.5,AI Suggestion,,
art for bathroom walls ideas,https://aboutwallart.com/blogs/news-articles-home-decor-inspiration/art-for-offices-inspiring-ideas-for-every-workspace,,PENDING,PENDING,101,7.8,60%,72.2,AI Suggestion,,
art for bathroom walls ideas,https://aboutwallart.com/blogs/news-articles-home-decor-inspiration/wall-decor-ideas-for-large-walls-to-transform-your-space,,PENDING,PENDING,49,7.9,80%,66.8,AI Suggestion,,
art for bathroom walls ideas,https://aboutwallart.com/blogs/news-articles-home-decor-inspiration/top-8-hallway-art-ideas-to-transform-your-space,,PENDING,PENDING,75,8.7,60%,63.8,AI Suggestion,,
art for bathroom walls ideas,https://aboutwallart.com/blogs/news-articles-home-decor-inspiration/asian-home-decor-ideas-for-tranquil-nature-led-interiors,,PENDING,PENDING,66,8.6,60%,61.2,AI Suggestion,,
art for bathroom walls ideas,https://aboutwallart.com/blogs/news-articles-home-decor-inspiration/bathroom-wall-decor-ideas-for-spa-like-spaces,,PENDING,PENDING,26,8.1,80%,59.7,AI Suggestion,,
what colours go with dark grey walls,https://aboutwallart.com/blogs/news-articles-home-decor-inspiration/what-colour-goes-with-grey-walls-essential-tips,,PENDING,KEEP,728,5,67%,78.3,AI Suggestion,,
what colours go with dark grey walls,https://aboutwallart.com/blogs/news-articles-home-decor-inspiration/how-to-decorate-with-greige-colours-the-blend-of-grey-beige,,PENDING,LINK,21,8.8,50%,42.5,AI Suggestion,,
waterproof bathroom picture frames,https://aboutwallart.com/products/large-frames-for-pictures-in-sizes-a4-a3-a2-20x30-in,,PENDING,KEEP,21,5.2,50%,46.1,AI Suggestion,,
waterproof bathroom picture frames,https://aboutwallart.com/products/bathroom-framed-pictures-set-of-3-shabby-chic-wall-art,,PENDING,LINK,5,5.6,50%,40.9,AI Suggestion,,
waterproof bathroom picture frames,https://aboutwallart.com/products/large-frames-for-pictures-in-sizes-a4-a3-a2-20x30-in?variant=55162340344188,,PENDING,LINK,1,5,50%,40.3,AI Suggestion,,
waterproof bathroom picture frames,https://aboutwallart.com/products/large-frames-for-pictures-in-sizes-a4-a3-a2-20x30-in?variant=44621725696286&country=GB&currency=GBP,,PENDING,LINK,1,5.4,50%,39.9,AI Suggestion,,
waterproof bathroom picture frames,https://aboutwallart.com/products/small-pictures-for-bathrooms-set-of-3-framed-wall-art,,PENDING,LINK,3,6.2,50%,39.7,AI Suggestion,,
waterproof bathroom picture frames,https://aboutwallart.com/products/wall-pictures-for-bathroom-set-of-3-framed-wall-art-prints?pr_prod_strat=pinned&pr_rec_id=1af6c8825&pr_rec_pid=8167973191966&pr_ref_pid=8802079899934&pr_seq=uniform,,PENDING,PENDING,4,6.7,50%,39.5,AI Suggestion,,
waterproof bathroom picture frames,https://aboutwallart.com/products/bathroom-pictures-framed-set-of-3-botanical-wall-art-prints,,PENDING,PENDING,2,6.3,50%,39.3,AI Suggestion,,
waterproof bathroom picture frames,https://aboutwallart.com/products/large-frames-for-pictures-in-sizes-a4-a3-a2-20x30-in?variant=55162340376956,,PENDING,PENDING,1,6.7,50%,38.6,AI Suggestion,,
waterproof bathroom picture frames,https://aboutwallart.com/products/small-pictures-for-bathroom-set-of-2-wall-art-prints?variant=55848446820732&country=GB&currency=GBP,,PENDING,PENDING,1,6.9,50%,38.4,AI Suggestion,,
waterproof bathroom picture frames,https://aboutwallart.com/products/small-pictures-for-bathroom-set-of-2-wall-art-prints?variant=55848445510012&country=GB&currency=GBP,,PENDING,PENDING,1,7.1,50%,38.2,AI Suggestion,,
masculine interior design styles,https://aboutwallart.com/blogs/news-articles-home-decor-inspiration/old-money-style-interiors-classic-design-trends,,PENDING,KEEP,299,6.4,50%,68.6,AI Suggestion,,
masculine interior design styles,https://aboutwallart.com/blogs/news-articles-home-decor-inspiration/understanding-art-in-interior-design,,PENDING,LINK,34,10,50%,45.2,AI Suggestion,,
masculine interior design styles,https://aboutwallart.com/blogs/news-articles-home-decor-inspiration/list-of-interior-design-styles-find-the-perfect-look-for-your-home,,PENDING,LINK,4,13.6,75%,45.2,AI Suggestion,,
masculine interior design styles,https://aboutwallart.com/blogs/news-articles-home-decor-inspiration/kitchen-wall-art-expert-interior-design-tips-trends-2026,,PENDING,LINK,15,5.9,50%,43.6,AI Suggestion,,
masculine interior design styles,https://aboutwallart.com/products/japandi-interior-design-set-of-3-wall-art-prints,,PENDING,LINK,7,6.5,50%,40.6,AI Suggestion,,
masculine interior design styles,https://aboutwallart.com/collections/biophilic-interior-design?page=3,,PENDING,LINK,3,5.9,50%,40,AI Suggestion,,
masculine interior design styles,https://aboutwallart.com/products/japandi-interior-design-set-of-3-wall-art-prints?variant=55161848725884,,PENDING,PENDING,1,5.6,50%,39.7,AI Suggestion,,
masculine interior design styles,https://aboutwallart.com/blogs/news-articles-home-decor-inspiration/apartment-interior-renovation-checklist-planning-design-trends-cost-factors,,PENDING,PENDING,3,6.6,50%,39.3,AI Suggestion,,
masculine interior design styles,https://aboutwallart.com/blogs/news-articles-home-decor-inspiration/a-guide-to-a-different-type-of-interior-design-for-a-calming-home,,PENDING,PENDING,3,6.7,50%,39.2,AI Suggestion,,
masculine interior design styles,https://aboutwallart.com/blogs/news-articles-home-decor-inspiration/interior-design-ideas-for-bedrooms-creating-your-sanctuary,,PENDING,PENDING,5,7.9,50%,38.6,AI Suggestion,,
relax soak unwind wall art,https://aboutwallart.com/products/relax-soak-unwind-wall-art-set-of-3-art-prints,,PENDING,KEEP,4,7.4,100%,63.8,AI Suggestion,,
relax soak unwind wall art,https://aboutwallart.com/blogs/news-articles-home-decor-inspiration/5-calming-wall-art-ideas-to-create-a-relaxing-bedroom-decor,,PENDING,LINK,22,9.5,60%,47.1,AI Suggestion,,
relax soak unwind wall art,https://aboutwallart.com/products/wall-decor-for-bathroom-set-of-3-relaxing-wall-art?variant=55849065283964&country=GB&currency=GBP&utm_medium=product_sync&utm_source=google&utm_content=sag_organic&utm_campaign=sag_organic,,PENDING,LINK,2,4,60%,46.6,AI Suggestion,,
relax soak unwind wall art,https://aboutwallart.com/blogs/news-articles-home-decor-inspiration/the-best-art-for-bedrooms-relaxing-pieces-and-placement-tips,,PENDING,LINK,4,5.5,60%,45.7,AI Suggestion,,
relax soak unwind wall art,https://aboutwallart.com/blogs/news-articles-home-decor-inspiration/the-best-art-for-bedrooms-relaxing-pieces-and-placement-tips/,,PENDING,LINK,3,6.5,60%,44.4,AI Suggestion,,
relax soak unwind wall art,https://aboutwallart.com/products/relaxing-bedroom-wall-art-set-of-3-framed-art-prints?variant=55160360010108&country=GB&currency=GBP,,PENDING,LINK,1,6.1,60%,44.2,AI Suggestion,,
relax soak unwind wall art,https://aboutwallart.com/blogs/news-articles-home-decor-inspiration/luxurious-retreats-creating-opulent-and-relaxing-spaces-at-home,,PENDING,LINK,6,9.3,60%,42.5,AI Suggestion,,
old money living room ideas,https://aboutwallart.com/products/london-wall-pictures-for-living-room-ideas-set-of-3-wall-art-prints,,PENDING,KEEP,8,7.6,60%,44.8,AI Suggestion,,
old money living room ideas,https://aboutwallart.com/products/gold-artwork-for-living-room-set-of-3-feathers-wall-art-prints?variant=55160323375484&country=GB&currency=GBP,,PENDING,LINK,1,6.8,60%,43.5,AI Suggestion,,
old money living room ideas,https://aboutwallart.com/blogs/news-articles-home-decor-inspiration/10-creative-ideas-for-decorating-your-living-room-wall,,PENDING,LINK,8,9.1,60%,43.4,AI Suggestion,,
old money living room ideas,https://aboutwallart.com/blogs/news-articles-home-decor-inspiration/wall-art-for-living-room-inspiring-ideas-tips,,PENDING,LINK,5,8.5,60%,43,AI Suggestion,,
old money living room ideas,https://aboutwallart.com/blogs/news-articles-home-decor-inspiration/farmhouse-living-room-ideas-for-cosy-rustic-style,,PENDING,LINK,8,10.5,60%,41.9,AI Suggestion,,
old money living room ideas,https://aboutwallart.com/products/wall-art-with-gold-for-luxurious-living-room-set-of-3-wall-art-prints?variant=55160649351548&country=GB&currency=GBP,,PENDING,PENDING,1,10.3,60%,40,AI Suggestion,,
old money living room ideas,https://aboutwallart.com/pages/masculine-living-room-ideas,,PENDING,PENDING,6,11.9,60%,39.9,AI Suggestion,,
old money living room ideas,https://aboutwallart.com/blogs/news-articles-home-decor-inspiration/top-small-living-room-decor-ideas-trends-you-need-to-know,,PENDING,PENDING,1,15.2,60%,35.1,AI Suggestion,,
home decor stress levels,https://aboutwallart.com/blogs/news-articles-home-decor-inspiration/what-is-the-3-5-7-rule-in-decorating,,PENDING,KEEP,1489,2.8,50%,72.2,AI Suggestion,,
home decor stress levels,https://aboutwallart.com/blogs/news-articles-home-decor-inspiration/do-beige-and-grey-go-together-heres-how-to-make-it-work,,PENDING,LINK,1362,4.3,50%,70.7,AI Suggestion,,
home decor stress levels,https://aboutwallart.com/blogs/news-articles-home-decor-inspiration/what-colour-goes-with-grey-walls-essential-tips,,PENDING,LINK,728,5,50%,70,AI Suggestion,,
home decor stress levels,https://aboutwallart.com/blogs/news-articles-home-decor-inspiration/stylish-behind-toilet-decor-5-ideas-to-transform-your-small-bathroom,,PENDING,LINK,242,5.3,50%,69.7,AI Suggestion,,
home decor stress levels,https://aboutwallart.com/blogs/news-articles-home-decor-inspiration/choosing-the-right-art-for-grey-walls,,PENDING,LINK,213,5.7,50%,69.3,AI Suggestion,,
home decor stress levels,https://aboutwallart.com/blogs/news-articles-home-decor-inspiration/moisture-resistant-restroom-wall-art-what-actually-works,,PENDING,PENDING,538,5.8,50%,69.2,AI Suggestion,,
home decor stress levels,https://aboutwallart.com/blogs/news-articles-home-decor-inspiration/how-bedroom-wall-art-ideas-can-impact-your-quality-of-rest,,PENDING,LINK,107,6.1,50%,68.9,AI Suggestion,,
home decor stress levels,https://aboutwallart.com/blogs/news-articles-home-decor-inspiration/old-money-style-interiors-classic-design-trends,,PENDING,PENDING,299,6.4,50%,68.6,AI Suggestion,,
home decor stress levels,https://aboutwallart.com/blogs/news-articles-home-decor-inspiration/wall-art-for-high-ceilings-7-creative-ideas,,PENDING,PENDING,288,6.4,50%,68.6,AI Suggestion,,
home decor stress levels,https://aboutwallart.com/blogs/news-articles-home-decor-inspiration/cherry-blossom-art-japan-understanding-the-deep-symbolism,,PENDING,PENDING,114,6.4,50%,68.6,AI Suggestion,,
french wall decor,https://aboutwallart.com/blogs/news-articles-home-decor-inspiration/what-is-the-3-5-7-rule-in-decorating,,PENDING,KEEP,1489,2.8,67%,80.5,AI Suggestion,,
french wall decor,https://aboutwallart.com/blogs/news-articles-home-decor-inspiration/do-beige-and-grey-go-together-heres-how-to-make-it-work,,PENDING,LINK,1362,4.3,67%,79.1,AI Suggestion,,
french wall decor,https://aboutwallart.com/blogs/news-articles-home-decor-inspiration/what-colour-goes-with-grey-walls-essential-tips,,PENDING,LINK,728,5,67%,78.3,AI Suggestion,,
french wall decor,https://aboutwallart.com/blogs/news-articles-home-decor-inspiration/stylish-behind-toilet-decor-5-ideas-to-transform-your-small-bathroom,,PENDING,LINK,242,5.3,67%,78,AI Suggestion,,
french wall decor,https://aboutwallart.com/blogs/news-articles-home-decor-inspiration/choosing-the-right-art-for-grey-walls,,PENDING,LINK,213,5.7,67%,77.6,AI Suggestion,,
french wall decor,https://aboutwallart.com/blogs/news-articles-home-decor-inspiration/moisture-resistant-restroom-wall-art-what-actually-works,,PENDING,PENDING,538,5.8,67%,77.5,AI Suggestion,,
french wall decor,https://aboutwallart.com/blogs/news-articles-home-decor-inspiration/how-bedroom-wall-art-ideas-can-impact-your-quality-of-rest,,PENDING,LINK,107,6.1,67%,77.2,AI Suggestion,,
french wall decor,https://aboutwallart.com/blogs/news-articles-home-decor-inspiration/old-money-style-interiors-classic-design-trends,,PENDING,PENDING,299,6.4,67%,77,AI Suggestion,,
french wall decor,https://aboutwallart.com/blogs/news-articles-home-decor-inspiration/wall-art-for-high-ceilings-7-creative-ideas,,PENDING,PENDING,288,6.4,67%,76.9,AI Suggestion,,
french wall decor,https://aboutwallart.com/blogs/news-articles-home-decor-inspiration/cherry-blossom-art-japan-understanding-the-deep-symbolism,,PENDING,PENDING,114,6.4,67%,76.9,AI Suggestion,,
wall art definition,https://aboutwallart.com/blogs/news-articles-home-decor-inspiration/what-is-the-3-5-7-rule-in-decorating,,PENDING,KEEP,1489,2.8,67%,80.5,AI Suggestion,,
wall art definition,https://aboutwallart.com/blogs/news-articles-home-decor-inspiration/do-beige-and-grey-go-together-heres-how-to-make-it-work,,PENDING,LINK,1362,4.3,67%,79.1,AI Suggestion,,
wall art definition,https://aboutwallart.com/blogs/news-articles-home-decor-inspiration/what-colour-goes-with-grey-walls-essential-tips,,PENDING,LINK,728,5,67%,78.3,AI Suggestion,,
wall art definition,https://aboutwallart.com/blogs/news-articles-home-decor-inspiration/stylish-behind-toilet-decor-5-ideas-to-transform-your-small-bathroom,,PENDING,LINK,242,5.3,67%,78,AI Suggestion,,
wall art definition,https://aboutwallart.com/blogs/news-articles-home-decor-inspiration/choosing-the-right-art-for-grey-walls,,PENDING,LINK,213,5.7,67%,77.6,AI Suggestion,,
wall art definition,https://aboutwallart.com/blogs/news-articles-home-decor-inspiration/moisture-resistant-restroom-wall-art-what-actually-works,,PENDING,PENDING,538,5.8,67%,77.5,AI Suggestion,,
wall art definition,https://aboutwallart.com/blogs/news-articles-home-decor-inspiration/how-bedroom-wall-art-ideas-can-impact-your-quality-of-rest,,PENDING,LINK,107,6.1,67%,77.2,AI Suggestion,,
wall art definition,https://aboutwallart.com/blogs/news-articles-home-decor-inspiration/old-money-style-interiors-classic-design-trends,,PENDING,PENDING,299,6.4,67%,77,AI Suggestion,,
wall art definition,https://aboutwallart.com/blogs/news-articles-home-decor-inspiration/wall-art-for-high-ceilings-7-creative-ideas,,PENDING,PENDING,288,6.4,67%,76.9,AI Suggestion,,
wall art definition,https://aboutwallart.com/blogs/news-articles-home-decor-inspiration/cherry-blossom-art-japan-understanding-the-deep-symbolism,,PENDING,PENDING,114,6.4,67%,76.9,AI Suggestion,,
different types of wall art,https://aboutwallart.com/blogs/news-articles-home-decor-inspiration/how-to-mix-and-blend-different-art-style-types,,PENDING,KEEP,107,7.7,100%,92.3,AI Suggestion,,
different types of wall art,https://aboutwallart.com/blogs/news-articles-home-decor-inspiration/types-of-wall-art,,PENDING,LINK,209,6.6,75%,80.9,AI Suggestion,,
different types of wall art,https://aboutwallart.com/blogs/news-articles-home-decor-inspiration/what-is-the-3-5-7-rule-in-decorating,,PENDING,LINK,1489,2.8,50%,72.2,AI Suggestion,,
different types of wall art,https://aboutwallart.com/blogs/news-articles-home-decor-inspiration/do-beige-and-grey-go-together-heres-how-to-make-it-work,,PENDING,LINK,1362,4.3,50%,70.7,AI Suggestion,,
different types of wall art,https://aboutwallart.com/blogs/news-articles-home-decor-inspiration/what-colour-goes-with-grey-walls-essential-tips,,PENDING,LINK,728,5,50%,70,AI Suggestion,,
different types of wall art,https://aboutwallart.com/blogs/news-articles-home-decor-inspiration/stylish-behind-toilet-decor-5-ideas-to-transform-your-small-bathroom,,PENDING,LINK,242,5.3,50%,69.7,AI Suggestion,,
different types of wall art,https://aboutwallart.com/blogs/news-articles-home-decor-inspiration/choosing-the-right-art-for-grey-walls,,PENDING,PENDING,213,5.7,50%,69.3,AI Suggestion,,
different types of wall art,https://aboutwallart.com/blogs/news-articles-home-decor-inspiration/moisture-resistant-restroom-wall-art-what-actually-works,,PENDING,PENDING,538,5.8,50%,69.2,AI Suggestion,,
different types of wall art,https://aboutwallart.com/blogs/news-articles-home-decor-inspiration/how-bedroom-wall-art-ideas-can-impact-your-quality-of-rest,,PENDING,PENDING,107,6.1,50%,68.9,AI Suggestion,,
different types of wall art,https://aboutwallart.com/blogs/news-articles-home-decor-inspiration/old-money-style-interiors-classic-design-trends,,PENDING,PENDING,299,6.4,50%,68.6,AI Suggestion,,
old money style living room,https://aboutwallart.com/blogs/news-articles-home-decor-inspiration/old-money-style-interiors-classic-design-trends,,PENDING,KEEP,299,6.4,60%,73.6,AI Suggestion,,
old money style living room,https://aboutwallart.com/products/gold-artwork-for-living-room-set-of-3-feathers-wall-art-prints?variant=55160323375484&country=GB&currency=GBP,,PENDING,LINK,1,6.8,60%,43.5,AI Suggestion,,
old money style living room,https://aboutwallart.com/blogs/news-articles-home-decor-inspiration/farmhouse-living-room-ideas-for-cosy-rustic-style,,PENDING,LINK,8,10.5,60%,41.9,AI Suggestion,,
old money style living room,https://aboutwallart.com/products/scandinavian-decor-style-for-living-room-set-of-3-wall-art,,PENDING,LINK,1,8.7,60%,41.6,AI Suggestion,,
old money style living room,https://aboutwallart.com/products/wall-art-with-gold-for-luxurious-living-room-set-of-3-wall-art-prints?variant=55160649351548&country=GB&currency=GBP,,PENDING,LINK,1,10.3,60%,40,AI Suggestion,,
wall art for grey walls living room,https://aboutwallart.com/blogs/news-articles-home-decor-inspiration/choosing-the-right-art-for-grey-walls,,PENDING,KEEP,213,5.7,71%,80,AI Suggestion,,
wall art for grey walls living room,https://aboutwallart.com/collections/framed-wall-pictures-for-living-room,,PENDING,LINK,198,7.8,71%,77.9,AI Suggestion,,
wall art for grey walls living room,https://aboutwallart.com/blogs/news-articles-home-decor-inspiration/what-colour-goes-with-grey-walls-essential-tips,,PENDING,LINK,728,5,57%,73.6,AI Suggestion,,
wall art for grey walls living room,https://aboutwallart.com/blogs/news-articles-home-decor-inspiration/stylish-behind-toilet-decor-5-ideas-to-transform-your-small-bathroom,,PENDING,LINK,242,5.3,57%,73.2,AI Suggestion,,
wall art for grey walls living room,https://aboutwallart.com/blogs/news-articles-home-decor-inspiration/bathroom-art-ideas-to-transform-your-bathroom-into-an-oasis,,PENDING,LINK,225,8.4,57%,70.1,AI Suggestion,,
wall art for grey walls living room,https://aboutwallart.com/products/floral-large-wall-prints-for-a-living-room-set-of-3-wall-art-prints,,PENDING,PENDING,64,9.1,71%,65.8,AI Suggestion,,
wall art for grey walls living room,https://aboutwallart.com/blogs/news-articles-home-decor-inspiration/canvas-paintings-for-living-room,,PENDING,PENDING,43,9.4,71%,59.2,AI Suggestion,,
wall art for grey walls living room,https://aboutwallart.com/products/wall-art-for-large-living-room-wall-set-of-3-floral-wall-art-prints,,PENDING,PENDING,30,8.2,71%,56.5,AI Suggestion,,
wall art for grey walls living room,https://aboutwallart.com/products/art-wall-for-living-room-set-of-3-wall-art-prints?pr_prod_strat=e5_desc&pr_rec_id=fbc83ae13&pr_rec_pid=8167993245982&pr_ref_pid=8167997440286&pr_seq=uniform,,PENDING,PENDING,7,1.7,71%,56.1,AI Suggestion,,
wall art for grey walls living room,https://aboutwallart.com/products/large-living-room-pictures-set-of-3-wall-art-prints,,PENDING,PENDING,47,6.6,57%,56.1,AI Suggestion,,
decoration islamic,https://aboutwallart.com/collections/wall-islamic-art,,PENDING,KEEP,102,11.4,50%,63.6,AI Suggestion,,
decoration islamic,https://aboutwallart.com/products/islamic-wall-art-in-the-uk-set-of-2-wall-art-prints?variant=44621641744670&country=GB&currency=GBP&utm_medium=product_sync&utm_source=google&utm_content=sag_organic&utm_campaign=sag_organic,,PENDING,LINK,2,1,50%,44.6,AI Suggestion,,
decoration islamic,https://aboutwallart.com/products/office-wall-decorations-set-of-3-framed-wall-art-prints?pr_prod_strat=use_description&pr_rec_id=3499e27c1&pr_rec_pid=8167998587166&pr_ref_pid=8167999963422&pr_seq=uniform,,PENDING,LINK,2,1.3,50%,44.4,AI Suggestion,,
decoration islamic,https://aboutwallart.com/blogs/news-articles-home-decor-inspiration/top-5-islamic-art-wall-ideas-revealed,,PENDING,LINK,19,7.3,50%,43.5,AI Suggestion,,
decoration islamic,https://aboutwallart.com/products/islamic-wall-art-in-the-uk-set-of-2-wall-art-prints,,PENDING,LINK,18,7,50%,43.4,AI Suggestion,,
decoration islamic,https://aboutwallart.com/products/islamic-wall-art-with-frame-for-living-room-set-of-3-prints,,PENDING,LINK,13,6.5,50%,42.4,AI Suggestion,,
decoration islamic,https://aboutwallart.com/products/ramadan-mubarak-decorations-for-bedroom-set-of-3-wall-art-prints?variant=55160762761596&country=GB&currency=GBP,,PENDING,PENDING,1,3.6,50%,41.7,AI Suggestion,,
decoration islamic,https://aboutwallart.com/blogs/news-articles-home-decor-inspiration/dive-into-the-rich-history-of-islamic-calligraphy-wall-art,,PENDING,PENDING,11,7.3,50%,41,AI Suggestion,,
decoration islamic,https://aboutwallart.com/products/bathroom-wall-decoration-set-of-2-framed-wall-art-prints,,PENDING,PENDING,1,4.7,50%,40.6,AI Suggestion,,
decoration islamic,https://aboutwallart.com/products/islamic-prints-wall-art-for-hallway-decor?variant=47756502008094&country=GB&currency=GBP,,PENDING,PENDING,1,5.1,50%,40.2,AI Suggestion,,
colour symbolism,https://aboutwallart.com/blogs/news-articles-home-decor-inspiration/what-colour-goes-with-grey-walls-essential-tips,,PENDING,KEEP,728,5,50%,70,AI Suggestion,,
colour symbolism,https://aboutwallart.com/blogs/news-articles-home-decor-inspiration/cherry-blossom-art-japan-understanding-the-deep-symbolism,,PENDING,LINK,114,6.4,50%,68.6,AI Suggestion,,
colour symbolism,https://aboutwallart.com/blogs/news-articles-home-decor-inspiration/understanding-art-color-meaning-emotions-symbolism,,PENDING,LINK,138,7.3,50%,67.8,AI Suggestion,,
colour symbolism,https://aboutwallart.com/blogs/news-articles-home-decor-inspiration/colour-trends-for-2026-paint-shades-designers-recommend,,PENDING,LINK,8,4.6,50%,42.8,AI Suggestion,,
colour symbolism,https://aboutwallart.com/blogs/news-articles-home-decor-inspiration/wall-art-pictures-for-living-room-grounded-neutral-colours,,PENDING,LINK,17,7.5,50%,42.6,AI Suggestion,,
colour symbolism,https://aboutwallart.com/blogs/news-articles-home-decor-inspiration/how-to-decorate-with-greige-colours-the-blend-of-grey-beige,,PENDING,LINK,21,8.8,50%,42.5,AI Suggestion,,
colour symbolism,https://aboutwallart.com/collections/teal-colour-wall-art,,PENDING,LINK,16,9,50%,40.8,AI Suggestion,,
colour symbolism,https://aboutwallart.com/blogs/news-articles-home-decor-inspiration/how-to-add-personality-with-nursery-colours,,PENDING,PENDING,15,9,50%,40.5,AI Suggestion,,
colour symbolism,https://aboutwallart.com/blogs/news-articles-home-decor-inspiration/kitchen-trends-for-2026-colours-layouts-and-must-have-features/,,PENDING,PENDING,5,6.6,50%,39.9,AI Suggestion,,
colour symbolism,https://aboutwallart.com/blogs/news-articles-home-decor-inspiration/lighting-challenges-when-using-a-deep-winter-colour-palette,,PENDING,PENDING,1,6,50%,39.3,AI Suggestion,,
pictures for a living room wall,https://aboutwallart.com/collections/framed-wall-pictures-for-living-room,,PENDING,KEEP,198,7.8,100%,92.2,AI Suggestion,,
pictures for a living room wall,https://aboutwallart.com/blogs/news-articles-home-decor-inspiration/stylish-behind-toilet-decor-5-ideas-to-transform-your-small-bathroom,,PENDING,LINK,242,5.3,60%,74.7,AI Suggestion,,
pictures for a living room wall,https://aboutwallart.com/blogs/news-articles-home-decor-inspiration/bathroom-art-ideas-to-transform-your-bathroom-into-an-oasis,,PENDING,LINK,225,8.4,60%,71.6,AI Suggestion,,
pictures for a living room wall,https://aboutwallart.com/products/floral-large-wall-prints-for-a-living-room-set-of-3-wall-art-prints,,DONE,LOCKED_TO_OTHER_KEYWORD,64,9.1,80%,70.1,AI Suggestion,,
pictures for a living room wall,https://aboutwallart.com/blogs/news-articles-home-decor-inspiration/wall-art-pictures-for-living-room-grounded-neutral-colours,,PENDING,LINK,17,7.5,100%,67.6,AI Suggestion,,
pictures for a living room wall,https://aboutwallart.com/products/large-living-room-pictures-set-of-3-wall-art-prints,,PENDING,PENDING,47,6.6,80%,67.5,AI Suggestion,,
pictures for a living room wall,https://aboutwallart.com/blogs/news-articles-home-decor-inspiration/how-i-used-canvas-pictures-for-living-rooms,,PENDING,PENDING,20,9,100%,67,AI Suggestion,,
pictures for a living room wall,https://aboutwallart.com/products/big-pictures-for-living-room-set-of-2-wall-art,,PENDING,PENDING,7,6.4,100%,65.7,AI Suggestion,,
pictures for a living room wall,https://aboutwallart.com/products/london-wall-pictures-for-living-room-ideas-set-of-3-wall-art-prints,,PENDING,PENDING,8,7.6,100%,64.8,AI Suggestion,,
pictures for a living room wall,https://aboutwallart.com/blogs/news-articles-home-decor-inspiration/canvas-paintings-for-living-room,,PENDING,PENDING,43,9.4,80%,63.5,AI Suggestion,,
old money style furniture,https://aboutwallart.com/blogs/news-articles-home-decor-inspiration/old-money-style-interiors-classic-design-trends,,PENDING,KEEP,299,6.4,75%,81.1,AI Suggestion,,
old money style furniture,https://aboutwallart.com/pages/old-money-home-decor,,PENDING,LINK,26,7.6,50%,45.2,AI Suggestion,,
types of wall art styles,https://aboutwallart.com/blogs/news-articles-home-decor-inspiration/types-of-wall-art,,PENDING,KEEP,209,6.6,75%,80.9,AI Suggestion,,
types of wall art styles,https://aboutwallart.com/blogs/news-articles-home-decor-inspiration/how-to-mix-and-blend-different-art-style-types,,PENDING,LINK,107,7.7,75%,79.8,AI Suggestion,,
types of wall art styles,https://aboutwallart.com/blogs/news-articles-home-decor-inspiration/what-is-the-3-5-7-rule-in-decorating,,PENDING,LINK,1489,2.8,50%,72.2,AI Suggestion,,
types of wall art styles,https://aboutwallart.com/blogs/news-articles-home-decor-inspiration/do-beige-and-grey-go-together-heres-how-to-make-it-work,,PENDING,LINK,1362,4.3,50%,70.7,AI Suggestion,,
types of wall art styles,https://aboutwallart.com/blogs/news-articles-home-decor-inspiration/what-colour-goes-with-grey-walls-essential-tips,,PENDING,LINK,728,5,50%,70,AI Suggestion,,
types of wall art styles,https://aboutwallart.com/blogs/news-articles-home-decor-inspiration/stylish-behind-toilet-decor-5-ideas-to-transform-your-small-bathroom,,PENDING,LINK,242,5.3,50%,69.7,AI Suggestion,,
types of wall art styles,https://aboutwallart.com/blogs/news-articles-home-decor-inspiration/choosing-the-right-art-for-grey-walls,,PENDING,PENDING,213,5.7,50%,69.3,AI Suggestion,,
types of wall art styles,https://aboutwallart.com/blogs/news-articles-home-decor-inspiration/moisture-resistant-restroom-wall-art-what-actually-works,,PENDING,PENDING,538,5.8,50%,69.2,AI Suggestion,,
types of wall art styles,https://aboutwallart.com/blogs/news-articles-home-decor-inspiration/how-bedroom-wall-art-ideas-can-impact-your-quality-of-rest,,PENDING,PENDING,107,6.1,50%,68.9,AI Suggestion,,
types of wall art styles,https://aboutwallart.com/blogs/news-articles-home-decor-inspiration/old-money-style-interiors-classic-design-trends,,PENDING,PENDING,299,6.4,50%,68.6,AI Suggestion,,
large wall art for high ceilings,https://aboutwallart.com/blogs/news-articles-home-decor-inspiration/wall-art-for-high-ceilings-7-creative-ideas,,PENDING,KEEP,288,6.4,83%,85.3,AI Suggestion,,
large wall art for high ceilings,https://aboutwallart.com/blogs/news-articles-home-decor-inspiration/stylish-behind-toilet-decor-5-ideas-to-transform-your-small-bathroom,,PENDING,LINK,242,5.3,50%,69.7,AI Suggestion,,
large wall art for high ceilings,https://aboutwallart.com/blogs/news-articles-home-decor-inspiration/choosing-the-right-art-for-grey-walls,,PENDING,LINK,213,5.7,50%,69.3,AI Suggestion,,
large wall art for high ceilings,https://aboutwallart.com/blogs/news-articles-home-decor-inspiration/the-case-for-empty-spaces-when-less-truly-is-more,,PENDING,LINK,102,6.5,50%,68.5,AI Suggestion,,
large wall art for high ceilings,https://aboutwallart.com/blogs/news-articles-home-decor-inspiration/art-for-offices-inspiring-ideas-for-every-workspace,,PENDING,LINK,101,7.8,50%,67.2,AI Suggestion,,
large wall art for high ceilings,https://aboutwallart.com/collections/framed-wall-pictures-for-living-room,,PENDING,LINK,198,7.8,50%,67.2,AI Suggestion,,
large wall art for high ceilings,https://aboutwallart.com/blogs/news-articles-home-decor-inspiration/bathroom-art-ideas-to-transform-your-bathroom-into-an-oasis,,PENDING,LINK,225,8.4,50%,66.6,AI Suggestion,,
large wall art for high ceilings,https://aboutwallart.com/blogs/news-articles-home-decor-inspiration/determining-what-frame-size-do-i-need-for-my-space,,PENDING,PENDING,200,9.1,50%,65.9,AI Suggestion,,
large wall art for high ceilings,https://aboutwallart.com/pages/write-for-us,,PENDING,PENDING,496,11.1,50%,63.9,AI Suggestion,,
large wall art for high ceilings,https://aboutwallart.com/products/floral-large-wall-prints-for-a-living-room-set-of-3-wall-art-prints,,PENDING,PENDING,64,9.1,67%,63.5,AI Suggestion,,
write for us + interior design,https://aboutwallart.com/blogs/news-articles-home-decor-inspiration/old-money-style-interiors-classic-design-trends,,PENDING,KEEP,299,6.4,50%,68.6,AI Suggestion,,
write for us + interior design,https://aboutwallart.com/pages/write-for-us,,PENDING,LINK,496,11.1,50%,63.9,AI Suggestion,,
write for us + interior design,https://aboutwallart.com/blogs/news-articles-home-decor-inspiration/asian-home-decor-ideas-for-tranquil-nature-led-interiors,,PENDING,LINK,66,8.6,50%,56.2,AI Suggestion,,
write for us + interior design,https://aboutwallart.com/blogs/news-articles-home-decor-inspiration/a-guide-to-a-different-type-of-interior-design-for-a-calming-home,,PENDING,LINK,3,6.7,75%,51.7,AI Suggestion,,
write for us + interior design,https://aboutwallart.com/blogs/news-articles-home-decor-inspiration/interior-design-ideas-for-bedrooms-creating-your-sanctuary,,PENDING,LINK,5,7.9,75%,51.1,AI Suggestion,,
write for us + interior design,https://aboutwallart.com/blogs/news-articles-home-decor-inspiration/top-interior-design-trends-to-watch-for-in-the-coming-year,,PENDING,PENDING,1,8.8,75%,49,AI Suggestion,,
write for us + interior design,https://aboutwallart.com/blogs/news-articles-home-decor-inspiration/transform-your-interior-design-of-house-how-wall-art-creates-a-calm-home,,PENDING,PENDING,1,10.7,75%,47.1,AI Suggestion,,
write for us + interior design,https://aboutwallart.com/blogs/news-articles-home-decor-inspiration/understanding-art-in-interior-design,,PENDING,PENDING,34,10,50%,45.2,AI Suggestion,,
write for us + interior design,https://aboutwallart.com/blogs/news-articles-home-decor-inspiration/list-of-interior-design-styles-find-the-perfect-look-for-your-home,,PENDING,PENDING,4,13.6,75%,45.2,AI Suggestion,,
write for us + interior design,https://aboutwallart.com/blogs/news-articles-home-decor-inspiration/kitchen-wall-art-expert-interior-design-tips-trends-2026,,PENDING,PENDING,15,5.9,50%,43.6,AI Suggestion,,
bathroom safe art,https://aboutwallart.com/blogs/news-articles-home-decor-inspiration/stylish-behind-toilet-decor-5-ideas-to-transform-your-small-bathroom,,PENDING,KEEP,242,5.3,67%,78,AI Suggestion,,
bathroom safe art,https://aboutwallart.com/blogs/news-articles-home-decor-inspiration/decorating-above-toilet-stylish-ideas-to-elevate-your-bathroom,,PENDING,LINK,139,6.5,67%,76.8,AI Suggestion,,
bathroom safe art,https://aboutwallart.com/blogs/news-articles-home-decor-inspiration/bathroom-art-ideas-to-transform-your-bathroom-into-an-oasis,,PENDING,LINK,225,8.4,67%,74.9,AI Suggestion,,
bathroom safe art,https://aboutwallart.com/blogs/news-articles-home-decor-inspiration/bathroom-wall-decor-ideas-for-spa-like-spaces,,PENDING,LINK,26,8.1,67%,53.1,AI Suggestion,,
bathroom safe art,https://aboutwallart.com/products/bathroom-artwork-prints-set-of-3-framed-wall-art-prints?pr_prod_strat=pinned&pr_rec_id=2502a320f&pr_rec_pid=8167972241694&pr_ref_pid=8167972897054&pr_seq=uniform,,PENDING,LINK,2,1,67%,52.9,AI Suggestion,,
bathroom safe art,https://aboutwallart.com/blogs/news-articles-home-decor-inspiration/solving-moisture-problems-with-safe-bathtub-decor-ideas,,PENDING,PENDING,22,7.3,67%,52.6,AI Suggestion,,
bathroom safe art,https://aboutwallart.com/products/framed-art-for-bathroom-set-of-3-green-botanical-wall-art?variant=47153193156894,,PENDING,PENDING,1,1.1,67%,52.5,AI Suggestion,,
bathroom safe art,https://aboutwallart.com/products/art-prints-for-the-bathroom-set-of-3-wall-art-prints?pr_prod_strat=e5_desc&pr_rec_id=2d9082061&pr_rec_pid=8167974273310&pr_ref_pid=8167974076702&pr_seq=uniform,,PENDING,PENDING,1,1.2,67%,52.4,AI Suggestion,,
bathroom safe art,https://aboutwallart.com/products/modern-bathroom-wall-decor-ideas-set-of-3-wall-art-prints?pr_prod_strat=e5_desc&pr_rec_id=0793c8f3f&pr_rec_pid=8517977899294&pr_ref_pid=8807650459934&pr_seq=uniform,,PENDING,PENDING,1,1.2,67%,52.4,AI Suggestion,,
bathroom safe art,https://aboutwallart.com/products/art-for-a-bathrooms-set-of-3-framed-wall-art?pr_prod_strat=e5_desc&pr_rec_id=2d9082061&pr_rec_pid=8566718071070&pr_ref_pid=8167974076702&pr_seq=uniform,,PENDING,PENDING,1,1.3,67%,52.3,AI Suggestion,,
colour and emotion in art,https://aboutwallart.com/blogs/news-articles-home-decor-inspiration/understanding-art-color-meaning-emotions-symbolism,,PENDING,KEEP,138,7.3,75%,80.3,AI Suggestion,,
colour and emotion in art,https://aboutwallart.com/blogs/news-articles-home-decor-inspiration/do-beige-and-grey-go-together-heres-how-to-make-it-work,,PENDING,LINK,1362,4.3,50%,70.7,AI Suggestion,,
colour and emotion in art,https://aboutwallart.com/blogs/news-articles-home-decor-inspiration/what-colour-goes-with-grey-walls-essential-tips,,PENDING,LINK,728,5,50%,70,AI Suggestion,,
colour and emotion in art,https://aboutwallart.com/blogs/news-articles-home-decor-inspiration/cherry-blossom-art-japan-understanding-the-deep-symbolism,,PENDING,LINK,114,6.4,50%,68.6,AI Suggestion,,
colour and emotion in art,https://aboutwallart.com/blogs/news-articles-home-decor-inspiration/how-to-mix-and-blend-different-art-style-types,,PENDING,LINK,107,7.7,50%,67.3,AI Suggestion,,
colour and emotion in art,https://aboutwallart.com/blogs/news-articles-home-decor-inspiration/small-studio-apartment-decor-10-genius-tips-and-hacks,,PENDING,LINK,98,7.2,50%,67.2,AI Suggestion,,
colour and emotion in art,https://aboutwallart.com/blogs/news-articles-home-decor-inspiration/transforming-spaces-the-power-of-japan-prints-and-feng-shui,,PENDING,LINK,64,7.8,50%,56.4,AI Suggestion,,
colour and emotion in art,https://aboutwallart.com/blogs/news-articles-home-decor-inspiration/kitchen-trends-for-2026-colours-layouts-and-must-have-features/,,PENDING,PENDING,5,6.6,75%,52.4,AI Suggestion,,
colour and emotion in art,https://aboutwallart.com/blogs/news-articles-home-decor-inspiration/kitchen-trends-for-2026-colours-layouts-and-must-have-features,,PENDING,PENDING,2,6.9,75%,51.2,AI Suggestion,,
colour and emotion in art,https://aboutwallart.com/blogs/news-articles-home-decor-inspiration/japandi-home-decor-a-calm-blend-of-east-meets-west,,PENDING,PENDING,40,7.7,50%,49.3,AI Suggestion,,
modern living room ideas,https://aboutwallart.com/blogs/news-articles-home-decor-inspiration/stylish-behind-toilet-decor-5-ideas-to-transform-your-small-bathroom,,PENDING,KEEP,242,5.3,50%,69.7,AI Suggestion,,
modern living room ideas,https://aboutwallart.com/blogs/news-articles-home-decor-inspiration/how-bedroom-wall-art-ideas-can-impact-your-quality-of-rest,,PENDING,LINK,107,6.1,50%,68.9,AI Suggestion,,
modern living room ideas,https://aboutwallart.com/blogs/news-articles-home-decor-inspiration/decorating-above-toilet-stylish-ideas-to-elevate-your-bathroom,,PENDING,LINK,139,6.5,50%,68.5,AI Suggestion,,
modern living room ideas,https://aboutwallart.com/blogs/news-articles-home-decor-inspiration/masculine-home-decor-stylish-ideas-to-elevate-any-modern-space,,PENDING,LINK,145,7.2,50%,67.8,AI Suggestion,,
modern living room ideas,https://aboutwallart.com/collections/framed-wall-pictures-for-living-room,,PENDING,LINK,198,7.8,50%,67.2,AI Suggestion,,
modern living room ideas,https://aboutwallart.com/blogs/news-articles-home-decor-inspiration/bathroom-art-ideas-to-transform-your-bathroom-into-an-oasis,,PENDING,PENDING,225,8.4,50%,66.6,AI Suggestion,,
modern living room ideas,https://aboutwallart.com/products/modern-laundry-room-ideas-set-of-3-wall-art-prints,,PENDING,PENDING,26,4.6,75%,60.7,AI Suggestion,,
modern living room ideas,https://aboutwallart.com/products/modern-bathroom-wall-decor-ideas-set-of-3-wall-art-prints?pr_prod_strat=e5_desc&pr_rec_id=0793c8f3f&pr_rec_pid=8517977899294&pr_ref_pid=8807650459934&pr_seq=uniform,,PENDING,PENDING,1,1.2,75%,56.6,AI Suggestion,,
modern living room ideas,https://aboutwallart.com/products/modern-bathroom-wall-decor-ideas-set-of-3-wall-art-prints,,PENDING,PENDING,13,6.1,75%,55.3,AI Suggestion,,
modern living room ideas,https://aboutwallart.com/products/floral-large-wall-prints-for-a-living-room-set-of-3-wall-art-prints,,PENDING,PENDING,64,9.1,50%,55.1,AI Suggestion,,
what paint colour goes with grey,https://aboutwallart.com/blogs/news-articles-home-decor-inspiration/what-colour-goes-with-grey-walls-essential-tips,,PENDING,KEEP,728,5,83%,86.7,AI Suggestion,,
what paint colour goes with grey,https://aboutwallart.com/blogs/news-articles-home-decor-inspiration/how-to-decorate-with-greige-colours-the-blend-of-grey-beige,,PENDING,LINK,21,8.8,50%,42.5,AI Suggestion,,
interior design for living room,https://aboutwallart.com/collections/framed-wall-pictures-for-living-room,,PENDING,KEEP,198,7.8,60%,72.2,AI Suggestion,,
interior design for living room,https://aboutwallart.com/products/floral-large-wall-prints-for-a-living-room-set-of-3-wall-art-prints,,PENDING,LINK,64,9.1,60%,60.1,AI Suggestion,,
interior design for living room,https://aboutwallart.com/blogs/news-articles-home-decor-inspiration/interior-design-ideas-for-bedrooms-creating-your-sanctuary,,PENDING,LINK,5,7.9,80%,53.6,AI Suggestion,,
interior design for living room,https://aboutwallart.com/blogs/news-articles-home-decor-inspiration/canvas-paintings-for-living-room,,PENDING,LINK,43,9.4,60%,53.5,AI Suggestion,,
interior design for living room,https://aboutwallart.com/blogs/news-articles-home-decor-inspiration/what-are-the-key-home-interior-trends-2026-for-living-rooms,,PENDING,LINK,5,9,80%,52.5,AI Suggestion,,
interior design for living room,https://aboutwallart.com/products/wall-art-for-large-living-room-wall-set-of-3-floral-wall-art-prints,,PENDING,LINK,30,8.2,60%,50.8,AI Suggestion,,
interior design for living room,https://aboutwallart.com/products/art-wall-for-living-room-set-of-3-wall-art-prints?pr_prod_strat=e5_desc&pr_rec_id=fbc83ae13&pr_rec_pid=8167993245982&pr_ref_pid=8167997440286&pr_seq=uniform,,PENDING,PENDING,7,1.7,60%,50.4,AI Suggestion,,
interior design for living room,https://aboutwallart.com/products/Framed-prints-living-room-set-of-3-framed-wall-art?pr_prod_strat=pinned&pr_rec_id=f88259ac0&pr_rec_pid=8168006418718&pr_ref_pid=8168006713630&pr_seq=uniform,,PENDING,PENDING,1,1,60%,49.3,AI Suggestion,,
interior design for living room,https://aboutwallart.com/products/new-york-white-and-black-art-for-living-room-set-of-3-wall-art-prints,,PENDING,PENDING,18,6.4,60%,49,AI Suggestion,,
interior design for living room,https://aboutwallart.com/blogs/news-articles-home-decor-inspiration/wall-art-pictures-for-living-room-grounded-neutral-colours,,PENDING,PENDING,17,7.5,60%,47.6,AI Suggestion,,
old money apartment decor,https://aboutwallart.com/blogs/news-articles-home-decor-inspiration/old-money-style-interiors-classic-design-trends,,PENDING,KEEP,299,6.4,75%,81.1,AI Suggestion,,
old money apartment decor,https://aboutwallart.com/blogs/news-articles-home-decor-inspiration/small-studio-apartment-decor-10-genius-tips-and-hacks,,PENDING,LINK,98,7.2,50%,67.2,AI Suggestion,,
old money apartment decor,https://aboutwallart.com/pages/old-money-home-decor,,PENDING,LINK,26,7.6,75%,57.7,AI Suggestion,,
old money apartment decor,https://aboutwallart.com/products/bathroom-decor-in-black-an-gold-set-of-3-framed-wall-art,,PENDING,LINK,10,4.8,50%,43.2,AI Suggestion,,
old money apartment decor,https://aboutwallart.com/blogs/news-articles-home-decor-inspiration/bold-vs-muted-color-trends,,PENDING,LINK,13,6.6,50%,42.3,AI Suggestion,,
old money apartment decor,https://aboutwallart.com/blogs/news-articles-home-decor-inspiration/studio-apartment-ideas-small-space-design-solutions-for-2026,,PENDING,PENDING,4,4.3,50%,41.9,AI Suggestion,,
old money apartment decor,https://aboutwallart.com/blogs/news-articles-home-decor-inspiration/first-apartment-essentials-ultimate-guide,,PENDING,PENDING,30,12.4,50%,41.6,AI Suggestion,,
old money apartment decor,https://aboutwallart.com/products/bathroom-decor-in-black-an-gold-set-of-3-framed-wall-art?variant=55849616245116,,PENDING,PENDING,1,4.1,50%,41.2,AI Suggestion,,
old money apartment decor,https://aboutwallart.com/blogs/news-articles-home-decor-inspiration/never-too-small-wall-decoration-office-ideas-for-apartments,,PENDING,PENDING,7,7.3,50%,39.8,AI Suggestion,,
old money apartment decor,https://aboutwallart.com/products/bathroom-decor-in-black-an-gold-set-of-3-framed-wall-art?variant=55849616310652,,PENDING,PENDING,1,5.9,50%,39.4,AI Suggestion,,
house beautiful,https://aboutwallart.com/products/farmhouse-prints-for-a-bathroom-set-of-3-wall-art?pr_prod_strat=pinned&pr_rec_id=49a17ecea&pr_rec_pid=8811305828638&pr_ref_pid=9014023455006&pr_seq=uniform,,PENDING,KEEP,5,3.6,50%,42.9,AI Suggestion,,
house beautiful,https://aboutwallart.com/products/farmhouse-prints-for-a-bathroom-set-of-3-wall-art?pr_prod_strat=e5_desc&pr_rec_id=44820f8bd&pr_rec_pid=8811305828638&pr_ref_pid=8809464758558&pr_seq=uniform,,PENDING,LINK,2,3.8,50%,41.9,AI Suggestion,,
house beautiful,https://aboutwallart.com/products/modern-beach-house-decor-set-of-3-wall-art-prints,,PENDING,LINK,10,6.6,50%,41.4,AI Suggestion,,
house beautiful,https://aboutwallart.com/blogs/news-articles-home-decor-inspiration/from-blank-to-beautiful-gallery-wall-ideas-for-huge-walls,,PENDING,LINK,14,7.9,50%,41.3,AI Suggestion,,
house beautiful,https://aboutwallart.com/blogs/news-articles-home-decor-inspiration/wall-art-interior-styling-how-to-create-cohesive-calm-beautiful-home-interiors,,PENDING,LINK,4,6.4,50%,39.8,AI Suggestion,,
house beautiful,https://aboutwallart.com/products/farmhouse-decor-bedroom-set-of-3-wall-art-prints,,PENDING,LINK,10,8.5,50%,39.5,AI Suggestion,,
house beautiful,https://aboutwallart.com/products/full-house-wall-art-bundle-decor-for-every-room-in-a-3-bedroom-home-copy-1,,PENDING,PENDING,1,6.9,50%,38.4,AI Suggestion,,
house beautiful,https://aboutwallart.com/blogs/news-articles-home-decor-inspiration/designing-impactful-gallery-walls-for-modern-homes-10-beautiful-gallery-wall-ideas,,PENDING,PENDING,4,8.5,50%,37.7,AI Suggestion,,
house beautiful,https://aboutwallart.com/blogs/news-articles-home-decor-inspiration/laundry-room-decor-tips-for-a-functional-and-beautiful-space,,PENDING,PENDING,3,8.2,50%,37.7,AI Suggestion,,
house beautiful,https://aboutwallart.com/blogs/news-articles-home-decor-inspiration/essential-tips-for-moving-house,,PENDING,PENDING,2,8.6,50%,37,AI Suggestion,,
wall mounted shoe horn,https://aboutwallart.com/products/zack-calzo-premium-brushed-steel-shoe-horn-wall-mounted-55cm,,PENDING,KEEP,1,5.5,100%,64.8,AI Suggestion,,
wall mounted shoe horn,https://aboutwallart.com/products/industrial-pipe-clothing-rack-heavy-duty-wall-mounted-garment-bar-open-wardrobe-storage-adjustable-90-cm-135-cm-108cm?variant=55927962763644,,PENDING,LINK,2,1.2,50%,44.4,AI Suggestion,,
wall mounted shoe horn,https://aboutwallart.com/products/magnetic-adsorption-refrigerator-side-rack-wall-mounted-multi-function-storage-holder?pr_prod_strat=e5_desc&pr_rec_id=c8fd30af7&pr_rec_pid=15684717281660&pr_ref_pid=15684724195708&pr_seq=uniform,,PENDING,LINK,1,5,50%,40.3,AI Suggestion,,
wall mounted shoe horn,https://aboutwallart.com/products/industrial-pipe-clothing-rack-wall-mounted-wood-shelf-pipe-shelving-floating-shelves-retail-garment-rack-display-rack-clothes?pr_prod_strat=pinned&pr_rec_id=9f9081e8c&pr_rec_pid=15684717740412&pr_ref_pid=15684717379964&pr_seq=uniform,,PENDING,LINK,1,7.5,50%,37.8,AI Suggestion,,
wall mounted shoe horn,https://aboutwallart.com/products/industrial-pipe-clothing-rack-heavy-duty-wall-mounted-garment-bar-open-wardrobe-storage-adjustable-90-cm-135-cm-108cm,,PENDING,LINK,3,11,50%,34.9,AI Suggestion,,
wall mounted shoe horn,https://aboutwallart.com/products/backlit-smart-led-bathroom-mirror-oval-dimmable-3-colors-anti-fog-mirrors-with-light-memory-ip65-cri95-large-wall-mounted?pr_prod_strat=pinned&pr_rec_id=46f7428b2&pr_rec_pid=15684721934716&pr_ref_pid=15684721836412&pr_seq=uniform,,PENDING,PENDING,1,10.6,50%,34.7,AI Suggestion,,
wall mounted shoe horn,https://aboutwallart.com/products/industrial-pipe-clothing-rack-wall-mounted-wood-shelf-pipe-shelving-floating-shelves-retail-garment-rack-display-rack-clothes,,PENDING,PENDING,1,10.9,50%,34.4,AI Suggestion,,
home decor guest post,https://aboutwallart.com/blogs/news-articles-home-decor-inspiration/what-is-the-3-5-7-rule-in-decorating,,PENDING,KEEP,1489,2.8,50%,72.2,AI Suggestion,,
home decor guest post,https://aboutwallart.com/blogs/news-articles-home-decor-inspiration/do-beige-and-grey-go-together-heres-how-to-make-it-work,,PENDING,LINK,1362,4.3,50%,70.7,AI Suggestion,,
home decor guest post,https://aboutwallart.com/blogs/news-articles-home-decor-inspiration/what-colour-goes-with-grey-walls-essential-tips,,PENDING,LINK,728,5,50%,70,AI Suggestion,,
home decor guest post,https://aboutwallart.com/blogs/news-articles-home-decor-inspiration/stylish-behind-toilet-decor-5-ideas-to-transform-your-small-bathroom,,PENDING,LINK,242,5.3,50%,69.7,AI Suggestion,,
home decor guest post,https://aboutwallart.com/blogs/news-articles-home-decor-inspiration/choosing-the-right-art-for-grey-walls,,PENDING,LINK,213,5.7,50%,69.3,AI Suggestion,,
home decor guest post,https://aboutwallart.com/blogs/news-articles-home-decor-inspiration/moisture-resistant-restroom-wall-art-what-actually-works,,PENDING,PENDING,538,5.8,50%,69.2,AI Suggestion,,
home decor guest post,https://aboutwallart.com/blogs/news-articles-home-decor-inspiration/how-bedroom-wall-art-ideas-can-impact-your-quality-of-rest,,PENDING,LINK,107,6.1,50%,68.9,AI Suggestion,,
home decor guest post,https://aboutwallart.com/blogs/news-articles-home-decor-inspiration/old-money-style-interiors-classic-design-trends,,PENDING,PENDING,299,6.4,50%,68.6,AI Suggestion,,
home decor guest post,https://aboutwallart.com/blogs/news-articles-home-decor-inspiration/wall-art-for-high-ceilings-7-creative-ideas,,PENDING,PENDING,288,6.4,50%,68.6,AI Suggestion,,
home decor guest post,https://aboutwallart.com/blogs/news-articles-home-decor-inspiration/cherry-blossom-art-japan-understanding-the-deep-symbolism,,PENDING,PENDING,114,6.4,50%,68.6,AI Suggestion,,
japanese wall art set of 3,https://aboutwallart.com/blogs/news-articles-home-decor-inspiration/what-is-the-3-5-7-rule-in-decorating,,PENDING,KEEP,1489,2.8,50%,72.2,AI Suggestion,,
japanese wall art set of 3,https://aboutwallart.com/blogs/news-articles-home-decor-inspiration/do-beige-and-grey-go-together-heres-how-to-make-it-work,,PENDING,LINK,1362,4.3,50%,70.7,AI Suggestion,,
japanese wall art set of 3,https://aboutwallart.com/blogs/news-articles-home-decor-inspiration/what-colour-goes-with-grey-walls-essential-tips,,PENDING,LINK,728,5,50%,70,AI Suggestion,,
japanese wall art set of 3,https://aboutwallart.com/blogs/news-articles-home-decor-inspiration/stylish-behind-toilet-decor-5-ideas-to-transform-your-small-bathroom,,PENDING,LINK,242,5.3,50%,69.7,AI Suggestion,,
japanese wall art set of 3,https://aboutwallart.com/blogs/news-articles-home-decor-inspiration/choosing-the-right-art-for-grey-walls,,PENDING,LINK,213,5.7,50%,69.3,AI Suggestion,,
japanese wall art set of 3,https://aboutwallart.com/blogs/news-articles-home-decor-inspiration/moisture-resistant-restroom-wall-art-what-actually-works,,PENDING,PENDING,538,5.8,50%,69.2,AI Suggestion,,
japanese wall art set of 3,https://aboutwallart.com/products/zen-bedroom-decor-set-of-3-japanese-wall-art?pr_prod_strat=e5_desc&pr_rec_id=29826fb0e&pr_rec_pid=9018015875358&pr_ref_pid=9015609622814&pr_seq=uniform,,PENDING,LINK,2,1.6,100%,69,AI Suggestion,,
japanese wall art set of 3,https://aboutwallart.com/blogs/news-articles-home-decor-inspiration/how-bedroom-wall-art-ideas-can-impact-your-quality-of-rest,,PENDING,PENDING,107,6.1,50%,68.9,AI Suggestion,,
japanese wall art set of 3,https://aboutwallart.com/blogs/news-articles-home-decor-inspiration/old-money-style-interiors-classic-design-trends,,PENDING,PENDING,299,6.4,50%,68.6,AI Suggestion,,
japanese wall art set of 3,https://aboutwallart.com/blogs/news-articles-home-decor-inspiration/wall-art-for-high-ceilings-7-creative-ideas,,PENDING,PENDING,288,6.4,50%,68.6,AI Suggestion,,
color and emotion in art,https://aboutwallart.com/blogs/news-articles-home-decor-inspiration/understanding-art-color-meaning-emotions-symbolism,,PENDING,KEEP,138,7.3,100%,92.8,AI Suggestion,,
color and emotion in art,https://aboutwallart.com/blogs/news-articles-home-decor-inspiration/do-beige-and-grey-go-together-heres-how-to-make-it-work,,PENDING,LINK,1362,4.3,50%,70.7,AI Suggestion,,
color and emotion in art,https://aboutwallart.com/blogs/news-articles-home-decor-inspiration/cherry-blossom-art-japan-understanding-the-deep-symbolism,,PENDING,LINK,114,6.4,50%,68.6,AI Suggestion,,
color and emotion in art,https://aboutwallart.com/blogs/news-articles-home-decor-inspiration/how-to-mix-and-blend-different-art-style-types,,PENDING,LINK,107,7.7,50%,67.3,AI Suggestion,,
color and emotion in art,https://aboutwallart.com/blogs/news-articles-home-decor-inspiration/small-studio-apartment-decor-10-genius-tips-and-hacks,,PENDING,LINK,98,7.2,50%,67.2,AI Suggestion,,
color and emotion in art,https://aboutwallart.com/blogs/news-articles-home-decor-inspiration/soothing-color-palettes-7,,PENDING,LINK,78,7.6,50%,60.8,AI Suggestion,,
color and emotion in art,https://aboutwallart.com/blogs/news-articles-home-decor-inspiration/transforming-spaces-the-power-of-japan-prints-and-feng-shui,,PENDING,LINK,64,7.8,50%,56.4,AI Suggestion,,
color and emotion in art,https://aboutwallart.com/blogs/news-articles-home-decor-inspiration/japandi-home-decor-a-calm-blend-of-east-meets-west,,PENDING,PENDING,40,7.7,50%,49.3,AI Suggestion,,
color and emotion in art,https://aboutwallart.com/blogs/news-articles-home-decor-inspiration/color-psychology-in-art-how-shades-shape-emotion,,PENDING,PENDING,1,8.5,75%,49.3,AI Suggestion,,
color and emotion in art,https://aboutwallart.com/blogs/news-articles-home-decor-inspiration/using-black-accents-to-add-drama-and-depth-to-your-home,,PENDING,PENDING,34,6.3,50%,48.9,AI Suggestion,,
wall art ideas for bedroom,https://aboutwallart.com/blogs/news-articles-home-decor-inspiration/stylish-behind-toilet-decor-5-ideas-to-transform-your-small-bathroom,,PENDING,KEEP,242,5.3,80%,84.7,AI Suggestion,,
wall art ideas for bedroom,https://aboutwallart.com/blogs/news-articles-home-decor-inspiration/how-bedroom-wall-art-ideas-can-impact-your-quality-of-rest,,DONE,LOCKED_TO_OTHER_KEYWORD,107,6.1,80%,83.9,AI Suggestion,,
wall art ideas for bedroom,https://aboutwallart.com/blogs/news-articles-home-decor-inspiration/wall-art-for-high-ceilings-7-creative-ideas,,PENDING,REPURPOSE,288,6.4,80%,83.6,AI Suggestion,,
wall art ideas for bedroom,https://aboutwallart.com/blogs/news-articles-home-decor-inspiration/art-for-offices-inspiring-ideas-for-every-workspace,,DONE,LOCKED_TO_OTHER_KEYWORD,101,7.8,80%,82.2,AI Suggestion,,
wall art ideas for bedroom,https://aboutwallart.com/blogs/news-articles-home-decor-inspiration/bathroom-art-ideas-to-transform-your-bathroom-into-an-oasis,,DONE,LOCKED_TO_OTHER_KEYWORD,225,8.4,80%,81.6,AI Suggestion,,
wall art ideas for bedroom,https://aboutwallart.com/blogs/news-articles-home-decor-inspiration/choosing-the-right-art-for-grey-walls,,PENDING,LINK,213,5.7,60%,74.3,AI Suggestion,,
wall art ideas for bedroom,https://aboutwallart.com/blogs/news-articles-home-decor-inspiration/top-8-hallway-art-ideas-to-transform-your-space,,PENDING,PENDING,75,8.7,80%,73.8,AI Suggestion,,
wall art ideas for bedroom,https://aboutwallart.com/blogs/news-articles-home-decor-inspiration/the-case-for-empty-spaces-when-less-truly-is-more,,PENDING,PENDING,102,6.5,60%,73.5,AI Suggestion,,
wall art ideas for bedroom,https://aboutwallart.com/blogs/news-articles-home-decor-inspiration/decorating-above-toilet-stylish-ideas-to-elevate-your-bathroom,,PENDING,PENDING,139,6.5,60%,73.5,AI Suggestion,,
wall art ideas for bedroom,https://aboutwallart.com/blogs/news-articles-home-decor-inspiration/masculine-home-decor-stylish-ideas-to-elevate-any-modern-space,,PENDING,PENDING,145,7.2,60%,72.8,AI Suggestion,,
black and white wall decor,https://aboutwallart.com/blogs/news-articles-home-decor-inspiration/do-beige-and-grey-go-together-heres-how-to-make-it-work,,PENDING,KEEP,1362,4.3,60%,75.7,AI Suggestion,,
black and white wall decor,https://aboutwallart.com/blogs/news-articles-home-decor-inspiration/cherry-blossom-art-japan-understanding-the-deep-symbolism,,PENDING,LINK,114,6.4,60%,73.6,AI Suggestion,,
black and white wall decor,https://aboutwallart.com/blogs/news-articles-home-decor-inspiration/creating-a-retreat-with-black-and-white-wall-art-for-bedroom,,PENDING,REPURPOSE,36,7.5,100%,73.3,AI Suggestion,,
black and white wall decor,https://aboutwallart.com/blogs/news-articles-home-decor-inspiration/understanding-art-color-meaning-emotions-symbolism,,PENDING,LINK,138,7.3,60%,72.8,AI Suggestion,,
black and white wall decor,https://aboutwallart.com/blogs/news-articles-home-decor-inspiration/how-to-mix-and-blend-different-art-style-types,,PENDING,LINK,107,7.7,60%,72.3,AI Suggestion,,
black and white wall decor,https://aboutwallart.com/blogs/news-articles-home-decor-inspiration/small-studio-apartment-decor-10-genius-tips-and-hacks,,PENDING,LINK,98,7.2,60%,72.2,AI Suggestion,,
black and white wall decor,https://aboutwallart.com/blogs/news-articles-home-decor-inspiration/black-and-white-art-styles-and-how-to-use-them-at-home,,PENDING,PENDING,24,7.5,100%,69.7,AI Suggestion,,
black and white wall decor,https://aboutwallart.com/blogs/news-articles-home-decor-inspiration/black-and-white-magic-creating-galleries-framed-wall-art,,PENDING,LINK,2,5.7,100%,65,AI Suggestion,,
black and white wall decor,https://aboutwallart.com/blogs/news-articles-home-decor-inspiration/using-black-accents-to-add-drama-and-depth-to-your-home,,PENDING,PENDING,34,6.3,80%,63.9,AI Suggestion,,
black and white wall decor,https://aboutwallart.com/blogs/news-articles-home-decor-inspiration/black-and-white-wall-art-expert-design-tips-and-inspiration,,PENDING,PENDING,2,7.1,100%,63.5,AI Suggestion,,
wall art ideas,https://aboutwallart.com/blogs/news-articles-home-decor-inspiration/stylish-behind-toilet-decor-5-ideas-to-transform-your-small-bathroom,,PENDING,KEEP,242,5.3,100%,94.7,AI Suggestion,,
wall art ideas,https://aboutwallart.com/blogs/news-articles-home-decor-inspiration/how-bedroom-wall-art-ideas-can-impact-your-quality-of-rest,,DONE,LOCKED_TO_OTHER_KEYWORD,107,6.1,100%,93.9,AI Suggestion,,
wall art ideas,https://aboutwallart.com/blogs/news-articles-home-decor-inspiration/wall-art-for-high-ceilings-7-creative-ideas,,PENDING,REPURPOSE,288,6.4,100%,93.6,AI Suggestion,,
wall art ideas,https://aboutwallart.com/blogs/news-articles-home-decor-inspiration/decorating-above-toilet-stylish-ideas-to-elevate-your-bathroom,,DONE,LOCKED_TO_OTHER_KEYWORD,139,6.5,100%,93.5,AI Suggestion,,
wall art ideas,https://aboutwallart.com/blogs/news-articles-home-decor-inspiration/masculine-home-decor-stylish-ideas-to-elevate-any-modern-space,,DONE,LOCKED_TO_OTHER_KEYWORD,145,7.2,100%,92.8,AI Suggestion,,
wall art ideas,https://aboutwallart.com/blogs/news-articles-home-decor-inspiration/art-for-offices-inspiring-ideas-for-every-workspace,,PENDING,PENDING,101,7.8,100%,92.2,AI Suggestion,,
wall art ideas,https://aboutwallart.com/blogs/news-articles-home-decor-inspiration/bathroom-art-ideas-to-transform-your-bathroom-into-an-oasis,,PENDING,PENDING,225,8.4,100%,91.6,AI Suggestion,,
wall art ideas,https://aboutwallart.com/blogs/news-articles-home-decor-inspiration/top-8-hallway-art-ideas-to-transform-your-space,,PENDING,PENDING,75,8.7,100%,83.8,AI Suggestion,,
wall art ideas,https://aboutwallart.com/blogs/news-articles-home-decor-inspiration/asian-home-decor-ideas-for-tranquil-nature-led-interiors,,PENDING,PENDING,66,8.6,100%,81.2,AI Suggestion,,
wall art ideas,https://aboutwallart.com/blogs/news-articles-home-decor-inspiration/what-is-the-3-5-7-rule-in-decorating,,PENDING,PENDING,1489,2.8,67%,80.5,AI Suggestion,,
office art,https://aboutwallart.com/blogs/news-articles-home-decor-inspiration/art-for-offices-inspiring-ideas-for-every-workspace,,PENDING,KEEP,101,7.8,100%,92.2,AI Suggestion,,
office art,https://aboutwallart.com/blogs/news-articles-home-decor-inspiration/office-decor-ideas-10,,PENDING,LINK,59,10.9,100%,76.8,AI Suggestion,,
office art,https://aboutwallart.com/blogs/news-articles-home-decor-inspiration/what-is-the-3-5-7-rule-in-decorating,,PENDING,LINK,1489,2.8,50%,72.2,AI Suggestion,,
office art,https://aboutwallart.com/blogs/news-articles-home-decor-inspiration/do-beige-and-grey-go-together-heres-how-to-make-it-work,,PENDING,LINK,1362,4.3,50%,70.7,AI Suggestion,,
office art,https://aboutwallart.com/blogs/news-articles-home-decor-inspiration/what-colour-goes-with-grey-walls-essential-tips,,PENDING,LINK,728,5,50%,70,AI Suggestion,,
office art,https://aboutwallart.com/products/cherry-blossoms-wall-art-for-home-office-set-of-2?pr_prod_strat=pinned&pr_rec_id=3f3d85dbc&pr_rec_pid=8167992262942&pr_ref_pid=8167992099102&pr_seq=uniform,,PENDING,LINK,3,1,100%,69.9,AI Suggestion,,
office art,https://aboutwallart.com/blogs/news-articles-home-decor-inspiration/stylish-behind-toilet-decor-5-ideas-to-transform-your-small-bathroom,,PENDING,LINK,242,5.3,50%,69.7,AI Suggestion,,
office art,https://aboutwallart.com/products/office-wall-decorations-set-of-3-framed-wall-art-prints?pr_prod_strat=use_description&pr_rec_id=3499e27c1&pr_rec_pid=8167998587166&pr_ref_pid=8167999963422&pr_seq=uniform,,PENDING,PENDING,2,1.3,100%,69.3,AI Suggestion,,
office art,https://aboutwallart.com/blogs/news-articles-home-decor-inspiration/choosing-the-right-art-for-grey-walls,,PENDING,PENDING,213,5.7,50%,69.3,AI Suggestion,,
office art,https://aboutwallart.com/blogs/news-articles-home-decor-inspiration/moisture-resistant-restroom-wall-art-what-actually-works,,PENDING,PENDING,538,5.8,50%,69.2,AI Suggestion,,
what colors go with grey,https://aboutwallart.com/blogs/news-articles-home-decor-inspiration/what-colour-goes-with-grey-walls-essential-tips,,PENDING,KEEP,728,5,75%,82.5,AI Suggestion,,
what colors go with grey,https://aboutwallart.com/blogs/news-articles-home-decor-inspiration/colors-that-go-with-grey-perfect-combinations-for-home-decor,,PENDING,LINK,12,13.1,75%,48.1,AI Suggestion,,
what colors go with grey,https://aboutwallart.com/blogs/news-articles-home-decor-inspiration/what-to-do-when-your-home-lacks-natural-light-decorate-with-living-room-wall-hangings,,PENDING,LINK,30,8.4,50%,45.6,AI Suggestion,,
what colors go with grey,https://aboutwallart.com/blogs/news-articles-home-decor-inspiration/how-to-decorate-with-greige-colours-the-blend-of-grey-beige,,PENDING,LINK,21,8.8,50%,42.5,AI Suggestion,,
what colors go with grey,https://aboutwallart.com/products/backlit-smart-led-bathroom-mirror-oval-dimmable-3-colors-anti-fog-mirrors-with-light-memory-ip65-cri95-large-wall-mounted?pr_prod_strat=pinned&pr_rec_id=46f7428b2&pr_rec_pid=15684721934716&pr_ref_pid=15684721836412&pr_seq=uniform,,PENDING,LINK,1,10.6,50%,34.7,AI Suggestion,,
prints for living room,https://aboutwallart.com/products/floral-large-wall-prints-for-a-living-room-set-of-3-wall-art-prints,,PENDING,KEEP,64,9.1,100%,80.1,AI Suggestion,,
prints for living room,https://aboutwallart.com/collections/framed-wall-pictures-for-living-room,,PENDING,LINK,198,7.8,75%,79.7,AI Suggestion,,
prints for living room,https://aboutwallart.com/products/wall-art-for-large-living-room-wall-set-of-3-floral-wall-art-prints,,PENDING,REPURPOSE,30,8.2,100%,70.8,AI Suggestion,,
prints for living room,https://aboutwallart.com/products/art-wall-for-living-room-set-of-3-wall-art-prints?pr_prod_strat=e5_desc&pr_rec_id=fbc83ae13&pr_rec_pid=8167993245982&pr_ref_pid=8167997440286&pr_seq=uniform,,PENDING,LINK,7,1.7,100%,70.4,AI Suggestion,,
prints for living room,https://aboutwallart.com/blogs/news-articles-home-decor-inspiration/stylish-behind-toilet-decor-5-ideas-to-transform-your-small-bathroom,,PENDING,LINK,242,5.3,50%,69.7,AI Suggestion,,
prints for living room,https://aboutwallart.com/products/Framed-prints-living-room-set-of-3-framed-wall-art?pr_prod_strat=pinned&pr_rec_id=f88259ac0&pr_rec_pid=8168006418718&pr_ref_pid=8168006713630&pr_seq=uniform,,PENDING,PENDING,1,1,100%,69.3,AI Suggestion,,
prints for living room,https://aboutwallart.com/products/new-york-white-and-black-art-for-living-room-set-of-3-wall-art-prints,,PENDING,PENDING,18,6.4,100%,69,AI Suggestion,,
prints for living room,https://aboutwallart.com/products/islamic-wall-art-with-frame-for-living-room-set-of-3-prints,,PENDING,PENDING,13,6.5,100%,67.4,AI Suggestion,,
prints for living room,https://aboutwallart.com/blogs/news-articles-home-decor-inspiration/bathroom-art-ideas-to-transform-your-bathroom-into-an-oasis,,PENDING,PENDING,225,8.4,50%,66.6,AI Suggestion,,
prints for living room,https://aboutwallart.com/products/contemporary-art-for-living-room-set-of-3-wall-art-prints,,PENDING,PENDING,13,7.3,100%,66.6,AI Suggestion,,
office wall decor,https://aboutwallart.com/blogs/news-articles-home-decor-inspiration/art-for-offices-inspiring-ideas-for-every-workspace,,PENDING,KEEP,101,7.8,100%,92.2,AI Suggestion,,
office wall decor,https://aboutwallart.com/blogs/news-articles-home-decor-inspiration/what-is-the-3-5-7-rule-in-decorating,,PENDING,LINK,1489,2.8,67%,80.5,AI Suggestion,,
office wall decor,https://aboutwallart.com/blogs/news-articles-home-decor-inspiration/do-beige-and-grey-go-together-heres-how-to-make-it-work,,PENDING,LINK,1362,4.3,67%,79.1,AI Suggestion,,
office wall decor,https://aboutwallart.com/blogs/news-articles-home-decor-inspiration/what-colour-goes-with-grey-walls-essential-tips,,PENDING,LINK,728,5,67%,78.3,AI Suggestion,,
office wall decor,https://aboutwallart.com/blogs/news-articles-home-decor-inspiration/stylish-behind-toilet-decor-5-ideas-to-transform-your-small-bathroom,,PENDING,LINK,242,5.3,67%,78,AI Suggestion,,
office wall decor,https://aboutwallart.com/blogs/news-articles-home-decor-inspiration/choosing-the-right-art-for-grey-walls,,PENDING,LINK,213,5.7,67%,77.6,AI Suggestion,,
office wall decor,https://aboutwallart.com/blogs/news-articles-home-decor-inspiration/moisture-resistant-restroom-wall-art-what-actually-works,,PENDING,PENDING,538,5.8,67%,77.5,AI Suggestion,,
office wall decor,https://aboutwallart.com/blogs/news-articles-home-decor-inspiration/how-bedroom-wall-art-ideas-can-impact-your-quality-of-rest,,PENDING,LINK,107,6.1,67%,77.2,AI Suggestion,,
office wall decor,https://aboutwallart.com/blogs/news-articles-home-decor-inspiration/old-money-style-interiors-classic-design-trends,,PENDING,PENDING,299,6.4,67%,77,AI Suggestion,,
office wall decor,https://aboutwallart.com/blogs/news-articles-home-decor-inspiration/wall-art-for-high-ceilings-7-creative-ideas,,PENDING,PENDING,288,6.4,67%,76.9,AI Suggestion,,
bathroom wall decor ideas,https://aboutwallart.com/blogs/news-articles-home-decor-inspiration/stylish-behind-toilet-decor-5-ideas-to-transform-your-small-bathroom,,PENDING,KEEP,242,5.3,100%,94.7,AI Suggestion,,
bathroom wall decor ideas,https://aboutwallart.com/blogs/news-articles-home-decor-inspiration/decorating-above-toilet-stylish-ideas-to-elevate-your-bathroom,,DONE,LOCKED_TO_OTHER_KEYWORD,139,6.5,100%,93.5,AI Suggestion,,
bathroom wall decor ideas,https://aboutwallart.com/blogs/news-articles-home-decor-inspiration/bathroom-art-ideas-to-transform-your-bathroom-into-an-oasis,,DONE,LOCKED_TO_OTHER_KEYWORD,225,8.4,100%,91.6,AI Suggestion,,
bathroom wall decor ideas,https://aboutwallart.com/blogs/news-articles-home-decor-inspiration/how-bedroom-wall-art-ideas-can-impact-your-quality-of-rest,,PENDING,LINK,107,6.1,75%,81.4,AI Suggestion,,
bathroom wall decor ideas,https://aboutwallart.com/blogs/news-articles-home-decor-inspiration/wall-art-for-high-ceilings-7-creative-ideas,,PENDING,LINK,288,6.4,75%,81.1,AI Suggestion,,
bathroom wall decor ideas,https://aboutwallart.com/blogs/news-articles-home-decor-inspiration/masculine-home-decor-stylish-ideas-to-elevate-any-modern-space,,PENDING,PENDING,145,7.2,75%,80.3,AI Suggestion,,
bathroom wall decor ideas,https://aboutwallart.com/blogs/news-articles-home-decor-inspiration/art-for-offices-inspiring-ideas-for-every-workspace,,PENDING,PENDING,101,7.8,75%,79.7,AI Suggestion,,
bathroom wall decor ideas,https://aboutwallart.com/blogs/news-articles-home-decor-inspiration/what-is-the-3-5-7-rule-in-decorating,,PENDING,PENDING,1489,2.8,50%,72.2,AI Suggestion,,
bathroom wall decor ideas,https://aboutwallart.com/blogs/news-articles-home-decor-inspiration/top-8-hallway-art-ideas-to-transform-your-space,,PENDING,PENDING,75,8.7,75%,71.3,AI Suggestion,,
bathroom wall decor ideas,https://aboutwallart.com/blogs/news-articles-home-decor-inspiration/do-beige-and-grey-go-together-heres-how-to-make-it-work,,PENDING,PENDING,1362,4.3,50%,70.7,AI Suggestion,,
decorating,https://aboutwallart.com/blogs/news-articles-home-decor-inspiration/what-is-the-3-5-7-rule-in-decorating,,PENDING,KEEP,1489,2.8,100%,97.2,AI Suggestion,,
decorating,https://aboutwallart.com/blogs/news-articles-home-decor-inspiration/decorating-above-toilet-stylish-ideas-to-elevate-your-bathroom,,DONE,LOCKED_TO_OTHER_KEYWORD,139,6.5,100%,93.5,AI Suggestion,,
decorating,https://aboutwallart.com/blogs/news-articles-home-decor-inspiration/my-guide-to-the-top-interior-decorating-trends-2026,,DONE,LOCKED_TO_OTHER_KEYWORD,101,7.7,100%,92.3,AI Suggestion,,
decorating,https://aboutwallart.com/blogs/news-articles-home-decor-inspiration/preppy-decorating-style-how-to-bring-this-classic-look-into-your-home,,PENDING,LINK,17,6.5,100%,68.6,AI Suggestion,,
decorating,https://aboutwallart.com/blogs/news-articles-home-decor-inspiration/stylish-powder-room-bathroom-decorating-ideas-to-elevate-your-space,,PENDING,LINK,19,8.3,100%,67.4,AI Suggestion,,
decorating,https://aboutwallart.com/blogs/news-articles-home-decor-inspiration/understanding-interior-decorating-terms,,PENDING,REPURPOSE,21,9.8,100%,66.5,AI Suggestion,,
decorating,https://aboutwallart.com/blogs/news-articles-home-decor-inspiration/home-decorating-trends-for-2026-what-s-in-and-what-s-out,,PENDING,PENDING,4,5.3,100%,65.9,AI Suggestion,,
decorating,https://aboutwallart.com/blogs/news-articles-home-decor-inspiration/10-creative-ideas-for-decorating-your-living-room-wall,,PENDING,PENDING,8,9.1,100%,63.4,AI Suggestion,,
decorating,https://aboutwallart.com/blogs/news-articles-home-decor-inspiration/decorating-with-framed-artwork-prints,,PENDING,PENDING,1,8.3,100%,62,AI Suggestion,,
decorating,https://aboutwallart.com/blogs/news-articles-home-decor-inspiration/ideas-for-decorating-the-home-7,,PENDING,PENDING,2,9.1,100%,61.5,AI Suggestion,,
wall art unique,https://aboutwallart.com/blogs/news-articles-home-decor-inspiration/what-is-the-3-5-7-rule-in-decorating,,PENDING,KEEP,1489,2.8,67%,80.5,AI Suggestion,,
wall art unique,https://aboutwallart.com/blogs/news-articles-home-decor-inspiration/do-beige-and-grey-go-together-heres-how-to-make-it-work,,PENDING,LINK,1362,4.3,67%,79.1,AI Suggestion,,
wall art unique,https://aboutwallart.com/blogs/news-articles-home-decor-inspiration/what-colour-goes-with-grey-walls-essential-tips,,PENDING,LINK,728,5,67%,78.3,AI Suggestion,,
wall art unique,https://aboutwallart.com/blogs/news-articles-home-decor-inspiration/stylish-behind-toilet-decor-5-ideas-to-transform-your-small-bathroom,,PENDING,LINK,242,5.3,67%,78,AI Suggestion,,
wall art unique,https://aboutwallart.com/blogs/news-articles-home-decor-inspiration/choosing-the-right-art-for-grey-walls,,PENDING,LINK,213,5.7,67%,77.6,AI Suggestion,,
wall art unique,https://aboutwallart.com/blogs/news-articles-home-decor-inspiration/moisture-resistant-restroom-wall-art-what-actually-works,,PENDING,PENDING,538,5.8,67%,77.5,AI Suggestion,,
wall art unique,https://aboutwallart.com/blogs/news-articles-home-decor-inspiration/how-bedroom-wall-art-ideas-can-impact-your-quality-of-rest,,PENDING,LINK,107,6.1,67%,77.2,AI Suggestion,,
wall art unique,https://aboutwallart.com/blogs/news-articles-home-decor-inspiration/old-money-style-interiors-classic-design-trends,,PENDING,PENDING,299,6.4,67%,77,AI Suggestion,,
wall art unique,https://aboutwallart.com/blogs/news-articles-home-decor-inspiration/wall-art-for-high-ceilings-7-creative-ideas,,PENDING,PENDING,288,6.4,67%,76.9,AI Suggestion,,
wall art unique,https://aboutwallart.com/blogs/news-articles-home-decor-inspiration/cherry-blossom-art-japan-understanding-the-deep-symbolism,,PENDING,PENDING,114,6.4,67%,76.9,AI Suggestion,,
wall art sets,https://aboutwallart.com/blogs/news-articles-home-decor-inspiration/what-is-the-3-5-7-rule-in-decorating,,PENDING,KEEP,1489,2.8,67%,80.5,AI Suggestion,,
wall art sets,https://aboutwallart.com/blogs/news-articles-home-decor-inspiration/do-beige-and-grey-go-together-heres-how-to-make-it-work,,PENDING,LINK,1362,4.3,67%,79.1,AI Suggestion,,
wall art sets,https://aboutwallart.com/blogs/news-articles-home-decor-inspiration/what-colour-goes-with-grey-walls-essential-tips,,PENDING,LINK,728,5,67%,78.3,AI Suggestion,,
wall art sets,https://aboutwallart.com/blogs/news-articles-home-decor-inspiration/stylish-behind-toilet-decor-5-ideas-to-transform-your-small-bathroom,,PENDING,LINK,242,5.3,67%,78,AI Suggestion,,
wall art sets,https://aboutwallart.com/blogs/news-articles-home-decor-inspiration/choosing-the-right-art-for-grey-walls,,PENDING,LINK,213,5.7,67%,77.6,AI Suggestion,,
wall art sets,https://aboutwallart.com/blogs/news-articles-home-decor-inspiration/moisture-resistant-restroom-wall-art-what-actually-works,,PENDING,PENDING,538,5.8,67%,77.5,AI Suggestion,,
wall art sets,https://aboutwallart.com/blogs/news-articles-home-decor-inspiration/how-bedroom-wall-art-ideas-can-impact-your-quality-of-rest,,PENDING,LINK,107,6.1,67%,77.2,AI Suggestion,,
wall art sets,https://aboutwallart.com/blogs/news-articles-home-decor-inspiration/old-money-style-interiors-classic-design-trends,,PENDING,PENDING,299,6.4,67%,77,AI Suggestion,,
wall art sets,https://aboutwallart.com/blogs/news-articles-home-decor-inspiration/wall-art-for-high-ceilings-7-creative-ideas,,PENDING,PENDING,288,6.4,67%,76.9,AI Suggestion,,
wall art sets,https://aboutwallart.com/blogs/news-articles-home-decor-inspiration/cherry-blossom-art-japan-understanding-the-deep-symbolism,,PENDING,PENDING,114,6.4,67%,76.9,AI Suggestion,,
wall art living room,https://aboutwallart.com/collections/framed-wall-pictures-for-living-room,,PENDING,KEEP,198,7.8,100%,92.2,AI Suggestion,,
wall art living room,https://aboutwallart.com/blogs/news-articles-home-decor-inspiration/stylish-behind-toilet-decor-5-ideas-to-transform-your-small-bathroom,,PENDING,LINK,242,5.3,75%,82.2,AI Suggestion,,
wall art living room,https://aboutwallart.com/blogs/news-articles-home-decor-inspiration/moisture-resistant-restroom-wall-art-what-actually-works,,PENDING,LINK,538,5.8,75%,81.7,AI Suggestion,,
wall art living room,https://aboutwallart.com/blogs/news-articles-home-decor-inspiration/how-bedroom-wall-art-ideas-can-impact-your-quality-of-rest,,PENDING,LINK,107,6.1,75%,81.4,AI Suggestion,,
wall art living room,https://aboutwallart.com/blogs/news-articles-home-decor-inspiration/decorating-above-toilet-stylish-ideas-to-elevate-your-bathroom,,PENDING,LINK,139,6.5,75%,81,AI Suggestion,,
wall art living room,https://aboutwallart.com/products/floral-large-wall-prints-for-a-living-room-set-of-3-wall-art-prints,,DONE,LOCKED_TO_OTHER_KEYWORD,64,9.1,100%,80.1,AI Suggestion,,
wall art living room,https://aboutwallart.com/blogs/news-articles-home-decor-inspiration/bathroom-art-ideas-to-transform-your-bathroom-into-an-oasis,,PENDING,PENDING,225,8.4,75%,79.1,AI Suggestion,,
wall art living room,https://aboutwallart.com/products/large-living-room-pictures-set-of-3-wall-art-prints,,PENDING,PENDING,47,6.6,100%,77.5,AI Suggestion,,
wall art living room,https://aboutwallart.com/blogs/news-articles-home-decor-inspiration/canvas-paintings-for-living-room,,PENDING,PENDING,43,9.4,100%,73.5,AI Suggestion,,
wall art living room,https://aboutwallart.com/blogs/news-articles-home-decor-inspiration/what-is-the-3-5-7-rule-in-decorating,,PENDING,PENDING,1489,2.8,50%,72.2,AI Suggestion,,
large framed wall pictures for living room,https://aboutwallart.com/collections/framed-wall-pictures-for-living-room,,PENDING,KEEP,198,7.8,86%,85,AI Suggestion,,
large framed wall pictures for living room,https://aboutwallart.com/products/floral-large-wall-prints-for-a-living-room-set-of-3-wall-art-prints,,PENDING,LINK,64,9.1,71%,65.8,AI Suggestion,,
large framed wall pictures for living room,https://aboutwallart.com/products/large-living-room-pictures-set-of-3-wall-art-prints,,PENDING,LINK,47,6.6,71%,63.2,AI Suggestion,,
large framed wall pictures for living room,https://aboutwallart.com/products/wall-art-for-large-living-room-wall-set-of-3-floral-wall-art-prints,,PENDING,LINK,30,8.2,71%,56.5,AI Suggestion,,
large framed wall pictures for living room,https://aboutwallart.com/products/Framed-prints-living-room-set-of-3-framed-wall-art?pr_prod_strat=pinned&pr_rec_id=f88259ac0&pr_rec_pid=8168006418718&pr_ref_pid=8168006713630&pr_seq=uniform,,PENDING,LINK,1,1,71%,55,AI Suggestion,,
large framed wall pictures for living room,https://aboutwallart.com/products/large-pictures-for-living-room-set-of-3-wall-art-prints,,PENDING,PENDING,1,8.2,86%,55,AI Suggestion,,
large framed wall pictures for living room,https://aboutwallart.com/blogs/news-articles-home-decor-inspiration/wall-art-pictures-for-living-room-grounded-neutral-colours,,PENDING,PENDING,17,7.5,71%,53.3,AI Suggestion,,
large framed wall pictures for living room,https://aboutwallart.com/blogs/news-articles-home-decor-inspiration/how-i-used-canvas-pictures-for-living-rooms,,PENDING,PENDING,20,9,71%,52.7,AI Suggestion,,
large framed wall pictures for living room,https://aboutwallart.com/blogs/news-articles-home-decor-inspiration/canvas-paintings-for-living-room,,PENDING,PENDING,43,9.4,57%,52,AI Suggestion,,
large framed wall pictures for living room,https://aboutwallart.com/products/wall-pictures-for-bedroom-set-of-3-framed-wall-art-prints?variant=55160455627132&country=GB&currency=GBP,,PENDING,PENDING,8,6.2,71%,51.9,AI Suggestion,,
bathroom picture ideas,https://aboutwallart.com/blogs/news-articles-home-decor-inspiration/stylish-behind-toilet-decor-5-ideas-to-transform-your-small-bathroom,,PENDING,KEEP,242,5.3,67%,78,AI Suggestion,,
bathroom picture ideas,https://aboutwallart.com/blogs/news-articles-home-decor-inspiration/decorating-above-toilet-stylish-ideas-to-elevate-your-bathroom,,PENDING,LINK,139,6.5,67%,76.8,AI Suggestion,,
bathroom picture ideas,https://aboutwallart.com/blogs/news-articles-home-decor-inspiration/bathroom-art-ideas-to-transform-your-bathroom-into-an-oasis,,PENDING,LINK,225,8.4,67%,74.9,AI Suggestion,,
bathroom picture ideas,https://aboutwallart.com/blogs/news-articles-home-decor-inspiration/bathroom-wall-decor-ideas-for-spa-like-spaces,,PENDING,LINK,26,8.1,67%,53.1,AI Suggestion,,
bathroom picture ideas,https://aboutwallart.com/products/modern-bathroom-wall-decor-ideas-set-of-3-wall-art-prints?pr_prod_strat=e5_desc&pr_rec_id=0793c8f3f&pr_rec_pid=8517977899294&pr_ref_pid=8807650459934&pr_seq=uniform,,PENDING,LINK,1,1.2,67%,52.4,AI Suggestion,,
bathroom picture ideas,https://aboutwallart.com/products/modern-bathroom-wall-decor-ideas-set-of-3-wall-art-prints,,PENDING,PENDING,13,6.1,67%,51.2,AI Suggestion,,
bathroom picture ideas,https://aboutwallart.com/blogs/news-articles-home-decor-inspiration/stylish-powder-room-bathroom-decorating-ideas-to-elevate-your-space,,PENDING,PENDING,19,8.3,67%,50.8,AI Suggestion,,
bathroom picture ideas,https://aboutwallart.com/products/bathroom-framed-pictures-set-of-3-shabby-chic-wall-art,,PENDING,PENDING,5,5.6,67%,49.2,AI Suggestion,,
bathroom picture ideas,https://aboutwallart.com/products/london-wall-pictures-for-living-room-ideas-set-of-3-wall-art-prints,,PENDING,PENDING,8,7.6,67%,48.1,AI Suggestion,,
bathroom picture ideas,https://aboutwallart.com/products/small-pictures-for-bathrooms-set-of-3-framed-wall-art,,PENDING,PENDING,3,6.2,67%,48,AI Suggestion,,
framed prints for living room,https://aboutwallart.com/collections/framed-wall-pictures-for-living-room,,PENDING,KEEP,198,7.8,80%,82.2,AI Suggestion,,
framed prints for living room,https://aboutwallart.com/products/floral-large-wall-prints-for-a-living-room-set-of-3-wall-art-prints,,DONE,LOCKED_TO_OTHER_KEYWORD,64,9.1,80%,70.1,AI Suggestion,,
framed prints for living room,https://aboutwallart.com/products/Framed-prints-living-room-set-of-3-framed-wall-art?pr_prod_strat=pinned&pr_rec_id=f88259ac0&pr_rec_pid=8168006418718&pr_ref_pid=8168006713630&pr_seq=uniform,,PENDING,LINK,1,1,100%,69.3,AI Suggestion,,
framed prints for living room,https://aboutwallart.com/products/wall-art-framed-for-living-room-set-of-3-paris-landmarks-wall-art-prints,,PENDING,LINK,1,8.1,100%,62.2,AI Suggestion,,
framed prints for living room,https://aboutwallart.com/products/wall-art-for-large-living-room-wall-set-of-3-floral-wall-art-prints,,PENDING,REPURPOSE,30,8.2,80%,60.8,AI Suggestion,,
framed prints for living room,https://aboutwallart.com/products/art-wall-for-living-room-set-of-3-wall-art-prints?pr_prod_strat=e5_desc&pr_rec_id=fbc83ae13&pr_rec_pid=8167993245982&pr_ref_pid=8167997440286&pr_seq=uniform,,PENDING,PENDING,7,1.7,80%,60.4,AI Suggestion,,
framed prints for living room,https://aboutwallart.com/products/bathroom-artwork-prints-set-of-3-framed-wall-art-prints?pr_prod_strat=pinned&pr_rec_id=2502a320f&pr_rec_pid=8167972241694&pr_ref_pid=8167972897054&pr_seq=uniform,,PENDING,PENDING,2,1,80%,59.6,AI Suggestion,,
framed prints for living room,https://aboutwallart.com/products/new-york-white-and-black-art-for-living-room-set-of-3-wall-art-prints,,PENDING,PENDING,18,6.4,80%,59,AI Suggestion,,
framed prints for living room,https://aboutwallart.com/products/classy-bathroom-wall-art-set-of-3-framed-bathroom-prints?pr_prod_strat=pinned&pr_rec_id=9ac792107&pr_rec_pid=8167972667678&pr_ref_pid=8167972897054&pr_seq=uniform,,PENDING,PENDING,2,2.9,80%,57.7,AI Suggestion,,
framed prints for living room,https://aboutwallart.com/products/large-living-room-pictures-set-of-3-wall-art-prints,,PENDING,PENDING,47,6.6,60%,57.5,AI Suggestion,,
what colors go with gray,https://aboutwallart.com/blogs/news-articles-home-decor-inspiration/what-colour-goes-with-grey-walls-essential-tips,,PENDING,KEEP,728,5,50%,70,AI Suggestion,,
what colors go with gray,https://aboutwallart.com/blogs/news-articles-home-decor-inspiration/what-to-do-when-your-home-lacks-natural-light-decorate-with-living-room-wall-hangings,,PENDING,LINK,30,8.4,50%,45.6,AI Suggestion,,
what colors go with gray,https://aboutwallart.com/blogs/news-articles-home-decor-inspiration/colors-that-go-with-grey-perfect-combinations-for-home-decor,,PENDING,LINK,12,13.1,50%,35.6,AI Suggestion,,
what colors go with gray,https://aboutwallart.com/products/backlit-smart-led-bathroom-mirror-oval-dimmable-3-colors-anti-fog-mirrors-with-light-memory-ip65-cri95-large-wall-mounted?pr_prod_strat=pinned&pr_rec_id=46f7428b2&pr_rec_pid=15684721934716&pr_ref_pid=15684721836412&pr_seq=uniform,,PENDING,LINK,1,10.6,50%,34.7,AI Suggestion,,
laundry room art,https://aboutwallart.com/blogs/news-articles-home-decor-inspiration/stylish-behind-toilet-decor-5-ideas-to-transform-your-small-bathroom,,PENDING,KEEP,242,5.3,67%,78,AI Suggestion,,
laundry room art,https://aboutwallart.com/blogs/news-articles-home-decor-inspiration/moisture-resistant-restroom-wall-art-what-actually-works,,PENDING,LINK,538,5.8,67%,77.5,AI Suggestion,,
laundry room art,https://aboutwallart.com/blogs/news-articles-home-decor-inspiration/how-bedroom-wall-art-ideas-can-impact-your-quality-of-rest,,PENDING,LINK,107,6.1,67%,77.2,AI Suggestion,,
laundry room art,https://aboutwallart.com/blogs/news-articles-home-decor-inspiration/decorating-above-toilet-stylish-ideas-to-elevate-your-bathroom,,PENDING,LINK,139,6.5,67%,76.8,AI Suggestion,,
laundry room art,https://aboutwallart.com/collections/framed-wall-pictures-for-living-room,,PENDING,LINK,198,7.8,67%,75.5,AI Suggestion,,
laundry room art,https://aboutwallart.com/blogs/news-articles-home-decor-inspiration/bathroom-art-ideas-to-transform-your-bathroom-into-an-oasis,,PENDING,LINK,225,8.4,67%,74.9,AI Suggestion,,
laundry room art,https://aboutwallart.com/products/modern-laundry-room-ideas-set-of-3-wall-art-prints,,PENDING,PENDING,26,4.6,100%,73.2,AI Suggestion,,
laundry room art,https://aboutwallart.com/products/laundry-room-pictures-set-of-2-wall-art-prints,,PENDING,PENDING,7,4.5,100%,67.6,AI Suggestion,,
laundry room art,https://aboutwallart.com/products/laundry-room-decor-ideas-set-of-2-wall-art-prints,,PENDING,PENDING,10,6.2,100%,66.8,AI Suggestion,,
laundry room art,https://aboutwallart.com/products/laundry-room-pictures-set-of-2-wall-art-prints?variant=49245209100574&country=GB&currency=GBP,,PENDING,PENDING,1,3.9,100%,66.4,AI Suggestion,,
bathroom art decor,https://aboutwallart.com/blogs/news-articles-home-decor-inspiration/stylish-behind-toilet-decor-5-ideas-to-transform-your-small-bathroom,,PENDING,KEEP,242,5.3,100%,94.7,AI Suggestion,,
bathroom art decor,https://aboutwallart.com/blogs/news-articles-home-decor-inspiration/decorating-above-toilet-stylish-ideas-to-elevate-your-bathroom,,DONE,LOCKED_TO_OTHER_KEYWORD,139,6.5,100%,93.5,AI Suggestion,,
bathroom art decor,https://aboutwallart.com/blogs/news-articles-home-decor-inspiration/bathroom-art-ideas-to-transform-your-bathroom-into-an-oasis,,DONE,LOCKED_TO_OTHER_KEYWORD,225,8.4,100%,91.6,AI Suggestion,,
bathroom art decor,https://aboutwallart.com/blogs/news-articles-home-decor-inspiration/what-is-the-3-5-7-rule-in-decorating,,PENDING,LINK,1489,2.8,67%,80.5,AI Suggestion,,
bathroom art decor,https://aboutwallart.com/blogs/news-articles-home-decor-inspiration/do-beige-and-grey-go-together-heres-how-to-make-it-work,,PENDING,LINK,1362,4.3,67%,79.1,AI Suggestion,,
bathroom art decor,https://aboutwallart.com/blogs/news-articles-home-decor-inspiration/what-colour-goes-with-grey-walls-essential-tips,,PENDING,LINK,728,5,67%,78.3,AI Suggestion,,
bathroom art decor,https://aboutwallart.com/blogs/news-articles-home-decor-inspiration/choosing-the-right-art-for-grey-walls,,PENDING,PENDING,213,5.7,67%,77.6,AI Suggestion,,
bathroom art decor,https://aboutwallart.com/blogs/news-articles-home-decor-inspiration/moisture-resistant-restroom-wall-art-what-actually-works,,PENDING,PENDING,538,5.8,67%,77.5,AI Suggestion,,
bathroom art decor,https://aboutwallart.com/blogs/news-articles-home-decor-inspiration/how-bedroom-wall-art-ideas-can-impact-your-quality-of-rest,,PENDING,PENDING,107,6.1,67%,77.2,AI Suggestion,,
bathroom art decor,https://aboutwallart.com/blogs/news-articles-home-decor-inspiration/old-money-style-interiors-classic-design-trends,,PENDING,PENDING,299,6.4,67%,77,AI Suggestion,,
framed wall art for bedroom,https://aboutwallart.com/collections/framed-wall-pictures-for-living-room,,PENDING,KEEP,198,7.8,80%,82.2,AI Suggestion,,
framed wall art for bedroom,https://aboutwallart.com/blogs/news-articles-home-decor-inspiration/stylish-behind-toilet-decor-5-ideas-to-transform-your-small-bathroom,,PENDING,LINK,242,5.3,60%,74.7,AI Suggestion,,
framed wall art for bedroom,https://aboutwallart.com/blogs/news-articles-home-decor-inspiration/choosing-the-right-art-for-grey-walls,,PENDING,LINK,213,5.7,60%,74.3,AI Suggestion,,
framed wall art for bedroom,https://aboutwallart.com/blogs/news-articles-home-decor-inspiration/how-bedroom-wall-art-ideas-can-impact-your-quality-of-rest,,PENDING,LINK,107,6.1,60%,73.9,AI Suggestion,,
framed wall art for bedroom,https://aboutwallart.com/blogs/news-articles-home-decor-inspiration/wall-art-for-high-ceilings-7-creative-ideas,,PENDING,LINK,288,6.4,60%,73.6,AI Suggestion,,
framed wall art for bedroom,https://aboutwallart.com/blogs/news-articles-home-decor-inspiration/the-case-for-empty-spaces-when-less-truly-is-more,,PENDING,PENDING,102,6.5,60%,73.5,AI Suggestion,,
framed wall art for bedroom,https://aboutwallart.com/blogs/news-articles-home-decor-inspiration/art-for-offices-inspiring-ideas-for-every-workspace,,PENDING,PENDING,101,7.8,60%,72.2,AI Suggestion,,
framed wall art for bedroom,https://aboutwallart.com/blogs/news-articles-home-decor-inspiration/bathroom-art-ideas-to-transform-your-bathroom-into-an-oasis,,PENDING,PENDING,225,8.4,60%,71.6,AI Suggestion,,
framed wall art for bedroom,https://aboutwallart.com/blogs/news-articles-home-decor-inspiration/determining-what-frame-size-do-i-need-for-my-space,,PENDING,PENDING,200,9.1,60%,70.9,AI Suggestion,,
framed wall art for bedroom,https://aboutwallart.com/pages/write-for-us,,PENDING,PENDING,496,11.1,60%,68.9,AI Suggestion,,
family wall art,https://aboutwallart.com/blogs/news-articles-home-decor-inspiration/what-is-the-3-5-7-rule-in-decorating,,PENDING,KEEP,1489,2.8,67%,80.5,AI Suggestion,,
family wall art,https://aboutwallart.com/blogs/news-articles-home-decor-inspiration/do-beige-and-grey-go-together-heres-how-to-make-it-work,,PENDING,LINK,1362,4.3,67%,79.1,AI Suggestion,,
family wall art,https://aboutwallart.com/blogs/news-articles-home-decor-inspiration/what-colour-goes-with-grey-walls-essential-tips,,PENDING,LINK,728,5,67%,78.3,AI Suggestion,,
family wall art,https://aboutwallart.com/blogs/news-articles-home-decor-inspiration/stylish-behind-toilet-decor-5-ideas-to-transform-your-small-bathroom,,PENDING,LINK,242,5.3,67%,78,AI Suggestion,,
family wall art,https://aboutwallart.com/blogs/news-articles-home-decor-inspiration/choosing-the-right-art-for-grey-walls,,PENDING,LINK,213,5.7,67%,77.6,AI Suggestion,,
family wall art,https://aboutwallart.com/blogs/news-articles-home-decor-inspiration/moisture-resistant-restroom-wall-art-what-actually-works,,PENDING,PENDING,538,5.8,67%,77.5,AI Suggestion,,
family wall art,https://aboutwallart.com/blogs/news-articles-home-decor-inspiration/how-bedroom-wall-art-ideas-can-impact-your-quality-of-rest,,PENDING,LINK,107,6.1,67%,77.2,AI Suggestion,,
family wall art,https://aboutwallart.com/blogs/news-articles-home-decor-inspiration/old-money-style-interiors-classic-design-trends,,PENDING,PENDING,299,6.4,67%,77,AI Suggestion,,
family wall art,https://aboutwallart.com/blogs/news-articles-home-decor-inspiration/wall-art-for-high-ceilings-7-creative-ideas,,PENDING,PENDING,288,6.4,67%,76.9,AI Suggestion,,
family wall art,https://aboutwallart.com/blogs/news-articles-home-decor-inspiration/cherry-blossom-art-japan-understanding-the-deep-symbolism,,PENDING,PENDING,114,6.4,67%,76.9,AI Suggestion,,
beige and grey,https://aboutwallart.com/blogs/news-articles-home-decor-inspiration/do-beige-and-grey-go-together-heres-how-to-make-it-work,,PENDING,KEEP,1362,4.3,100%,95.7,AI Suggestion,,
beige and grey,https://aboutwallart.com/blogs/home-decor-inspiration/do-beige-and-grey-go-together,,PENDING,LINK,1,2.9,100%,67.4,AI Suggestion,,
beige and grey,https://aboutwallart.com/blogs/news-articles-home-decor-inspiration/how-to-decorate-with-greige-colours-the-blend-of-grey-beige,,PENDING,LINK,21,8.8,67%,50.8,AI Suggestion,,
beige and grey,https://aboutwallart.com/products/belmont-viscose-stripe-grey-towels-100-cotton-hotel-quality-super-absorbent-10-piece-bale-set-4-hand-towel-12-face-cloths-by-olivia-rocco,,PENDING,LINK,1,10.4,67%,43.2,AI Suggestion,,
living room pictures for wall,https://aboutwallart.com/collections/framed-wall-pictures-for-living-room,,PENDING,KEEP,198,7.8,100%,92.2,AI Suggestion,,
living room pictures for wall,https://aboutwallart.com/blogs/news-articles-home-decor-inspiration/stylish-behind-toilet-decor-5-ideas-to-transform-your-small-bathroom,,PENDING,LINK,242,5.3,60%,74.7,AI Suggestion,,
living room pictures for wall,https://aboutwallart.com/blogs/news-articles-home-decor-inspiration/bathroom-art-ideas-to-transform-your-bathroom-into-an-oasis,,PENDING,LINK,225,8.4,60%,71.6,AI Suggestion,,
living room pictures for wall,https://aboutwallart.com/products/floral-large-wall-prints-for-a-living-room-set-of-3-wall-art-prints,,DONE,LOCKED_TO_OTHER_KEYWORD,64,9.1,80%,70.1,AI Suggestion,,
living room pictures for wall,https://aboutwallart.com/blogs/news-articles-home-decor-inspiration/wall-art-pictures-for-living-room-grounded-neutral-colours,,PENDING,LINK,17,7.5,100%,67.6,AI Suggestion,,
living room pictures for wall,https://aboutwallart.com/products/large-living-room-pictures-set-of-3-wall-art-prints,,PENDING,PENDING,47,6.6,80%,67.5,AI Suggestion,,
living room pictures for wall,https://aboutwallart.com/blogs/news-articles-home-decor-inspiration/how-i-used-canvas-pictures-for-living-rooms,,PENDING,PENDING,20,9,100%,67,AI Suggestion,,
living room pictures for wall,https://aboutwallart.com/products/big-pictures-for-living-room-set-of-2-wall-art,,PENDING,PENDING,7,6.4,100%,65.7,AI Suggestion,,
living room pictures for wall,https://aboutwallart.com/products/london-wall-pictures-for-living-room-ideas-set-of-3-wall-art-prints,,PENDING,PENDING,8,7.6,100%,64.8,AI Suggestion,,
living room pictures for wall,https://aboutwallart.com/blogs/news-articles-home-decor-inspiration/canvas-paintings-for-living-room,,PENDING,PENDING,43,9.4,80%,63.5,AI Suggestion,,
islamic calligraphy wall art,https://aboutwallart.com/collections/wall-islamic-art,,PENDING,KEEP,102,11.4,75%,76.1,AI Suggestion,,
islamic calligraphy wall art,https://aboutwallart.com/blogs/news-articles-home-decor-inspiration/what-is-the-3-5-7-rule-in-decorating,,PENDING,LINK,1489,2.8,50%,72.2,AI Suggestion,,
islamic calligraphy wall art,https://aboutwallart.com/blogs/news-articles-home-decor-inspiration/do-beige-and-grey-go-together-heres-how-to-make-it-work,,PENDING,LINK,1362,4.3,50%,70.7,AI Suggestion,,
islamic calligraphy wall art,https://aboutwallart.com/blogs/news-articles-home-decor-inspiration/what-colour-goes-with-grey-walls-essential-tips,,PENDING,LINK,728,5,50%,70,AI Suggestion,,
islamic calligraphy wall art,https://aboutwallart.com/blogs/news-articles-home-decor-inspiration/stylish-behind-toilet-decor-5-ideas-to-transform-your-small-bathroom,,PENDING,LINK,242,5.3,50%,69.7,AI Suggestion,,
islamic calligraphy wall art,https://aboutwallart.com/blogs/news-articles-home-decor-inspiration/choosing-the-right-art-for-grey-walls,,PENDING,LINK,213,5.7,50%,69.3,AI Suggestion,,
islamic calligraphy wall art,https://aboutwallart.com/blogs/news-articles-home-decor-inspiration/moisture-resistant-restroom-wall-art-what-actually-works,,PENDING,PENDING,538,5.8,50%,69.2,AI Suggestion,,
islamic calligraphy wall art,https://aboutwallart.com/blogs/news-articles-home-decor-inspiration/how-bedroom-wall-art-ideas-can-impact-your-quality-of-rest,,PENDING,PENDING,107,6.1,50%,68.9,AI Suggestion,,
islamic calligraphy wall art,https://aboutwallart.com/blogs/news-articles-home-decor-inspiration/old-money-style-interiors-classic-design-trends,,PENDING,PENDING,299,6.4,50%,68.6,AI Suggestion,,
islamic calligraphy wall art,https://aboutwallart.com/blogs/news-articles-home-decor-inspiration/wall-art-for-high-ceilings-7-creative-ideas,,PENDING,PENDING,288,6.4,50%,68.6,AI Suggestion,,
does beige and grey go together,https://aboutwallart.com/blogs/news-articles-home-decor-inspiration/do-beige-and-grey-go-together-heres-how-to-make-it-work,,PENDING,KEEP,1362,4.3,80%,85.7,AI Suggestion,,
does beige and grey go together,https://aboutwallart.com/blogs/home-decor-inspiration/do-beige-and-grey-go-together,,PENDING,LINK,1,2.9,80%,57.4,AI Suggestion,,
art work for living room,https://aboutwallart.com/collections/framed-wall-pictures-for-living-room,,PENDING,KEEP,198,7.8,80%,82.2,AI Suggestion,,
art work for living room,https://aboutwallart.com/blogs/news-articles-home-decor-inspiration/stylish-behind-toilet-decor-5-ideas-to-transform-your-small-bathroom,,PENDING,LINK,242,5.3,60%,74.7,AI Suggestion,,
art work for living room,https://aboutwallart.com/blogs/news-articles-home-decor-inspiration/moisture-resistant-restroom-wall-art-what-actually-works,,PENDING,LINK,538,5.8,60%,74.2,AI Suggestion,,
art work for living room,https://aboutwallart.com/blogs/news-articles-home-decor-inspiration/art-for-offices-inspiring-ideas-for-every-workspace,,PENDING,LINK,101,7.8,60%,72.2,AI Suggestion,,
art work for living room,https://aboutwallart.com/blogs/news-articles-home-decor-inspiration/bathroom-art-ideas-to-transform-your-bathroom-into-an-oasis,,PENDING,LINK,225,8.4,60%,71.6,AI Suggestion,,
art work for living room,https://aboutwallart.com/products/floral-large-wall-prints-for-a-living-room-set-of-3-wall-art-prints,,DONE,LOCKED_TO_OTHER_KEYWORD,64,9.1,80%,70.1,AI Suggestion,,
art work for living room,https://aboutwallart.com/products/calming-artwork-for-living-room-set-of-3-wall-art-prints,,PENDING,LINK,6,6.9,100%,64.9,AI Suggestion,,
art work for living room,https://aboutwallart.com/products/gold-artwork-for-living-room-set-of-3-feathers-wall-art-prints?variant=55160323375484&country=GB&currency=GBP,,PENDING,PENDING,1,6.8,100%,63.5,AI Suggestion,,
art work for living room,https://aboutwallart.com/blogs/news-articles-home-decor-inspiration/canvas-paintings-for-living-room,,PENDING,PENDING,43,9.4,80%,63.5,AI Suggestion,,
art work for living room,https://aboutwallart.com/products/wall-art-for-large-living-room-wall-set-of-3-floral-wall-art-prints,,PENDING,PENDING,30,8.2,80%,60.8,AI Suggestion,,
beige grey,https://aboutwallart.com/blogs/news-articles-home-decor-inspiration/do-beige-and-grey-go-together-heres-how-to-make-it-work,,PENDING,KEEP,1362,4.3,100%,95.7,AI Suggestion,,
beige grey,https://aboutwallart.com/blogs/news-articles-home-decor-inspiration/what-colour-goes-with-grey-walls-essential-tips,,PENDING,LINK,728,5,50%,70,AI Suggestion,,
beige grey,https://aboutwallart.com/blogs/news-articles-home-decor-inspiration/choosing-the-right-art-for-grey-walls,,PENDING,LINK,213,5.7,50%,69.3,AI Suggestion,,
beige grey,https://aboutwallart.com/blogs/news-articles-home-decor-inspiration/how-to-decorate-with-greige-colours-the-blend-of-grey-beige,,DONE,LOCKED_TO_OTHER_KEYWORD,21,8.8,100%,67.5,AI Suggestion,,
beige grey,https://aboutwallart.com/blogs/home-decor-inspiration/do-beige-and-grey-go-together,,PENDING,LINK,1,2.9,100%,67.4,AI Suggestion,,
beige grey,https://aboutwallart.com/blogs/news-articles-home-decor-inspiration/the-new-neutrals-trend-beyond-beige-modern-wall-arts,,PENDING,PENDING,10,6.7,50%,41.3,AI Suggestion,,
beige grey,https://aboutwallart.com/products/darnell-medium-grey-speckled-planter,,PENDING,LINK,2,4.8,50%,40.9,AI Suggestion,,
beige grey,https://aboutwallart.com/products/grey-paintings-for-bedroom-set-of-3-wall-art-prints,,PENDING,PENDING,2,5.2,50%,40.4,AI Suggestion,,
beige grey,https://aboutwallart.com/products/grey-paintings-for-bedroom-set-of-3-wall-art-prints?variant=55849914237308&country=GB&currency=GBP,,PENDING,PENDING,1,5.8,50%,39.5,AI Suggestion,,
beige grey,https://aboutwallart.com/blogs/news-articles-home-decor-inspiration/colors-that-go-with-grey-perfect-combinations-for-home-decor,,PENDING,PENDING,12,13.1,50%,35.6,AI Suggestion,,
bathroom pictures for wall,https://aboutwallart.com/blogs/news-articles-home-decor-inspiration/stylish-behind-toilet-decor-5-ideas-to-transform-your-small-bathroom,,PENDING,KEEP,242,5.3,75%,82.2,AI Suggestion,,
bathroom pictures for wall,https://aboutwallart.com/collections/framed-wall-pictures-for-living-room,,PENDING,LINK,198,7.8,75%,79.7,AI Suggestion,,
bathroom pictures for wall,https://aboutwallart.com/blogs/news-articles-home-decor-inspiration/bathroom-art-ideas-to-transform-your-bathroom-into-an-oasis,,PENDING,LINK,225,8.4,75%,79.1,AI Suggestion,,
bathroom pictures for wall,https://aboutwallart.com/blogs/news-articles-home-decor-inspiration/choosing-the-right-art-for-grey-walls,,PENDING,LINK,213,5.7,50%,69.3,AI Suggestion,,
bathroom pictures for wall,https://aboutwallart.com/blogs/news-articles-home-decor-inspiration/wall-art-for-high-ceilings-7-creative-ideas,,PENDING,LINK,288,6.4,50%,68.6,AI Suggestion,,
bathroom pictures for wall,https://aboutwallart.com/blogs/news-articles-home-decor-inspiration/the-case-for-empty-spaces-when-less-truly-is-more,,PENDING,PENDING,102,6.5,50%,68.5,AI Suggestion,,
bathroom pictures for wall,https://aboutwallart.com/blogs/news-articles-home-decor-inspiration/decorating-above-toilet-stylish-ideas-to-elevate-your-bathroom,,PENDING,PENDING,139,6.5,50%,68.5,AI Suggestion,,
bathroom pictures for wall,https://aboutwallart.com/blogs/news-articles-home-decor-inspiration/art-for-offices-inspiring-ideas-for-every-workspace,,PENDING,PENDING,101,7.8,50%,67.2,AI Suggestion,,
bathroom pictures for wall,https://aboutwallart.com/blogs/news-articles-home-decor-inspiration/determining-what-frame-size-do-i-need-for-my-space,,PENDING,PENDING,200,9.1,50%,65.9,AI Suggestion,,
bathroom pictures for wall,https://aboutwallart.com/products/small-pictures-for-bathrooms-set-of-3-framed-wall-art,,PENDING,PENDING,3,6.2,100%,64.7,AI Suggestion,,
calming wall art,https://aboutwallart.com/blogs/news-articles-home-decor-inspiration/what-is-the-3-5-7-rule-in-decorating,,PENDING,KEEP,1489,2.8,67%,80.5,AI Suggestion,,
calming wall art,https://aboutwallart.com/blogs/news-articles-home-decor-inspiration/do-beige-and-grey-go-together-heres-how-to-make-it-work,,PENDING,LINK,1362,4.3,67%,79.1,AI Suggestion,,
calming wall art,https://aboutwallart.com/blogs/news-articles-home-decor-inspiration/what-colour-goes-with-grey-walls-essential-tips,,PENDING,LINK,728,5,67%,78.3,AI Suggestion,,
calming wall art,https://aboutwallart.com/blogs/news-articles-home-decor-inspiration/stylish-behind-toilet-decor-5-ideas-to-transform-your-small-bathroom,,PENDING,LINK,242,5.3,67%,78,AI Suggestion,,
calming wall art,https://aboutwallart.com/blogs/news-articles-home-decor-inspiration/choosing-the-right-art-for-grey-walls,,PENDING,LINK,213,5.7,67%,77.6,AI Suggestion,,
calming wall art,https://aboutwallart.com/blogs/news-articles-home-decor-inspiration/moisture-resistant-restroom-wall-art-what-actually-works,,PENDING,PENDING,538,5.8,67%,77.5,AI Suggestion,,
calming wall art,https://aboutwallart.com/blogs/news-articles-home-decor-inspiration/how-bedroom-wall-art-ideas-can-impact-your-quality-of-rest,,PENDING,LINK,107,6.1,67%,77.2,AI Suggestion,,
calming wall art,https://aboutwallart.com/blogs/news-articles-home-decor-inspiration/old-money-style-interiors-classic-design-trends,,PENDING,PENDING,299,6.4,67%,77,AI Suggestion,,
calming wall art,https://aboutwallart.com/blogs/news-articles-home-decor-inspiration/wall-art-for-high-ceilings-7-creative-ideas,,PENDING,PENDING,288,6.4,67%,76.9,AI Suggestion,,
calming wall art,https://aboutwallart.com/blogs/news-articles-home-decor-inspiration/cherry-blossom-art-japan-understanding-the-deep-symbolism,,PENDING,PENDING,114,6.4,67%,76.9,AI Suggestion,,
office wall decor ideas,https://aboutwallart.com/blogs/news-articles-home-decor-inspiration/art-for-offices-inspiring-ideas-for-every-workspace,,PENDING,KEEP,101,7.8,100%,92.2,AI Suggestion,,
office wall decor ideas,https://aboutwallart.com/blogs/news-articles-home-decor-inspiration/stylish-behind-toilet-decor-5-ideas-to-transform-your-small-bathroom,,PENDING,LINK,242,5.3,75%,82.2,AI Suggestion,,
office wall decor ideas,https://aboutwallart.com/blogs/news-articles-home-decor-inspiration/how-bedroom-wall-art-ideas-can-impact-your-quality-of-rest,,PENDING,LINK,107,6.1,75%,81.4,AI Suggestion,,
office wall decor ideas,https://aboutwallart.com/blogs/news-articles-home-decor-inspiration/wall-art-for-high-ceilings-7-creative-ideas,,PENDING,LINK,288,6.4,75%,81.1,AI Suggestion,,
office wall decor ideas,https://aboutwallart.com/blogs/news-articles-home-decor-inspiration/decorating-above-toilet-stylish-ideas-to-elevate-your-bathroom,,PENDING,LINK,139,6.5,75%,81,AI Suggestion,,
office wall decor ideas,https://aboutwallart.com/blogs/news-articles-home-decor-inspiration/masculine-home-decor-stylish-ideas-to-elevate-any-modern-space,,PENDING,LINK,145,7.2,75%,80.3,AI Suggestion,,
office wall decor ideas,https://aboutwallart.com/blogs/news-articles-home-decor-inspiration/bathroom-art-ideas-to-transform-your-bathroom-into-an-oasis,,PENDING,PENDING,225,8.4,75%,79.1,AI Suggestion,,
office wall decor ideas,https://aboutwallart.com/blogs/news-articles-home-decor-inspiration/office-decor-ideas-10,,PENDING,PENDING,59,10.9,100%,76.8,AI Suggestion,,
office wall decor ideas,https://aboutwallart.com/blogs/news-articles-home-decor-inspiration/what-is-the-3-5-7-rule-in-decorating,,PENDING,PENDING,1489,2.8,50%,72.2,AI Suggestion,,
office wall decor ideas,https://aboutwallart.com/blogs/news-articles-home-decor-inspiration/top-8-hallway-art-ideas-to-transform-your-space,,PENDING,PENDING,75,8.7,75%,71.3,AI Suggestion,,
pictures for the wall,https://aboutwallart.com/blogs/news-articles-home-decor-inspiration/choosing-the-right-art-for-grey-walls,,PENDING,KEEP,213,5.7,75%,81.8,AI Suggestion,,
pictures for the wall,https://aboutwallart.com/blogs/news-articles-home-decor-inspiration/the-case-for-empty-spaces-when-less-truly-is-more,,PENDING,LINK,102,6.5,75%,81,AI Suggestion,,
pictures for the wall,https://aboutwallart.com/collections/framed-wall-pictures-for-living-room,,PENDING,LINK,198,7.8,75%,79.7,AI Suggestion,,
pictures for the wall,https://aboutwallart.com/blogs/news-articles-home-decor-inspiration/what-is-the-3-5-7-rule-in-decorating,,PENDING,LINK,1489,2.8,50%,72.2,AI Suggestion,,
pictures for the wall,https://aboutwallart.com/blogs/news-articles-home-decor-inspiration/do-beige-and-grey-go-together-heres-how-to-make-it-work,,PENDING,LINK,1362,4.3,50%,70.7,AI Suggestion,,
pictures for the wall,https://aboutwallart.com/blogs/news-articles-home-decor-inspiration/stylish-behind-toilet-decor-5-ideas-to-transform-your-small-bathroom,,PENDING,LINK,242,5.3,50%,69.7,AI Suggestion,,
pictures for the wall,https://aboutwallart.com/blogs/news-articles-home-decor-inspiration/transforming-spaces-the-power-of-japan-prints-and-feng-shui,,PENDING,LINK,64,7.8,75%,68.9,AI Suggestion,,
pictures for the wall,https://aboutwallart.com/blogs/news-articles-home-decor-inspiration/wall-art-for-high-ceilings-7-creative-ideas,,PENDING,PENDING,288,6.4,50%,68.6,AI Suggestion,,
pictures for the wall,https://aboutwallart.com/blogs/news-articles-home-decor-inspiration/cherry-blossom-art-japan-understanding-the-deep-symbolism,,PENDING,PENDING,114,6.4,50%,68.6,AI Suggestion,,
pictures for the wall,https://aboutwallart.com/blogs/news-articles-home-decor-inspiration/my-guide-to-the-top-interior-decorating-trends-2026,,PENDING,PENDING,101,7.7,50%,67.3,AI Suggestion,,
living room picture ideas,https://aboutwallart.com/collections/framed-wall-pictures-for-living-room,,PENDING,KEEP,198,7.8,75%,79.7,AI Suggestion,,
living room picture ideas,https://aboutwallart.com/blogs/news-articles-home-decor-inspiration/stylish-behind-toilet-decor-5-ideas-to-transform-your-small-bathroom,,PENDING,LINK,242,5.3,50%,69.7,AI Suggestion,,
living room picture ideas,https://aboutwallart.com/blogs/news-articles-home-decor-inspiration/how-bedroom-wall-art-ideas-can-impact-your-quality-of-rest,,PENDING,LINK,107,6.1,50%,68.9,AI Suggestion,,
living room picture ideas,https://aboutwallart.com/blogs/news-articles-home-decor-inspiration/decorating-above-toilet-stylish-ideas-to-elevate-your-bathroom,,PENDING,LINK,139,6.5,50%,68.5,AI Suggestion,,
living room picture ideas,https://aboutwallart.com/blogs/news-articles-home-decor-inspiration/bathroom-art-ideas-to-transform-your-bathroom-into-an-oasis,,PENDING,LINK,225,8.4,50%,66.6,AI Suggestion,,
living room picture ideas,https://aboutwallart.com/products/large-living-room-pictures-set-of-3-wall-art-prints,,PENDING,PENDING,47,6.6,75%,65,AI Suggestion,,
living room picture ideas,https://aboutwallart.com/products/london-wall-pictures-for-living-room-ideas-set-of-3-wall-art-prints,,PENDING,PENDING,8,7.6,100%,64.8,AI Suggestion,,
living room picture ideas,https://aboutwallart.com/blogs/news-articles-home-decor-inspiration/wall-art-pictures-for-living-room-grounded-neutral-colours,,PENDING,PENDING,17,7.5,75%,55.1,AI Suggestion,,
living room picture ideas,https://aboutwallart.com/products/floral-large-wall-prints-for-a-living-room-set-of-3-wall-art-prints,,PENDING,PENDING,64,9.1,50%,55.1,AI Suggestion,,
living room picture ideas,https://aboutwallart.com/blogs/news-articles-home-decor-inspiration/how-i-used-canvas-pictures-for-living-rooms,,PENDING,PENDING,20,9,75%,54.5,AI Suggestion,,
