Keyword,Blog Post Title,Perspective,CANNIBALIZATION,CONFLICTING KEYWORD,CONFLICTING BLOG URL,STATUS,CLASH INTENT,CHECKED,MONTH
Neutral Pictures,Why Are Neutral Pictures the Secret to Timeless Home Decor?,"Interior designer revealing why neutral pictures create calm, versatile spaces that never go out of style",NO CONFLICT,,,TO_WRITE_SENT
Tropical Art,Can Tropical Art Work in Modern Minimalist Homes?,Designer showing how to blend tropical art with minimalist aesthetics without making your home feel like a beach resort,NO CONFLICT,,,DELETED
Best Budget-Friendly Wall Art for Apartments,Best Budget-Friendly Wall Art for Apartments?,Affordable options that still look good,NO CONFLICT,,,TO_WRITE_SENT
Best Wall Decor for Apartment Without Drilling,Best Wall Decor for Apartment Without Drilling?,Seeking specific products and solutions,NO CONFLICT,,,TO_WRITE_SENT
Accent Walls in Open Floor Plans,Can Accent Walls Work in Open Floor Plans?,Customer with modern layout questioning feasibility,NO CONFLICT,,,TO_WRITE_SENT
biophilic design in dark apartments,Can biophilic design work in dark apartments?,Customer with specific space constraints,CAUTION,biophilic design,PUBLISHED,TO_WRITE,,,
Bohemian Wall Art in Small Spaces,Can Bohemian Wall Art Work in Small Spaces?,Whether bohemian decor is suitable for tiny apartments or rooms,DANGER,choosing art for small spaces,https://aboutwallart.com/blogs/news-articles-home-decor-inspiration/7-smart-tips-for-choosing-art-for-small-spaces,TO_WRITE_SENT
Decorators Transform Small Spaces Boho,Can Decorators Transform Small Spaces Boho?,Making boho work in compact homes,CAUTION,choosing art for small spaces,https://aboutwallart.com/blogs/news-articles-home-decor-inspiration/7-smart-tips-for-choosing-art-for-small-spaces,IGNORED
Blend Boho With Existing Furniture,Can I Blend Boho With My Existing Furniture?,Working with current pieces to achieve style,NO CONFLICT,,,TO_WRITE_SENT
mix boho and industrial textures,Can I Combine Boho and Industrial Textures?,Want to blend multiple style aesthetics through texture,NO CONFLICT,,PUBLISHED,TO_WRITE_PENDING,,,
Hang Bohemian Art in a Rental,Can I Hang Bohemian Art in a Rental?,Renter-friendly ways to display bohemian wall art,CAUTION,bohemian art wall,https://aboutwallart.com/blogs/news-articles-home-decor-inspiration/bohemian-bliss-elevate-your-space-with-bohemian-art-wall,IGNORED
Mix Japandi With Current Furniture,Can I Mix Japandi With My Current Furniture?,Whether they need to replace everything,NO CONFLICT,,,TO_WRITE_SENT
Put a Gallery Wall in Small Spaces,Can I Put a Gallery Wall in Small Spaces?,Planning multi-piece arrangements in tight areas,CAUTION,choosing art for small spaces,https://aboutwallart.com/blogs/news-articles-home-decor-inspiration/7-smart-tips-for-choosing-art-for-small-spaces,IGNORED
Use Temporary Wall Art in a Rental Bathroom,Can I Use Temporary Wall Art in a Rental Bathroom?,Customer wants bathroom decor without damaging landlord's walls,DANGER,wall art for rental spaces,https://aboutwallart.com/blogs/news-articles-home-decor-inspiration/how-to-choose-wall-art-for-rental-spaces,IGNORED
Use Wall Art To for Color To Neutral Rooms,Can I Use Wall Art To Add Color To Neutral Rooms?,Customer wanting to introduce color through artwork,CAUTION,art color meaning,https://aboutwallart.com/blogs/news-articles-home-decor-inspiration/understanding-art-color-meaning-emotions-and-symbolism,TO_WRITE_SENT
Kitchen Wall Art in Small Spaces,Can Kitchen Wall Art Work in Small Spaces?,Customer with limited wall space wants to know if art is viable,DANGER,choosing art for small spaces,https://aboutwallart.com/blogs/news-articles-home-decor-inspiration/7-smart-tips-for-choosing-art-for-small-spaces,IGNORED
Mirrors as Dining Room Wall Art,Can Mirrors Work as Dining Room Wall Art?,Customer considering alternative to traditional paintings,DANGER,dining room wall art ideas,https://aboutwallart.com/blogs/news-articles-home-decor-inspiration/dining-room-wall-art-ideas-set-the-perfect-mood,IGNORED
wall art to define decorating style,Can Wall Art Help Define My Decorating Style?,Customer using wall pieces to establish a cohesive home aesthetic,CAUTION,how to find your decorating style,PUBLISHED,TO_WRITE,,,
wall art for apartment noise,Can Wall Art Help with Apartment Noise Issues?,Customer interested in decorative acoustic solutions,NO CONFLICT,,,TO_WRITE_PENDING,,,
wall art instead of new furniture,Can Wall Art Replace Expensive Furniture Updates?,Customer looking for affordable ways to refresh space,NO CONFLICT,,PUBLISHED,TO_WRITE,,,
Wall Art in Rental Apartments,Can Wall Art Work in Rental Apartments?,Renter-friendly installation and options,DANGER,wall art for rental spaces,https://aboutwallart.com/blogs/news-articles-home-decor-inspiration/how-to-choose-wall-art-for-rental-spaces,IGNORED
accent walls with bold furniture,Do Accent Walls Work With Bold Furniture?,Customer with statement pieces wondering about balance,NO CONFLICT,,PUBLISHED,TO_WRITE_PENDING,,,
gold accents in coastal interiors,Do Gold Accents Work in Coastal Interiors?,Customer with beach-style home wondering about compatibility,CAUTION,coastal interiors,PUBLISHED,TO_WRITE,,,
do i need designer for japandi,Do I Need an Interior Designer for Japandi?,Deciding between DIY and professional help,CAUTION,benefits of hiring an interior designer,PUBLISHED,TO_WRITE,,,
lighting for japandi spaces,Do I Need Special Lighting for Japandi Spaces?,Functional design questions for style,NO CONFLICT,,PUBLISHED,TO_WRITE,,,
biophilic design in small spaces,Does biophilic design work in small spaces?,Customer with apartment/small home wondering if it's feasible,NO CONFLICT,,,TO_WRITE_SENT,
Hallway Wall Art Lighting,Does Hallway Wall Art Need Lighting?,Customer is considering accent lighting for art,NO CONFLICT,,,TO_WRITE_SENT
japandi in small spaces,Does Japandi Work in Small Spaces?,Whether japandi is suitable for apartments/small homes,CAUTION,choosing art for small spaces,PUBLISHED,TO_WRITE,,,
does wall art need to match furniture,Does Wall Art Need to Match My Furniture?,Styling and coordination questions,NO CONFLICT,,PUBLISHED,TO_WRITE,,,
lighting in boho decor,How Do Decorators Handle Lighting in Boho?,Creating ambiance in bohemian spaces,NO CONFLICT,,PUBLISHED,TO_WRITE_PENDING,,,
layer wall art in small apartments,How Do I Layer Wall Art in Small Apartments?,Customer in compact space looking for creative arrangements,CAUTION,choosing art for small spaces,PUBLISHED,TO_WRITE,,,
Do Style Kitchen Art With Lighting,How Do I Style Kitchen Art With Lighting?,Customer wants to coordinate art with kitchen light fixtures,NO CONFLICT,,,TO_WRITE_SENT
update boho without redecorating,How Do I Update Boho Without Redecorating?,Refreshing boho style affordably,NO CONFLICT,,PUBLISHED,TO_WRITE,,,
how high to hang apartment wall art,How High Should I Hang Apartment Wall Art?,Seeking design guidelines for proper placement,NO CONFLICT,,PUBLISHED,TO_WRITE_PENDING,,,
how long does apartment decorating take,How Long Does Apartment Wall Decorating Take?,Timeline and effort expectations,NO CONFLICT,,PUBLISHED,TO_WRITE,,,
how long does coastal decorating take,How Long Does Coastal Decorating Take?,Timeline expectations for completing a coastal decor project,NO CONFLICT,,PUBLISHED,TO_WRITE_PENDING,,,
japandi furniture budget,How Much Should I Budget for Japandi Furniture?,Pricing for style-appropriate pieces,NO CONFLICT,,,TO_WRITE,,,2026-08
avoid tacky coastal decor,How to Avoid Tacky Coastal Decorating?,Achieving sophisticated beach style instead of cliche themes,NO CONFLICT,,PUBLISHED,TO_WRITE,,,
coastal furniture that lasts,How to Choose Coastal Furniture That Lasts?,Durability and quality considerations for beach home furnishings,NO CONFLICT,,,TO_WRITE_PENDING,,,2026-08
Choose Farmhouse Furniture That Lasts,How to Choose Farmhouse Furniture That Lasts?,Making quality furniture purchases,NO CONFLICT,,,TO_WRITE_SENT
Choose Wall Art for Small Spaces,How to Choose Wall Art for Small Spaces?,Finding appropriately-sized art for compact rooms,CAUTION,choosing art for small spaces,,IGNORED
how to find my interior design style,How to Choose Your Interior Design Style,Identifying personal aesthetic before hiring help,CAUTION,choose interior decorator,,TO_WRITE,,,2026-08
Create Accent Walls in a Rental Safely,How to Create Accent Walls in a Rental Safely,Customer wants color without permanent paint damage,NO CONFLICT,,,TO_WRITE_SENT
gallery wall without nails apartment,How to Create Apartment Gallery Wall Without Nails?,Wants curated look using damage-free methods,NO CONFLICT,,,TO_WRITE_PENDING,,1,2026-08
coastal art in small spaces,How to Display Coastal Art in a Small Space?,Making the most of limited wall area with strategic art placement,NO CONFLICT,,,TO_WRITE_PENDING,,,2026-08
Find a Scandinavian Interior Designer,How to Find a Scandinavian Interior Designer?,Locating professionals with specific style,DANGER,find interior designer,,IGNORED
how to layer wall art,How to Layer Wall Art Like Interior Designers?,Customer wants their space to feel intentionally curated and full,NO CONFLICT,,,TO_WRITE_PENDING,,,2026-08
japandi rental no damage,How to Make a Rental Japandi Without Damage?,Renter-friendly japandi design options,NO CONFLICT,,PUBLISHED,TO_WRITE_PENDING,,,
Make Small Spaces Coastal,How to Make Small Spaces Feel Coastal?,Coastal decorating tips for apartments or compact homes,CAUTION,choosing art for small spaces,,IGNORED
match accent wall colour to furniture,How to Match Accent Wall Color to Furniture,Customer wants cohesive design advice,NO CONFLICT,,,TO_WRITE_PENDING,,,2026-08
wall art for home office furniture,How to Match Wall Art With Office Furniture?,Customer wants cohesive office design with existing pieces,NO CONFLICT,,PUBLISHED,TO_WRITE_PENDING,,1,
bohemian art with modern furniture,How to Mix Bohemian Art With Modern Furniture?,Blending bohemian wall art with contemporary home decor,NO CONFLICT,,PUBLISHED,TO_WRITE_PENDING,,,
coastal decorating on a budget,How to Plan a Coastal Decorating Project With Budget?,Project planning and cost management strategies,CAUTION,decorating on a budget,PUBLISHED,TO_WRITE,,,
remove wall decor without damage,How to Remove Apartment Wall Decor Damage-Free?,Getting security deposit back after decorating,NO CONFLICT,,,TO_WRITE_PENDING
how to style wall art,How to Style Wall Art With My Home Decor?,Customer wants art to match existing furniture and color scheme,CAUTION,art moderne home decor | gold wall art decor | typography wall art decor | wall art decor for bedroom | wall art home office | living room wall art decor | decor for the home | wall art | what is wall art,https://aboutwallart.com/blogs/news-articles-home-decor-inspiration/art-moderne-home-decor-streamlined-1930s-inspired-design-ide | https://aboutwallart.com/blogs/news-articles-home-decor-inspiration/gilded-opulence-elevate-your-space-with-gold-wall-art-decor | https://aboutwallart.com/blogs/news-articles-home-decor-inspiration/how-to-use-typography-for-a-playful-kitchen-wall-art-decor | https://aboutwallart.com/blogs/news-articles-home-decor-inspiration/tips-for-using-wall-art-decor-for-bedroom-to-elevate-your-space | https://aboutwallart.com/blogs/news-articles-home-decor-inspiration/how-to-incorporate-wall-art-into-your-home-office | https://aboutwallart.com/blogs/news-articles-home-decor-inspiration/how-to-create-a-wow-factor-with-the-right-living-room-wall-a | https://aboutwallart.com/blogs/news-articles-home-decor-inspiration/decor-for-the-home-choosing-the-perfect-vibes-for-your-home | https://aboutwallart.com/blogs/news-articles-home-decor-inspiration/what-type-of-wall-art-fits-my-home-style | https://aboutwallart.com/blogs/news-articles-home-decor-inspiration/what-is-wall-art-guide,TO_WRITE
update coastal decor without redecorating,How to Update Coastal Decor Without Redecorating?,Refreshing existing coastal style on a budget,NO CONFLICT,,,TO_WRITE_PENDING,,,
Use Mirrors as Wall Art in Offices,How to Use Mirrors as Wall Art in Offices?,Customer exploring alternative wall solutions beyond traditional art,CAUTION,art for offices | wall art | what is wall art,https://aboutwallart.com/blogs/news-articles-home-decor-inspiration/art-for-offices-inspiring-ideas-for-every-workspace | https://aboutwallart.com/blogs/news-articles-home-decor-inspiration/what-type-of-wall-art-fits-my-home-style | https://aboutwallart.com/blogs/news-articles-home-decor-inspiration/what-is-wall-art-guide,IGNORED
Canvas Art Match or Contrast Furniture,Should Canvas Art Match or Contrast My Furniture?,Design decisions for wall art placement,CAUTION,what is canvas art | what is canvas art?,https://aboutwallart.com/blogs/news-articles-home-decor-inspiration/what-is-canvas-art | https://aboutwallart.com/blogs/news-articles-home-decor-inspiration/what-is-canvas-art-understanding-the-beauty-and-impact,IGNORED
mixing patterns in bohemian decor,Should I Mix Patterns in Bohemian Wall Art?,Combining different patterns and styles in bohemian displays,NO CONFLICT,,PUBLISHED,TO_WRITE_PENDING,,1,
should wall art match furniture colour,Should My Wall Art Match My Furniture Colors?,Customer worried about color coordination,CAUTION,How to Match Prints For The Wall with Your Interior Color Scheme,https://aboutwallart.com/blogs/news-articles-home-decor-inspiration/how-to-match-prints-for-the-wall-with-your-interior-color,TO_WRITE_PENDING,match wall art colour scheme,1,2026-08
wall art match rug and pillows,Should My Wall Art Match My Rug and Pillows?,Customer wondering about coordination with other decor,CAUTION,match wall art to paint colors | mix and match wall art styles | wall art | what is wall art,https://aboutwallart.com/blogs/news-articles-home-decor-inspiration/how-to-match-wall-art-to-your-paint-colors | https://aboutwallart.com/blogs/news-articles-home-decor-inspiration/how-to-mix-and-match-wall-art-styles | https://aboutwallart.com/blogs/news-articles-home-decor-inspiration/what-type-of-wall-art-fits-my-home-style | https://aboutwallart.com/blogs/news-articles-home-decor-inspiration/what-is-wall-art-guide,TO_WRITE
wall art match or contrast rug,Should My Wall Art Match or Contrast My Rug?,Customer coordinating multiple decor elements,CAUTION,match wall art to paint colors | mix and match wall art styles | wall art | what is wall art,https://aboutwallart.com/blogs/news-articles-home-decor-inspiration/how-to-match-wall-art-to-your-paint-colors | https://aboutwallart.com/blogs/news-articles-home-decor-inspiration/how-to-mix-and-match-wall-art-styles | https://aboutwallart.com/blogs/news-articles-home-decor-inspiration/what-type-of-wall-art-fits-my-home-style | https://aboutwallart.com/blogs/news-articles-home-decor-inspiration/what-is-wall-art-guide,TO_WRITE
rustic wall art match rug,Should Rustic Wall Art Match My Rug?,Coordinating multiple decor elements,CAUTION,match wall art to paint colors | mix and match wall art styles | wall art | what is wall art,https://aboutwallart.com/blogs/news-articles-home-decor-inspiration/how-to-match-wall-art-to-your-paint-colors | https://aboutwallart.com/blogs/news-articles-home-decor-inspiration/how-to-mix-and-match-wall-art-styles | https://aboutwallart.com/blogs/news-articles-home-decor-inspiration/what-type-of-wall-art-fits-my-home-style | https://aboutwallart.com/blogs/news-articles-home-decor-inspiration/what-is-wall-art-guide,TO_WRITE
wall art match or contrast furniture,Should Wall Art Match My Furniture Or Contrast?,Customer deciding on color and style coordination,CAUTION,match wall art to paint colors | mix and match wall art styles | wall art | what is wall art,https://aboutwallart.com/blogs/news-articles-home-decor-inspiration/how-to-match-wall-art-to-your-paint-colors | https://aboutwallart.com/blogs/news-articles-home-decor-inspiration/how-to-mix-and-match-wall-art-styles | https://aboutwallart.com/blogs/news-articles-home-decor-inspiration/what-type-of-wall-art-fits-my-home-style | https://aboutwallart.com/blogs/news-articles-home-decor-inspiration/what-is-wall-art-guide,TO_WRITE
Accent Chair with Bohemian Decor,What Accent Chair Works With Bohemian Decor?,Customer matching specific interior design style,NO CONFLICT,,,IGNORED
apartment wall decor for my style,What Apartment Wall Decor Matches My Style?,Needs guidance choosing pieces that fit aesthetic,NO CONFLICT,,,TO_WRITE_PENDING
longest lasting apartment wall decor,What Apartment Wall Decorations Last Longest?,Wants durable long-lasting options,NO CONFLICT,,,TO_WRITE_PENDING
colour palette for rental homes,What Color Palette Works Best for Rental Homes?,Customer wants flexibility in non-permanent spaces,NO CONFLICT,,PUBLISHED,TO_WRITE_PENDING,,,
Colors Work Best in Scandinavian Interiors,What Colors Work Best in Scandinavian Interiors?,Customer learning about appropriate color palettes for Nordic style,NO CONFLICT,,,TO_WRITE_SENT
colours for coastal decorating,What Colors Work for Coastal Decorating?,Color palette guidance for creating a beach aesthetic,NO CONFLICT,,,TO_WRITE_PENDING,,,
fabrics and textures for japandi,What Fabrics and Textures Suit Japandi?,Material selection for furniture and textiles,NO CONFLICT,,,TO_WRITE_PENDING
mixing multiple interior design styles,What If I Love Multiple Interior Design Styles?,Customer has diverse taste preferences,NO CONFLICT,,,TO_WRITE_PENDING,,1
lighting for coastal spaces,What Lighting Works Best for Coastal Spaces?,Choosing fixtures and brightness levels for beach-themed rooms,NO CONFLICT,,,TO_WRITE_PENDING,,,
best lighting for japandi interiors,What Lighting Works Best for Japandi?,Lighting choices that complement japandi design,NO CONFLICT,,,TO_WRITE_PENDING
lighting ideas for farmhouse spaces,What Lighting Works Best in Farmhouse Spaces?,Choosing appropriate fixtures and styles,NO CONFLICT,,,TO_WRITE_PENDING,,,2026-08
Lighting Works Best With Accent Walls,What Lighting Works Best With Accent Walls?,Customer wanting to enhance their accent wall,NO CONFLICT,,,TO_WRITE_SENT
Makes Good Apartment Wall Art Quality,What Makes Good Apartment Wall Art Quality?,Understanding what to look for in pieces,NO CONFLICT,,,IGNORED
rugs for monochromatic colour scheme,What Rugs Match a Monochromatic Color Scheme?,Customer selecting accessories for neutral space,NO CONFLICT,,PUBLISHED,TO_WRITE_PENDING,,,
rug size with large wall art,What Size Rug Works With Large Wall Art?,Balancing proportions in room design,NO CONFLICT,,,TO_WRITE_PENDING,
console tables for japandi design,What Style Console Tables Match Japandi Design?,Customer looking for console tables in specific design aesthetics,NO CONFLICT,,,TO_WRITE_PENDING
textures to complement colour palette,What Textures Complement My Color Palette?,Wants to layer textures that enhance existing colors,NO CONFLICT,,,TO_WRITE_PENDING
textures in coastal interior design,What Textures Define Coastal Interior Design?,Understanding materials and finishes used in coastal decor,NO CONFLICT,,,TO_WRITE_PENDING,,,
wall art for scandinavian furniture,What Wall Art Complements Modern Scandinavian Furniture?,Customer matching art to specific furniture pieces,CAUTION,modern wall art ideas,PUBLISHED,TO_WRITE,,,
wall art for neutral furniture,What Wall Art Complements Neutral Furniture?,Customer with simple decor wants impact,CAUTION,wall art | what is wall art,https://aboutwallart.com/blogs/news-articles-home-decor-inspiration/what-type-of-wall-art-fits-my-home-style | https://aboutwallart.com/blogs/news-articles-home-decor-inspiration/what-is-wall-art-guide,TO_WRITE,,,2026-08
Wall Art Complements Wood Furniture,What Wall Art Complements Wood Furniture?,Coordinating rustic art with existing pieces,CAUTION,wall art | what is wall art,https://aboutwallart.com/blogs/news-articles-home-decor-inspiration/what-type-of-wall-art-fits-my-home-style | https://aboutwallart.com/blogs/news-articles-home-decor-inspiration/what-is-wall-art-guide,IGNORED
wall art to match existing furniture,What Wall Art Coordinates With My Existing Furniture?,Customer working within constraints of pieces they're keeping,CAUTION,wall art | what is wall art,https://aboutwallart.com/blogs/news-articles-home-decor-inspiration/what-type-of-wall-art-fits-my-home-style | https://aboutwallart.com/blogs/news-articles-home-decor-inspiration/what-is-wall-art-guide,TO_WRITE
wall art for rental spaces,What Wall Art Makes a Rental Space Feel Like Home?,Renter wanting to personalize without permanent changes,CAUTION,wall art for my space,https://aboutwallart.com/blogs/news-articles-home-decor-inspiration/how-much-wall-art-do-i-need-for-my-space,TO_WRITE
wall art for neutral decor,What Wall Art Matches Neutral Decor?,Coordinating art with earth-tone color schemes,DANGER,Neutral Wall Decor: Elevate Your Space with Timeless Tranquility,https://aboutwallart.com/blogs/news-articles-home-decor-inspiration/elevate-your-space-with-neutral-wall-decor,IGNORED,wall art neutral decor,1
wall art for guys apartments,What Wall Art Should Guys Choose for Apartments?,Gender-specific styling guidance,NO CONFLICT,,,TO_WRITE_PENDING
wall art styles for apartments,What Wall Art Styles Work In Apartment Living?,Customer with rental or space limitations,CAUTION,wall art for living room | wall art styles personality | living room wall art decor | mix and match wall art styles | wall art for grey living room | wall art pictures for living roo | wall art pictures for living room | wall art | what is wall art,https://aboutwallart.com/blogs/news-articles-home-decor-inspiration/choosing-the-right-wall-art-for-living-room-tips-and-trends | https://aboutwallart.com/blogs/news-articles-home-decor-inspiration/what-wall-art-styles-fit-my-personality | https://aboutwallart.com/blogs/news-articles-home-decor-inspiration/how-to-create-a-wow-factor-with-the-right-living-room-wall-a | https://aboutwallart.com/blogs/news-articles-home-decor-inspiration/how-to-mix-and-match-wall-art-styles | https://aboutwallart.com/blogs/news-articles-home-decor-inspiration/why-wall-art-for-grey-living-room-is-the-must-have-trend-right-now | https://aboutwallart.com/blogs/news-articles-home-decor-inspiration/wall-art-pictures-for-living-room-grounded-neutral-colours | https://aboutwallart.com/blogs/news-articles-home-decor-inspiration/trending-now-wall-art-pictures-for-living-room-in-grounded-c | https://aboutwallart.com/blogs/news-articles-home-decor-inspiration/what-type-of-wall-art-fits-my-home-style | https://aboutwallart.com/blogs/news-articles-home-decor-inspiration/what-is-wall-art-guide,TO_WRITE,,,2026-08
wall art above console table,What Wall Art Works Above Console Tables?,Styling specific furniture pieces,CAUTION,wall art above a sofa,https://aboutwallart.com/blogs/news-articles-home-decor-inspiration/how-big-should-wall-art-be-above-a-sofa,TO_WRITE
Wall Art Works Best for Small Spaces,What Wall Art Works Best for Small Spaces?,Customer with limited space looking for appropriate wall decor,CAUTION,art for small spaces | choosing art for small spaces | small bathroom wall art | wall art for rental spaces,https://aboutwallart.com/blogs/news-articles-home-decor-inspiration/choosing-art-for-small-spaces-7-smart-tips | https://aboutwallart.com/blogs/news-articles-home-decor-inspiration/7-smart-tips-for-choosing-art-for-small-spaces | https://aboutwallart.com/blogs/news-articles-home-decor-inspiration/create-beautiful-small-bathroom-wall-art-in-5-simple-steps | https://aboutwallart.com/blogs/news-articles-home-decor-inspiration/how-to-choose-wall-art-for-rental-spaces,IGNORED
wall art for apartments,What Wall Art Works in Apartments?,Finding art that doesn't require permanent changes,DANGER,Best Wall Art Ideas Bedroom for Small Spaces and Apartments,https://aboutwallart.com/blogs/news-articles-home-decor-inspiration/best-wall-art-ideas-bedroom-for-small-spaces-and-apartments,IGNORED,wall art small spaces apartments,1
wall art for low light office,What Wall Art Works With Minimal Office Lighting?,Person in dim workspace needs art that brightens the environment,NO CONFLICT,,,TO_WRITE_PENDING,
wall art for modern furniture,What Wall Art Works With Modern Furniture?,Matching art to contemporary home decor,CAUTION,Modern Wall Art Ideas to Refresh Any Space,https://aboutwallart.com/blogs/news-articles-home-decor-inspiration/modern-wall-art-ideas,TO_WRITE_PENDING,modern wall art ideas,1
wall decor over furniture,What Wall Decorations Work Best Over Furniture?,Customer planning art placement above sofas and beds,NO CONFLICT,,,TO_WRITE_PENDING
What's Included in Coastal Decorating Services,What's Included in Coastal Decorating Services?,Understanding scope and deliverables from professional decorators,NO CONFLICT,,,IGNORED
What's the Best Console Table for a Scandinavian Home,What's the Best Console Table for a Scandinavian Home?,Customer wants style-specific recommendations,NO CONFLICT,,,IGNORED
What's the Best Lighting for Bohemian Wall Art,What's the Best Lighting for Bohemian Wall Art?,Illuminating bohemian pieces to showcase their beauty,CAUTION,bohemian art wall,https://aboutwallart.com/blogs/news-articles-home-decor-inspiration/bohemian-bliss-elevate-your-space-with-bohemian-art-wall,IGNORED
lighting for wall art display,What's the Best Lighting for Wall Art Display?,Customer wants to optimize how art looks,NO CONFLICT,,PUBLISHED,TO_WRITE_PENDING,,,
wall art for rental apartments,What's the Best Wall Art for Rental Apartments?,Renter wants solutions that don't damage walls,CAUTION,wall art for rental spaces,https://aboutwallart.com/blogs/news-articles-home-decor-inspiration/how-to-choose-wall-art-for-rental-spaces,TO_WRITE
What's the Best Wall Art for Small Spaces,What's the Best Wall Art for Small Spaces?,Choosing appropriately scaled pieces,CAUTION,art for small spaces | choosing art for small spaces | small bathroom wall art | wall art for rental spaces,https://aboutwallart.com/blogs/news-articles-home-decor-inspiration/choosing-art-for-small-spaces-7-smart-tips | https://aboutwallart.com/blogs/news-articles-home-decor-inspiration/7-smart-tips-for-choosing-art-for-small-spaces | https://aboutwallart.com/blogs/news-articles-home-decor-inspiration/create-beautiful-small-bathroom-wall-art-in-5-simple-steps | https://aboutwallart.com/blogs/news-articles-home-decor-inspiration/how-to-choose-wall-art-for-rental-spaces,IGNORED
boho texture layering ideas,What's the Best Way to Layer Textures Boho?,Creating depth and warmth in bohemian spaces,NO CONFLICT,,,TO_WRITE_PENDING
colour blocking vs accent walls,What's the Difference Between Color Blocking and Accent Walls?,Customer comparing similar design techniques,NO CONFLICT,,,TO_WRITE_PENDING
Do Find Japandi Furniture and Decor,Where Do I Find Japandi Furniture and Decor?,Shopping guide for style-appropriate items,CAUTION,japandi home decor,https://aboutwallart.com/blogs/news-articles-home-decor-inspiration/japandi-home-decor-a-calm-and-minimal-blend-of-east-meets-we,IGNORED
Do Interior Designers Source Wall Art,Where Do Interior Designers Source Wall Art?,Learning about professional art sourcing and curation,CAUTION,wall art interior styling | wall art | what is wall art,https://aboutwallart.com/blogs/news-articles-home-decor-inspiration/wall-art-interior-styling-how-to-create-cohesive-calm-beautiful-home-interiors | https://aboutwallart.com/blogs/news-articles-home-decor-inspiration/what-type-of-wall-art-fits-my-home-style | https://aboutwallart.com/blogs/news-articles-home-decor-inspiration/what-is-wall-art-guide,IGNORED
biophilic design rental apartment,Will biophilic design make my rental apartment better?,Renter wanting temporary/removable solutions,NO CONFLICT,,,TO_WRITE_PENDING
japandi style small space,Will Japandi Style Work in My Small Space?,Checking if style suits their home size,CAUTION,japandi style | japandi style interiors,https://aboutwallart.com/blogs/news-articles-home-decor-inspiration/decorating-trend-japandi-style---how-to-create-a-calm-home | https://aboutwallart.com/blogs/news-articles-home-decor-inspiration/how-to-decorate-japandi-style-interiors-and-what-it-is,TO_WRITE
japandi small apartment,Will My Small Apartment Feel Cramped in Japandi?,Space concerns in compact homes,NO CONFLICT,,,TO_WRITE_PENDING
abstract art for living room,Abstract Art for My Living Room - Where to Start?,Guidance on selecting abstract pieces for home,CAUTION,wall art for living room | living room wall art decor | wall art for grey living room | wall art pictures for living room | abstract art,PUBLISHED,TO_WRITE,,,
calm bedroom accent wall,Accent Walls in Bedrooms: How to Keep It Calm?,Customer wanting color without sacrificing relaxation,NO CONFLICT,,,TO_WRITE_PENDING,,,2026-08
kitchen accent wall ideas,Accent Walls in Kitchens: Practical or Trendy?,Customer considering accent wall in specific room type,NO CONFLICT,,,TO_WRITE_PENDING
accent wall small room,Accent Walls in Small Rooms: Good Idea?,Customer with limited space questioning if it works,NO CONFLICT,,,TO_WRITE_PENDING
Accent Walls Better Than Full Wall Art,Are Accent Walls Better Than Full Wall Art?,Customer comparing different wall treatment options,NO CONFLICT,,,IGNORED
budget office wall art,Best Budget-Friendly Office Wall Art Options?,Cost-conscious customer wants quality decor without high prices,CAUTION,art for an office wall | office wall art prints | wall art home office,https://aboutwallart.com/blogs/news-articles-home-decor-inspiration/how-could-your-art-for-an-office-wall-fuel-productivity | https://aboutwallart.com/blogs/news-articles-home-decor-inspiration/exploring-office-wall-art-prints-when-designing-a-home-offic | https://aboutwallart.com/blogs/news-articles-home-decor-inspiration/how-to-incorporate-wall-art-into-your-home-office,TO_WRITE
Best Command Strip Alternatives for Wall Art,Best Command Strip Alternatives for Wall Art?,Looking for temporary hanging solutions,NO CONFLICT,,,IGNORED
where to hang office wall art,Best Locations for Hanging Office Wall Art?,Customer wants advice on where to place art for maximum impact,CAUTION,art for an office wall | office wall art prints | tips for wall art hanging | wall art home office,https://aboutwallart.com/blogs/news-articles-home-decor-inspiration/how-could-your-art-for-an-office-wall-fuel-productivity | https://aboutwallart.com/blogs/news-articles-home-decor-inspiration/exploring-office-wall-art-prints-when-designing-a-home-offic | https://aboutwallart.com/blogs/news-articles-home-decor-inspiration/7-essential-tips-for-wall-art-hanging-systems | https://aboutwallart.com/blogs/news-articles-home-decor-inspiration/how-to-incorporate-wall-art-into-your-home-office,TO_WRITE
bathroom wall decor materials,Best Materials for Bathroom Wall Decor,Customer looking for moisture-resistant art options (metal acrylic etc.),CAUTION,bathroom wall decor ideas,https://aboutwallart.com/blogs/news-articles-home-decor-inspiration/bathroom-wall-decor-ideas-for-spa-like-spaces,TO_WRITE
wall art for stress relief,Best Wall Art for Anxiety or Stress Relief?,Remote worker wants calming peaceful office environment,CAUTION,art as stress relief,https://aboutwallart.com/blogs/news-articles-home-decor-inspiration/art-as-stress-relief-how-creativity-can-calm-the-mind,TO_WRITE
wall art for basement office,Best Wall Art for Basement Home Offices?,Person working from basement needs brightening uplifting decor,CAUTION,wall art home office,https://aboutwallart.com/blogs/news-articles-home-decor-inspiration/how-to-incorporate-wall-art-into-your-home-office,TO_WRITE
office wall art small space,Best Wall Art for Offices With Limited Wall Space?,Person in small workspace wants maximum impact with minimal area,CAUTION,wall art for my space,https://aboutwallart.com/blogs/news-articles-home-decor-inspiration/how-much-wall-art-do-i-need-for-my-space,TO_WRITE
wall art for home office,Best Wall Art for Remote Work Spaces?,WFH employee looking to personalize their home office with appropriate art,CAUTION,wall art for rental spaces,https://aboutwallart.com/blogs/news-articles-home-decor-inspiration/how-to-choose-wall-art-for-rental-spaces,TO_WRITE
wall art for industry offices,Best Wall Art for Tech or Industry-Specific Offices?,Professional wants office art that reflects their field,NO CONFLICT,,,TO_WRITE_PENDING
Abstract Art in Traditional Kitchens,Can Abstract Art Work in Traditional Kitchens?,Customer has older-style kitchen unsure about modern art fit,CAUTION,abstract art | bold abstract art,https://aboutwallart.com/blogs/news-articles-home-decor-inspiration/can-a-single | https://aboutwallart.com/blogs/news-articles-home-decor-inspiration/can-a-single-bold-abstract-art-transform-your-space,IGNORED
affordable wall art that looks expensive,Can Affordable Wall Art Look Expensive and Quality?,Customer seeking budget-friendly options that don't look cheap,NO CONFLICT,,,TO_WRITE_PENDING
biophilic design for child focus,Can biophilic design help my child focus better?,Parent seeking educational/developmental benefits,CAUTION,biophilic design,https://aboutwallart.com/blogs/news-articles-home-decor-inspiration/transform-your-home-into-an-oasis-using-biophilic-design,TO_WRITE
biophilic design for anxiety,Can biophilic design help with my anxiety?,Customer seeking mental health benefits,NO CONFLICT,,,TO_WRITE_PENDING,
biophilic design home productivity,Can biophilic design improve productivity at home?,Remote worker seeking performance benefits,CAUTION,biophilic design,https://aboutwallart.com/blogs/news-articles-home-decor-inspiration/transform-your-home-into-an-oasis-using-biophilic-design,TO_WRITE
biophilic design reduce workplace stress,Can biophilic design reduce workplace stress?,HR manager or business owner seeking employee benefits,CAUTION,biophilic design,https://aboutwallart.com/blogs/news-articles-home-decor-inspiration/transform-your-home-into-an-oasis-using-biophilic-design,TO_WRITE
bohemian art in minimalist homes,Can Bohemian Art Work in Minimalist Homes?,Incorporating bohemian pieces into simple minimal interiors,CAUTION,what is minimalist art | bohemian art wall | minimalist wall art,https://aboutwallart.com/blogs/news-articles-home-decor-inspiration/what-is-minimalist-art-the-beauty-of-less-is-more | https://aboutwallart.com/blogs/news-articles-home-decor-inspiration/bohemian-bliss-elevate-your-space-with-bohemian-art-wall | https://aboutwallart.com/blogs/news-articles-home-decor-inspiration/what-is-minimalist-wall-art-simplicity-that-speaks-volumes,TO_WRITE
wall art to hide imperfections,Can Bohemian Wall Art Hide Imperfections?,Using art strategically to cover wall issues,NO CONFLICT,,,TO_WRITE_PENDING,,1
personalised canvas art with names,Can Canvas Art Be Personalized With Names or Dates?,Adding custom text or personal elements,CAUTION,what is canvas art | what is canvas art?,https://aboutwallart.com/blogs/news-articles-home-decor-inspiration/what-is-canvas-art | https://aboutwallart.com/blogs/news-articles-home-decor-inspiration/what-is-canvas-art-understanding-the-beauty-and-impact,TO_WRITE
Coastal Decor Handle Pet-Friendly Homes,Can Coastal Decor Handle Pet-Friendly Homes?,Durable coastal styles that work with pets and families,NO CONFLICT,,,IGNORED
coastal decor resale value,Can Coastal Decor Increase My Home's Resale Value?,ROI and market appeal of coastal interior design,NO CONFLICT,,,TO_WRITE_PENDING,,,
coastal decor in non-beach homes,Can Coastal Decor Work in Non-Beach Homes?,Applying coastal style to inland or urban properties,CAUTION,coastal decor bedroom | coastal home decor,https://aboutwallart.com/blogs/news-articles-home-decor-inspiration/coastal-decor-bedroom-ideas-how-to-style-it | https://aboutwallart.com/blogs/news-articles-home-decor-inspiration/coastal-home-decor-light,TO_WRITE,,,
Designers for Gallery Walls on a Budget,Can Designers Help With Gallery Walls on a Budget?,Finding affordable design consultation,NO CONFLICT,,,IGNORED
Fabric Work as Wall Art Display,Can Fabric Work as Wall Art Display?,Alternative materials for decorating walls,CAUTION,wall art | what is wall art,https://aboutwallart.com/blogs/news-articles-home-decor-inspiration/what-type-of-wall-art-fits-my-home-style | https://aboutwallart.com/blogs/news-articles-home-decor-inspiration/what-is-wall-art-guide,IGNORED
farmhouse style in small homes,Can Farmhouse Style Work in Smaller Homes?,Adapting farmhouse design to limited space,NO CONFLICT,,,TO_WRITE_PENDING
Farmhouse in Modern Neighborhoods,Can Farmhouse Work in Modern Neighborhoods?,Fitting farmhouse style into different settings,NO CONFLICT,,,IGNORED
Floating Shelves Replace Kitchen Wall Art,Can Floating Shelves Replace Kitchen Wall Art?,Customer weighing functional storage against pure decoration,CAUTION,kitchen wall art | art for a kitchen wall ideas,https://aboutwallart.com/blogs/news-articles-home-decor-inspiration/kitchen-wall-art-expert-interior-design-tips-trends-2026 | https://aboutwallart.com/blogs/news-articles-home-decor-inspiration/the-best-art-for-a-kitchen-wall-ideas,IGNORED
japandi design make room bigger,Can Japandi Design Make My Home Feel Bigger?,Space optimization benefits of style,NO CONFLICT,,,TO_WRITE_PENDING
japandi design in dark rooms,Can Japandi Work in a Dark Home With Less Light?,Style adaptability for specific conditions,NO CONFLICT,,,TO_WRITE_PENDING
japandi style family home,Can Japandi Work in a Family Home?,Whether japandi is practical for families with kids,CAUTION,japandi home decor | japandi home décor,https://aboutwallart.com/blogs/news-articles-home-decor-inspiration/japandi-home-decor-a-calm-and-minimal-blend-of-east-meets-we | https://aboutwallart.com/blogs/news-articles-home-decor-inspiration/japandi-home-decor-a-calm-blend-of-east-meets-west,TO_WRITE
japandi in older dated homes,Can Japandi Work in Older Dated Homes?,Style compatibility with their existing home,NO CONFLICT,,,TO_WRITE_PENDING
Peel-and-Stick Decor Work as Bathroom Wall Art,Can Peel-and-Stick Decor Work as Bathroom Wall Art?,Customer interested in non-permanent wall decoration options,CAUTION,bathroom wall decor ideas | gold wall art decor | small bathroom wall art | typography wall art decor | wall art decor for bedroom | wall art ideas for bathroom,https://aboutwallart.com/blogs/news-articles-home-decor-inspiration/bathroom-wall-decor-ideas-for-spa-like-spaces | https://aboutwallart.com/blogs/news-articles-home-decor-inspiration/gilded-opulence-elevate-your-space-with-gold-wall-art-decor | https://aboutwallart.com/blogs/news-articles-home-decor-inspiration/create-beautiful-small-bathroom-wall-art-in-5-simple-steps | https://aboutwallart.com/blogs/news-articles-home-decor-inspiration/how-to-use-typography-for-a-playful-kitchen-wall-art-decor | https://aboutwallart.com/blogs/news-articles-home-decor-inspiration/tips-for-using-wall-art-decor-for-bedroom-to-elevate-your-space | https://aboutwallart.com/blogs/news-articles-home-decor-inspiration/how-to-design-with-wall-art-ideas-for-bathroom,IGNORED
Renters Do Farmhouse Style Design,Can Renters Do Farmhouse Style Design?,Adapting farmhouse for non-owned spaces,NO CONFLICT,,,IGNORED
Renters Use Shelving as Wall Decoration,Can Renters Use Shelving as Wall Decoration?,Looking for furniture-based decorating solutions,NO CONFLICT,,,IGNORED
Rustic Art in Farmhouse Homes,Can Rustic Art Work in Farmhouse Homes?,Style compatibility questions,NO CONFLICT,,,IGNORED
scandinavian wall art warm climates,Can Scandinavian Wall Art Work in Warm Climates?,Customer in different climate wondering about style fit,CAUTION,wall art | what is wall art,https://aboutwallart.com/blogs/news-articles-home-decor-inspiration/what-type-of-wall-art-fits-my-home-style | https://aboutwallart.com/blogs/news-articles-home-decor-inspiration/what-is-wall-art-guide,TO_WRITE
Someone for Hang Framed Art,Can Someone Help Me Hang My Framed Art?,Finding installation help for existing artwork,CAUTION,hang wall art,https://aboutwallart.com/blogs/news-articles-home-decor-inspiration/how-to-hang-wall-art-like-a-pro,IGNORED
Someone for Organize Existing Wall Art,Can Someone Help Me Organize Existing Wall Art?,Learning rearrangement and optimization services,CAUTION,wall art | what is wall art,https://aboutwallart.com/blogs/news-articles-home-decor-inspiration/what-type-of-wall-art-fits-my-home-style | https://aboutwallart.com/blogs/news-articles-home-decor-inspiration/what-is-wall-art-guide,IGNORED
Wall Art Be Designed in Different Color Variations,Can Wall Art Be Designed in Different Color Variations?,Whether multiple colorways of same design are possible,CAUTION,teal color wall art,https://aboutwallart.com/blogs/news-articles-home-decor-inspiration/elevate-your-space-with-teal-color-wall-art,IGNORED
wall art to transform a room,Can Wall Art Completely Change A Room's Feel?,Customer hoping art is the key to transforming their space,NO CONFLICT,,,TO_WRITE_PENDING
wall art for cluttered hallway,Can Wall Art Fix a Cluttered Looking Hallway?,Customer wants to simplify space visually,CAUTION,wall art | what is wall art,https://aboutwallart.com/blogs/news-articles-home-decor-inspiration/what-type-of-wall-art-fits-my-home-style | https://aboutwallart.com/blogs/news-articles-home-decor-inspiration/what-is-wall-art-guide,TO_WRITE
wall art to hide wall damage,Can Wall Art Hide Hallway Wall Damage?,Customer wants to cover up stains marks or imperfections,CAUTION,wall art | what is wall art,https://aboutwallart.com/blogs/news-articles-home-decor-inspiration/what-type-of-wall-art-fits-my-home-style | https://aboutwallart.com/blogs/news-articles-home-decor-inspiration/what-is-wall-art-guide,TO_WRITE
wall art hide office imperfections,Can Wall Art Hide Office Imperfections?,Customer wants to mask ugly walls pipes or poor workspace conditions,NO CONFLICT,,,TO_WRITE_PENDING,
Wall Art Hide or Minimize TV,Can Wall Art Hide or Minimize My TV?,Customer wants to incorporate TV into decor,CAUTION,wall art | what is wall art | art for an office wall | bohemian art wall | boho wall art | calming wall art | care for wall art | cultural wall art | custom wall art | hang wall art | kitchen wall art | local wall art | minimalist wall art | shibori wall art | the history of wall art | types of wall art | wall art budget | wall art for my space | wall art for stairs | wall art for teenagers | wall art mediums | wall art size | wall art trends | wallpaper vs wall art,https://aboutwallart.com/blogs/news-articles-home-decor-inspiration/what-type-of-wall-art-fits-my-home-style | https://aboutwallart.com/blogs/news-articles-home-decor-inspiration/what-is-wall-art-guide | https://aboutwallart.com/blogs/news-articles-home-decor-inspiration/how-could-your-art-for-an-office-wall-fuel-productivity | https://aboutwallart.com/blogs/news-articles-home-decor-inspiration/bohemian-bliss-elevate-your-space-with-bohemian-art-wall | https://aboutwallart.com/blogs/news-articles-home-decor-inspiration/boho-wall-art-trends-which-styles-are-trending-now | https://aboutwallart.com/blogs/news-articles-home-decor-inspiration/decorate-your-home-office-with-calming-wall-art | https://aboutwallart.com/blogs/news-articles-home-decor-inspiration/how-to-care-for-and-maintain-wall-art | https://aboutwallart.com/blogs/news-articles-home-decor-inspiration/how-to-incorporate-cultural-wall-art-into-your-home | https://aboutwallart.com/blogs/news-articles-home-decor-inspiration/should-i-commission-custom-wall-art | https://aboutwallart.com/blogs/news-articles-home-decor-inspiration/how-to-hang-wall-art-like-a-pro | https://aboutwallart.com/blogs/news-articles-home-decor-inspiration/kitchen-wall-art-expert-interior-design-tips-trends-2026 | https://aboutwallart.com/blogs/news-articles-home-decor-inspiration/what-are-the-benefits-of-buying-local-wall-art | https://aboutwallart.com/blogs/news-articles-home-decor-inspiration/what-is-minimalist-wall-art-simplicity-that-speaks-volumes | https://aboutwallart.com/blogs/news-articles-home-decor-inspiration/how-to-choose-the-perfect-shibori-wall-art-for-your-home | https://aboutwallart.com/blogs/news-articles-home-decor-inspiration/a-journey-through-the-history-of-wall-art | https://aboutwallart.com/blogs/news-articles-home-decor-inspiration/types-of-wall-art | https://aboutwallart.com/blogs/news-articles-home-decor-inspiration/how-much-should-i-budget-for-wall-art | https://aboutwallart.com/blogs/news-articles-home-decor-inspiration/how-much-wall-art-do-i-need-for-my-space | https://aboutwallart.com/blogs/news-articles-home-decor-inspiration/how-to-hang-wall-art-for-stairs-without-a-straight-wall | https://aboutwallart.com/blogs/news-articles-home-decor-inspiration/7-inspiring-ideas-wall-art-for-teenagers | https://aboutwallart.com/blogs/news-articles-home-decor-inspiration/what-wall-art-mediums-are-available | https://aboutwallart.com/blogs/news-articles-home-decor-inspiration/understanding-wall-art-size-guide | https://aboutwallart.com/blogs/news-articles-home-decor-inspiration/wall-art-trends-for-2026-styles-designers-are-loving | https://aboutwallart.com/blogs/news-articles-home-decor-inspiration/wall-arts-for-living-room-wallpaper-vs-wall-art,IGNORED
wall art cover paint stains,Can Wall Art Hide Paint Issues or Stains?,Customer wants to cover imperfections without repainting,NO CONFLICT,,,TO_WRITE_PENDING
Wall Art Include Inside Jokes or Personal References,Can Wall Art Include Inside Jokes or Personal References?,Whether custom/personal elements can be incorporated,NO CONFLICT,,,IGNORED
wall art make small room bigger,Can Wall Art Make a Small Living Room Bigger?,Customer using art strategically for space,CAUTION,wall art for living room | living room wall art decor | wall art for grey living room | wall art pictures for living room,https://aboutwallart.com/blogs/news-articles-home-decor-inspiration/choosing-the-right-wall-art-for-living-room-tips-and-trends | https://aboutwallart.com/blogs/news-articles-home-decor-inspiration/how-to-create-a-wow-factor-with-the-right-living-room-wall-a | https://aboutwallart.com/blogs/news-articles-home-decor-inspiration/why-wall-art-for-grey-living-room-is-the-must-have-trend-right-now | https://aboutwallart.com/blogs/news-articles-home-decor-inspiration/trending-now-wall-art-pictures-for-living-room-in-grounded-c,TO_WRITE
wall art for warm hallway,Can Wall Art Make My Hallway Feel Warmer?,Customer thinks hallway feels cold or uninviting,CAUTION,wall art | what is wall art,https://aboutwallart.com/blogs/news-articles-home-decor-inspiration/what-type-of-wall-art-fits-my-home-style | https://aboutwallart.com/blogs/news-articles-home-decor-inspiration/what-is-wall-art-guide,TO_WRITE
wall art match home style,Can Wall Art Match My Home's Style?,How to ensure commissioned art fits home decor,CAUTION,match wall art to paint colors | mix and match wall art styles | wall art | what is wall art,https://aboutwallart.com/blogs/news-articles-home-decor-inspiration/how-to-match-wall-art-to-your-paint-colors | https://aboutwallart.com/blogs/news-articles-home-decor-inspiration/how-to-mix-and-match-wall-art-styles | https://aboutwallart.com/blogs/news-articles-home-decor-inspiration/what-type-of-wall-art-fits-my-home-style | https://aboutwallart.com/blogs/news-articles-home-decor-inspiration/what-is-wall-art-guide,TO_WRITE
wall art for cold rooms,Can Wall Art Really Transform a Cold Room?,Customer wondering if art can change the feel of empty walls,CAUTION,wall art for living room | children's room wall art ideas | dining room wall art ideas | living room wall art decor | wall art for grey living room | wall art pictures for living room | wall art to brighten dark room | wall art | what is wall art,https://aboutwallart.com/blogs/news-articles-home-decor-inspiration/choosing-the-right-wall-art-for-living-room-tips-and-trends | https://aboutwallart.com/blogs/news-articles-home-decor-inspiration/childrens-room-wall-art-ideas-for-every-age-and-interest | https://aboutwallart.com/blogs/news-articles-home-decor-inspiration/dining-room-wall-art-ideas-set-the-perfect-mood | https://aboutwallart.com/blogs/news-articles-home-decor-inspiration/how-to-create-a-wow-factor-with-the-right-living-room-wall-a | https://aboutwallart.com/blogs/news-articles-home-decor-inspiration/why-wall-art-for-grey-living-room-is-the-must-have-trend-right-now | https://aboutwallart.com/blogs/news-articles-home-decor-inspiration/trending-now-wall-art-pictures-for-living-room-in-grounded-c | https://aboutwallart.com/blogs/news-articles-home-decor-inspiration/how-to-use-wall-art-to-brighten-a-dark-room | https://aboutwallart.com/blogs/news-articles-home-decor-inspiration/what-type-of-wall-art-fits-my-home-style | https://aboutwallart.com/blogs/news-articles-home-decor-inspiration/what-is-wall-art-guide,TO_WRITE
wall art transform a room,Can Wall Art Really Transform a Room's Look?,Customer wants assurance that art makes a difference,CAUTION,wall art | what is wall art,https://aboutwallart.com/blogs/news-articles-home-decor-inspiration/what-type-of-wall-art-fits-my-home-style | https://aboutwallart.com/blogs/news-articles-home-decor-inspiration/what-is-wall-art-guide,TO_WRITE
update dated room with wall art,Can Wall Art Transform A Dated Room?,Customer hoping art is the affordable solution to outdated space,CAUTION,wall art for living room | children's room wall art ideas | dining room wall art ideas | living room wall art decor | wall art for grey living room | wall art pictures for living room | wall art to brighten dark room | wall art | what is wall art,https://aboutwallart.com/blogs/news-articles-home-decor-inspiration/choosing-the-right-wall-art-for-living-room-tips-and-trends | https://aboutwallart.com/blogs/news-articles-home-decor-inspiration/childrens-room-wall-art-ideas-for-every-age-and-interest | https://aboutwallart.com/blogs/news-articles-home-decor-inspiration/dining-room-wall-art-ideas-set-the-perfect-mood | https://aboutwallart.com/blogs/news-articles-home-decor-inspiration/how-to-create-a-wow-factor-with-the-right-living-room-wall-a | https://aboutwallart.com/blogs/news-articles-home-decor-inspiration/why-wall-art-for-grey-living-room-is-the-must-have-trend-right-now | https://aboutwallart.com/blogs/news-articles-home-decor-inspiration/trending-now-wall-art-pictures-for-living-room-in-grounded-c | https://aboutwallart.com/blogs/news-articles-home-decor-inspiration/how-to-use-wall-art-to-brighten-a-dark-room | https://aboutwallart.com/blogs/news-articles-home-decor-inspiration/what-type-of-wall-art-fits-my-home-style | https://aboutwallart.com/blogs/news-articles-home-decor-inspiration/what-is-wall-art-guide,TO_WRITE
wallpaper instead of bathroom art,Can Wallpaper Designs Work Instead of Framed Bathroom Art?,Customer exploring alternatives to traditional wall art,NO CONFLICT,,,TO_WRITE_PENDING
Wallpaper Work Better Than Hanging Art,Can Wallpaper Work Better Than Hanging Art?,Comparing different wall treatment options,NO CONFLICT,,,IGNORED
boho decor on a budget,Can You Create Boho on a Budget?,Affordable options for bohemian decoration,NO CONFLICT,,,TO_WRITE_PENDING
accent walls in every room,Can You Have Accent Walls in Every Room?,Customer wondering if multiple accent walls work together,NO CONFLICT,,,TO_WRITE_PENDING
You Make Wood Trim Looking Boho,Can You Make Wood Trim Look Boho?,Working with architectural features,NO CONFLICT,,,IGNORED
mix farmhouse with other styles,Can You Mix Farmhouse With Other Styles?,Blending farmhouse with personal preferences,NO CONFLICT,,,TO_WRITE_PENDING
You Request Scandinavian Style Specifically,Can You Request Scandinavian Style Specifically?,Finding designer expertise in specific aesthetics,NO CONFLICT,,,IGNORED
You with Color Scheme,Can You Work With My Color Scheme?,Customer wants to ensure decorator matches their vision,CAUTION,interior color scheme,https://aboutwallart.com/blogs/news-articles-home-decor-inspiration/how-to-match-prints-for-the-wall-with-your-interior-color-sc,IGNORED
dark accent walls too gloomy,Dark Accent Walls: Will They Feel Gloomy?,Customer worried about dark paint choices,NO CONFLICT,,,TO_WRITE_PENDING
bohemian tapestries as wall art,Do Bohemian Tapestries Work as Wall Art?,Whether tapestries count as wall art and how to display them,NO CONFLICT,,,TO_WRITE_PENDING,,1
accent wall make room cosier,Does an Accent Wall Make Rooms Cozier?,Customer wants to know if accent walls actually improve comfort,NO CONFLICT,,,TO_WRITE_PENDING
bohemian wall art fading sunlight,Does Bohemian Wall Art Fade in Sunlight?,Durability and fading concerns for bohemian art,NO CONFLICT,,,IGNORED,
bohemian wall art matching frames,Does Bohemian Wall Art Need Matching Frames?,Frame styling choices for bohemian art displays,NO CONFLICT,,,TO_WRITE_PENDING,,1
bohemian wall art home office,Does Bohemian Wall Art Work in Home Offices?,Creating inspiring bohemian workspaces with art,NO CONFLICT,,,TO_WRITE_PENDING,,1
bohemian wall art kids rooms,Does Bohemian Wall Art Work in Kids' Rooms?,Child-friendly bohemian art options,NO CONFLICT,,,TO_WRITE_PENDING,,1
coastal decor without beach elements,Does Coastal Decor Need Real Beach Elements?,Whether authentic coastal materials are necessary for the style,NO CONFLICT,,,TO_WRITE_PENDING,,,
Contemporary Wall Art Increase Home Value,Does Contemporary Wall Art Increase Home Value?,Investment potential and resale value concerns,CAUTION,wall art home office,https://aboutwallart.com/blogs/news-articles-home-decor-inspiration/how-to-incorporate-wall-art-into-your-home-office,IGNORED
japandi design increase home value,Does Japandi Design Increase Home Value?,Understanding resale implications of style choice,NO CONFLICT,,,TO_WRITE_PENDING
kitchen wall art match hardware,Does Kitchen Wall Art Need to Match Hardware?,Customer wondering about design continuity with brass/stainless fixtures,NO CONFLICT,,,TO_WRITE_PENDING,,1
office wall art boost productivity,Does Office Wall Art Really Boost Productivity?,WFH employee wants to know if art investment is worth it,DANGER,How could your art for an office wall fuel creativity and productivity?,https://aboutwallart.com/blogs/news-articles-home-decor-inspiration/how-could-your-art-for-an-office-wall-fuel-productivity,IGNORED,office wall art productivity,1
does wall art increase home value,Does Wall Art Add Home Resale Value?,Understanding investment return on art purchases,CAUTION,wall art home office | wall art | what is wall art,https://aboutwallart.com/blogs/news-articles-home-decor-inspiration/how-to-incorporate-wall-art-into-your-home-office | https://aboutwallart.com/blogs/news-articles-home-decor-inspiration/what-type-of-wall-art-fits-my-home-style | https://aboutwallart.com/blogs/news-articles-home-decor-inspiration/what-is-wall-art-guide,TO_WRITE
wall art for dark hallways,Does Wall Art Brighten Dark Hallways?,Customer has poor lighting and wants to improve ambiance,CAUTION,How to Use Wall Art to Brighten a Dark Room,https://aboutwallart.com/blogs/news-articles-home-decor-inspiration/how-to-use-wall-art-to-brighten-a-dark-room,TO_WRITE_PENDING,wall art brighten dark,1
Wall Art to Be Expensive to Looking Good,Does Wall Art Need to Be Expensive to Look Good?,Budget vs. quality considerations,CAUTION,wall art | what is wall art,https://aboutwallart.com/blogs/news-articles-home-decor-inspiration/what-type-of-wall-art-fits-my-home-style | https://aboutwallart.com/blogs/news-articles-home-decor-inspiration/what-is-wall-art-guide,IGNORED
office wall art client perception,Does Your Office Wall Art Affect Client Perception?,Service provider concerned about professional image through decor,CAUTION,art for an office wall | office wall art prints | wall art home office,https://aboutwallart.com/blogs/news-articles-home-decor-inspiration/how-could-your-art-for-an-office-wall-fuel-productivity | https://aboutwallart.com/blogs/news-articles-home-decor-inspiration/exploring-office-wall-art-prints-when-designing-a-home-offic | https://aboutwallart.com/blogs/news-articles-home-decor-inspiration/how-to-incorporate-wall-art-into-your-home-office,TO_WRITE
green accent wall trendy or timeless,Green Accent Walls: Trendy or Timeless?,Customer considering specific popular color,NO CONFLICT,,,TO_WRITE_PENDING
how wall art transforms a room,How Can Wall Art Transform My Space?,Understanding aesthetic impact and room redesign,NO CONFLICT,,,TO_WRITE_PENDING,,1
how coastal decorators source unique pieces,How Coastal Decorators Source Unique Pieces?,Understanding where decorators find furniture and accessories,NO CONFLICT,,,TO_WRITE_PENDING,,,
colour schemes open concept homes,How Do Color Schemes Work in Open Concept Homes?,Customer struggles with adjacent spaces in same color,NO CONFLICT,,,TO_WRITE_PENDING
Decorators Source Unique Boho Items,How Do Decorators Source Unique Boho Items?,Where professionals find distinctive pieces,NO CONFLICT,,,IGNORED
how designers choose wall art,How Do Designers Choose Wall Art For Rooms?,Customer wants professional insight into art selection process,CAUTION,wall art | what is wall art,https://aboutwallart.com/blogs/news-articles-home-decor-inspiration/what-type-of-wall-art-fits-my-home-style | https://aboutwallart.com/blogs/news-articles-home-decor-inspiration/what-is-wall-art-guide,TO_WRITE
Arrange a Gallery Wall Layout,How Do I Arrange a Gallery Wall Layout?,Planning spacing and placement of multiple pieces,CAUTION,gallery wall | create a gallery wall | creating a gallery wall | gallery wall ideas | gallery wall planning | wall gallery layouts,https://aboutwallart.com/blogs/news-articles-home-decor-inspiration/how-to-create-a-gallery-wall-simple-steps-to-transform-any-room | https://aboutwallart.com/blogs/news-articles-home-decor-inspiration/how-to-create-a-gallery-wall-simple-steps-to-transform-any-r | https://aboutwallart.com/blogs/news-articles-home-decor-inspiration/creating-a-gallery-wall-feel-in-a-small-flat | https://aboutwallart.com/blogs/news-articles-home-decor-inspiration/designing-impactful-gallery-walls-for-modern-homes-10-beautiful-gallery-wall-ideas | https://aboutwallart.com/blogs/news-articles-home-decor-inspiration/tips-for-gallery-wall-planning-to-showcase-your-style | https://aboutwallart.com/blogs/news-articles-home-decor-inspiration/wall-gallery-layouts-from-blank-walls-to-a-perfect-gallery,IGNORED
how to arrange multiple wall art pieces,How Do I Arrange Multiple Pieces of Wall Art?,Customer has art but unsure of gallery wall layout,CAUTION,wall art | what is wall art,https://aboutwallart.com/blogs/news-articles-home-decor-inspiration/what-type-of-wall-art-fits-my-home-style | https://aboutwallart.com/blogs/news-articles-home-decor-inspiration/what-is-wall-art-guide,TO_WRITE
Authenticate Contemporary Wall Art,How Do I Authenticate Contemporary Wall Art?,Verification and authenticity concerns,CAUTION,wall art | what is wall art | art for an office wall | bohemian art wall | boho wall art | calming wall art | care for wall art | cultural wall art | custom wall art | hang wall art | kitchen wall art | local wall art | minimalist wall art | shibori wall art | the history of wall art | types of wall art | wall art budget | wall art for my space | wall art for stairs | wall art for teenagers | wall art mediums | wall art size | wall art trends | wallpaper vs wall art,https://aboutwallart.com/blogs/news-articles-home-decor-inspiration/what-type-of-wall-art-fits-my-home-style | https://aboutwallart.com/blogs/news-articles-home-decor-inspiration/what-is-wall-art-guide | https://aboutwallart.com/blogs/news-articles-home-decor-inspiration/how-could-your-art-for-an-office-wall-fuel-productivity | https://aboutwallart.com/blogs/news-articles-home-decor-inspiration/bohemian-bliss-elevate-your-space-with-bohemian-art-wall | https://aboutwallart.com/blogs/news-articles-home-decor-inspiration/boho-wall-art-trends-which-styles-are-trending-now | https://aboutwallart.com/blogs/news-articles-home-decor-inspiration/decorate-your-home-office-with-calming-wall-art | https://aboutwallart.com/blogs/news-articles-home-decor-inspiration/how-to-care-for-and-maintain-wall-art | https://aboutwallart.com/blogs/news-articles-home-decor-inspiration/how-to-incorporate-cultural-wall-art-into-your-home | https://aboutwallart.com/blogs/news-articles-home-decor-inspiration/should-i-commission-custom-wall-art | https://aboutwallart.com/blogs/news-articles-home-decor-inspiration/how-to-hang-wall-art-like-a-pro | https://aboutwallart.com/blogs/news-articles-home-decor-inspiration/kitchen-wall-art-expert-interior-design-tips-trends-2026 | https://aboutwallart.com/blogs/news-articles-home-decor-inspiration/what-are-the-benefits-of-buying-local-wall-art | https://aboutwallart.com/blogs/news-articles-home-decor-inspiration/what-is-minimalist-wall-art-simplicity-that-speaks-volumes | https://aboutwallart.com/blogs/news-articles-home-decor-inspiration/how-to-choose-the-perfect-shibori-wall-art-for-your-home | https://aboutwallart.com/blogs/news-articles-home-decor-inspiration/a-journey-through-the-history-of-wall-art | https://aboutwallart.com/blogs/news-articles-home-decor-inspiration/types-of-wall-art | https://aboutwallart.com/blogs/news-articles-home-decor-inspiration/how-much-should-i-budget-for-wall-art | https://aboutwallart.com/blogs/news-articles-home-decor-inspiration/how-much-wall-art-do-i-need-for-my-space | https://aboutwallart.com/blogs/news-articles-home-decor-inspiration/how-to-hang-wall-art-for-stairs-without-a-straight-wall | https://aboutwallart.com/blogs/news-articles-home-decor-inspiration/7-inspiring-ideas-wall-art-for-teenagers | https://aboutwallart.com/blogs/news-articles-home-decor-inspiration/what-wall-art-mediums-are-available | https://aboutwallart.com/blogs/news-articles-home-decor-inspiration/understanding-wall-art-size-guide | https://aboutwallart.com/blogs/news-articles-home-decor-inspiration/wall-art-trends-for-2026-styles-designers-are-loving | https://aboutwallart.com/blogs/news-articles-home-decor-inspiration/wall-arts-for-living-room-wallpaper-vs-wall-art,IGNORED
Accidental Farmhouse Style,How Do I Avoid Accidental Farmhouse Style?,Customer wants French country but keeps getting shabby chic farmhouse instead,NO CONFLICT,,,IGNORED
boho decor without looking cluttered,How Do I Avoid Boho Looking Too Cluttered?,Creating curated boho without chaos,NO CONFLICT,,,TO_WRITE_PENDING
avoid tacky kitchen wall decor,How Do I Avoid Tacky Kitchen Wall Decor?,Customer wants to decorate their kitchen wall tastefully without making mistakes,NO CONFLICT,,,TO_WRITE_PENDING,,1
boho style in dark rooms,How Do I Bring Boho Style to Dark Rooms?,Solutions for rooms with limited natural light,NO CONFLICT,,,TO_WRITE_PENDING
how to care for wall art,How Do I Care for Wall Art?,Maintenance and preservation tips,DANGER,How to Care for and Maintain Wall Art,https://aboutwallart.com/blogs/news-articles-home-decor-inspiration/how-to-care-for-and-maintain-wall-art,IGNORED,care for wall art,1
colour palette for wall art,How Do I Choose a Color Palette for Wall Art?,Design decisions for their room/space aesthetic,NO CONFLICT,,,TO_WRITE_PENDING,,1
dining room colour palette ideas,How Do I Choose a Dining Room Color Palette?,Customer needs help coordinating colors throughout space,CAUTION,dining room decor | dining room galleries,https://aboutwallart.com/blogs/news-articles-home-decor-inspiration/solving-dull-vibes-add-personality-with-easy-dining-room-dec | https://aboutwallart.com/blogs/news-articles-home-decor-inspiration/how-can-dining-room-galleries-transform-your-meals,TO_WRITE
bold vs subtle wall art,How Do I Choose Between Bold and Subtle Wall Art?,Customer unsure about style impact level,CAUTION,wall art | what is wall art | art for an office wall | bohemian art wall | boho wall art | bold abstract art | calming wall art | care for wall art | cultural wall art | custom wall art | hang wall art | kitchen wall art | local wall art | minimalist wall art | shibori wall art | the history of wall art | types of wall art | wall art budget | wall art for my space | wall art for stairs | wall art for teenagers | wall art mediums | wall art size | wall art trends | wallpaper vs wall art,https://aboutwallart.com/blogs/news-articles-home-decor-inspiration/what-type-of-wall-art-fits-my-home-style | https://aboutwallart.com/blogs/news-articles-home-decor-inspiration/what-is-wall-art-guide | https://aboutwallart.com/blogs/news-articles-home-decor-inspiration/how-could-your-art-for-an-office-wall-fuel-productivity | https://aboutwallart.com/blogs/news-articles-home-decor-inspiration/bohemian-bliss-elevate-your-space-with-bohemian-art-wall | https://aboutwallart.com/blogs/news-articles-home-decor-inspiration/boho-wall-art-trends-which-styles-are-trending-now | https://aboutwallart.com/blogs/news-articles-home-decor-inspiration/can-a-single-bold-abstract-art-transform-your-space | https://aboutwallart.com/blogs/news-articles-home-decor-inspiration/decorate-your-home-office-with-calming-wall-art | https://aboutwallart.com/blogs/news-articles-home-decor-inspiration/how-to-care-for-and-maintain-wall-art | https://aboutwallart.com/blogs/news-articles-home-decor-inspiration/how-to-incorporate-cultural-wall-art-into-your-home | https://aboutwallart.com/blogs/news-articles-home-decor-inspiration/should-i-commission-custom-wall-art | https://aboutwallart.com/blogs/news-articles-home-decor-inspiration/how-to-hang-wall-art-like-a-pro | https://aboutwallart.com/blogs/news-articles-home-decor-inspiration/kitchen-wall-art-expert-interior-design-tips-trends-2026 | https://aboutwallart.com/blogs/news-articles-home-decor-inspiration/what-are-the-benefits-of-buying-local-wall-art | https://aboutwallart.com/blogs/news-articles-home-decor-inspiration/what-is-minimalist-wall-art-simplicity-that-speaks-volumes | https://aboutwallart.com/blogs/news-articles-home-decor-inspiration/how-to-choose-the-perfect-shibori-wall-art-for-your-home | https://aboutwallart.com/blogs/news-articles-home-decor-inspiration/a-journey-through-the-history-of-wall-art | https://aboutwallart.com/blogs/news-articles-home-decor-inspiration/types-of-wall-art | https://aboutwallart.com/blogs/news-articles-home-decor-inspiration/how-much-should-i-budget-for-wall-art | https://aboutwallart.com/blogs/news-articles-home-decor-inspiration/how-much-wall-art-do-i-need-for-my-space | https://aboutwallart.com/blogs/news-articles-home-decor-inspiration/how-to-hang-wall-art-for-stairs-without-a-straight-wall | https://aboutwallart.com/blogs/news-articles-home-decor-inspiration/7-inspiring-ideas-wall-art-for-teenagers | https://aboutwallart.com/blogs/news-articles-home-decor-inspiration/what-wall-art-mediums-are-available | https://aboutwallart.com/blogs/news-articles-home-decor-inspiration/understanding-wall-art-size-guide | https://aboutwallart.com/blogs/news-articles-home-decor-inspiration/wall-art-trends-for-2026-styles-designers-are-loving | https://aboutwallart.com/blogs/news-articles-home-decor-inspiration/wall-arts-for-living-room-wallpaper-vs-wall-art,TO_WRITE
how to choose wall art style,How Do I Choose Between Different Wall Art Styles?,Customer confused by multiple options and aesthetics,CAUTION,What Wall Art Styles Fit My Personality?,https://aboutwallart.com/blogs/news-articles-home-decor-inspiration/what-wall-art-styles-fit-my-personality,TO_WRITE_PENDING,,1
framed art vs canvas prints,How Do I Choose Between Framed Art and Canvas Prints?,Customer deciding on art presentation methods,DANGER,What's the Difference Between Canvas and Framed Prints?,https://aboutwallart.com/blogs/news-articles-home-decor-inspiration/whats-the-difference-between-canvas-and-framed-prints,IGNORED,canvas vs framed prints,1
dining room wall art ideas,How Do I Choose Dining Room Wall Art?,Customer overwhelmed by options and needs decision framework,DANGER,Dining Room Wall Art Ideas to Transform Your Space,https://aboutwallart.com/blogs/news-articles-home-decor-inspiration/dining-room-wall-art-ideas-set-the-perfect-mood,IGNORED,dining room wall art,1
kitchen art that won't look dated,How Do I Choose Kitchen Art That Won't Look Dated?,Customer wants timeless pieces that age well,CAUTION,art for the kitchen,https://aboutwallart.com/blogs/news-articles-home-decor-inspiration/can-the-right-art-for-the-kitchen-turn-it-into-an-inviting-space,TO_WRITE
wall art for hallway,How Do I Choose Wall Art for My Hallway?,Customer needs guidance on selecting appropriate art for hallway decor,DANGER,Hallway Art Ideas to Transform Your Space,https://aboutwallart.com/blogs/news-articles-home-decor-inspiration/top-8-hallway-art-ideas-to-transform-your-space,IGNORED,hallway wall art ideas,1
how to choose wall art for your space,How Do I Choose Wall Art for My Space?,Selecting pieces that match home aesthetic,DANGER,How to Choose Wall Art for Rental Spaces,https://aboutwallart.com/blogs/news-articles-home-decor-inspiration/how-to-choose-wall-art-for-rental-spaces,IGNORED,choose wall art for space,1
Wall Art That feels Authentic,How Do I Choose Wall Art That Feels Authentic?,Customer wants meaningful rather than generic pieces,CAUTION,wall art | what is wall art | art for an office wall | bohemian art wall | boho wall art | calming wall art | care for wall art | cultural wall art | custom wall art | hang wall art | kitchen wall art | local wall art | minimalist wall art | shibori wall art | the history of wall art | types of wall art | wall art budget | wall art for my space | wall art for stairs | wall art for teenagers | wall art mediums | wall art size | wall art trends | wallpaper vs wall art,https://aboutwallart.com/blogs/news-articles-home-decor-inspiration/what-type-of-wall-art-fits-my-home-style | https://aboutwallart.com/blogs/news-articles-home-decor-inspiration/what-is-wall-art-guide | https://aboutwallart.com/blogs/news-articles-home-decor-inspiration/how-could-your-art-for-an-office-wall-fuel-productivity | https://aboutwallart.com/blogs/news-articles-home-decor-inspiration/bohemian-bliss-elevate-your-space-with-bohemian-art-wall | https://aboutwallart.com/blogs/news-articles-home-decor-inspiration/boho-wall-art-trends-which-styles-are-trending-now | https://aboutwallart.com/blogs/news-articles-home-decor-inspiration/decorate-your-home-office-with-calming-wall-art | https://aboutwallart.com/blogs/news-articles-home-decor-inspiration/how-to-care-for-and-maintain-wall-art | https://aboutwallart.com/blogs/news-articles-home-decor-inspiration/how-to-incorporate-cultural-wall-art-into-your-home | https://aboutwallart.com/blogs/news-articles-home-decor-inspiration/should-i-commission-custom-wall-art | https://aboutwallart.com/blogs/news-articles-home-decor-inspiration/how-to-hang-wall-art-like-a-pro | https://aboutwallart.com/blogs/news-articles-home-decor-inspiration/kitchen-wall-art-expert-interior-design-tips-trends-2026 | https://aboutwallart.com/blogs/news-articles-home-decor-inspiration/what-are-the-benefits-of-buying-local-wall-art | https://aboutwallart.com/blogs/news-articles-home-decor-inspiration/what-is-minimalist-wall-art-simplicity-that-speaks-volumes | https://aboutwallart.com/blogs/news-articles-home-decor-inspiration/how-to-choose-the-perfect-shibori-wall-art-for-your-home | https://aboutwallart.com/blogs/news-articles-home-decor-inspiration/a-journey-through-the-history-of-wall-art | https://aboutwallart.com/blogs/news-articles-home-decor-inspiration/types-of-wall-art | https://aboutwallart.com/blogs/news-articles-home-decor-inspiration/how-much-should-i-budget-for-wall-art | https://aboutwallart.com/blogs/news-articles-home-decor-inspiration/how-much-wall-art-do-i-need-for-my-space | https://aboutwallart.com/blogs/news-articles-home-decor-inspiration/how-to-hang-wall-art-for-stairs-without-a-straight-wall | https://aboutwallart.com/blogs/news-articles-home-decor-inspiration/7-inspiring-ideas-wall-art-for-teenagers | https://aboutwallart.com/blogs/news-articles-home-decor-inspiration/what-wall-art-mediums-are-available | https://aboutwallart.com/blogs/news-articles-home-decor-inspiration/understanding-wall-art-size-guide | https://aboutwallart.com/blogs/news-articles-home-decor-inspiration/wall-art-trends-for-2026-styles-designers-are-loving | https://aboutwallart.com/blogs/news-articles-home-decor-inspiration/wall-arts-for-living-room-wallpaper-vs-wall-art,IGNORED
Wall Art That Matches Style,How Do I Choose Wall Art That Matches My Style?,Customer wants guidance on selecting pieces that fit their aesthetic,CAUTION,wall art | what is wall art | art for an office wall | art style types | bohemian art wall | boho wall art | calming wall art | care for wall art | cultural wall art | custom wall art | hang wall art | kitchen wall art | local wall art | minimalist wall art | shibori wall art | the history of wall art | types of wall art | wall art budget | wall art for my space | wall art for stairs | wall art for teenagers | wall art mediums | wall art size | wall art trends | wallpaper vs wall art,https://aboutwallart.com/blogs/news-articles-home-decor-inspiration/what-type-of-wall-art-fits-my-home-style | https://aboutwallart.com/blogs/news-articles-home-decor-inspiration/what-is-wall-art-guide | https://aboutwallart.com/blogs/news-articles-home-decor-inspiration/how-could-your-art-for-an-office-wall-fuel-productivity | https://aboutwallart.com/blogs/news-articles-home-decor-inspiration/how-to-mix-and-blend-different-art-style-types | https://aboutwallart.com/blogs/news-articles-home-decor-inspiration/bohemian-bliss-elevate-your-space-with-bohemian-art-wall | https://aboutwallart.com/blogs/news-articles-home-decor-inspiration/boho-wall-art-trends-which-styles-are-trending-now | https://aboutwallart.com/blogs/news-articles-home-decor-inspiration/decorate-your-home-office-with-calming-wall-art | https://aboutwallart.com/blogs/news-articles-home-decor-inspiration/how-to-care-for-and-maintain-wall-art | https://aboutwallart.com/blogs/news-articles-home-decor-inspiration/how-to-incorporate-cultural-wall-art-into-your-home | https://aboutwallart.com/blogs/news-articles-home-decor-inspiration/should-i-commission-custom-wall-art | https://aboutwallart.com/blogs/news-articles-home-decor-inspiration/how-to-hang-wall-art-like-a-pro | https://aboutwallart.com/blogs/news-articles-home-decor-inspiration/kitchen-wall-art-expert-interior-design-tips-trends-2026 | https://aboutwallart.com/blogs/news-articles-home-decor-inspiration/what-are-the-benefits-of-buying-local-wall-art | https://aboutwallart.com/blogs/news-articles-home-decor-inspiration/what-is-minimalist-wall-art-simplicity-that-speaks-volumes | https://aboutwallart.com/blogs/news-articles-home-decor-inspiration/how-to-choose-the-perfect-shibori-wall-art-for-your-home | https://aboutwallart.com/blogs/news-articles-home-decor-inspiration/a-journey-through-the-history-of-wall-art | https://aboutwallart.com/blogs/news-articles-home-decor-inspiration/types-of-wall-art | https://aboutwallart.com/blogs/news-articles-home-decor-inspiration/how-much-should-i-budget-for-wall-art | https://aboutwallart.com/blogs/news-articles-home-decor-inspiration/how-much-wall-art-do-i-need-for-my-space | https://aboutwallart.com/blogs/news-articles-home-decor-inspiration/how-to-hang-wall-art-for-stairs-without-a-straight-wall | https://aboutwallart.com/blogs/news-articles-home-decor-inspiration/7-inspiring-ideas-wall-art-for-teenagers | https://aboutwallart.com/blogs/news-articles-home-decor-inspiration/what-wall-art-mediums-are-available | https://aboutwallart.com/blogs/news-articles-home-decor-inspiration/understanding-wall-art-size-guide | https://aboutwallart.com/blogs/news-articles-home-decor-inspiration/wall-art-trends-for-2026-styles-designers-are-loving | https://aboutwallart.com/blogs/news-articles-home-decor-inspiration/wall-arts-for-living-room-wallpaper-vs-wall-art,IGNORED
cohesive boho aesthetic tips,How Do I Create a Cohesive Boho Aesthetic?,Pulling together conflicting style inspirations,NO CONFLICT,,,TO_WRITE_PENDING
how to create cohesive colour palette,How Do I Create A Cohesive Color Palette?,Customer wants colors that work together throughout home,NO CONFLICT,,,TO_WRITE_PENDING
home colour palette whole house,How Do I Create a Color Palette for My Entire Home?,Developing a cohesive multi-room color strategy,NO CONFLICT,,,TO_WRITE_PENDING
focal point bland room,How Do I Create a Focal Point in a Bland Room?,Someone wanting to establish visual hierarchy and draw attention purposefully,NO CONFLICT,,,TO_WRITE_PENDING
how to create focal point room,How Do I Create a Focal Point in My Room?,Customer wanting to understand core design concept,NO CONFLICT,,,TO_WRITE_PENDING,,1
how to create a gallery wall at home,How Do I Create a Gallery Wall at Home?,Customer wants to arrange multiple pieces effectively,DANGER,How to Create a Gallery Wall: Simple Steps to Transform Any Room,https://aboutwallart.com/blogs/news-articles-home-decor-inspiration/how-to-create-a-gallery-wall-simple-steps-to-transform-any-room,IGNORED,how to create a gallery wall,1
gallery wall layout ideas,How Do I Create a Gallery Wall Layout?,Customer wants to arrange multiple pieces properly,DANGER,Wall Gallery Layouts Ideas That Will Transform Any Room,https://aboutwallart.com/blogs/news-articles-home-decor-inspiration/wall-gallery-layouts-ideas-that-will-transform-any-room,IGNORED,gallery wall layout,1
how to create a gallery wall properly,How Do I Create a Gallery Wall Properly?,Customer overwhelmed by hanging art decisions,DANGER,How to Create a Gallery Wall: Simple Steps to Transform Any Room,https://aboutwallart.com/blogs/news-articles-home-decor-inspiration/how-to-create-a-gallery-wall-simple-steps-to-transform-any-room,IGNORED,how to create a gallery wall,1
gallery wall ideas that work,How Do I Create A Gallery Wall That Works?,Customer wants multiple pieces arranged cohesively,DANGER,Designing Impactful Gallery Walls for Modern Homes: 10 Beautiful Gallery Wall Ideas,https://aboutwallart.com/blogs/news-articles-home-decor-inspiration/designing-impactful-gallery-walls-for-modern-homes-10-beautiful-gallery-wall-ideas,IGNORED,create a gallery wall,1
bohemian wall art on a budget,How Do I Create Bohemian Wall Art on a Budget?,Affordable ways to get bohemian wall decor without overspending,NO CONFLICT,,,TO_WRITE_PENDING,,1
how to display wall art,How Do I Display Wall Art Properly?,Tips for arranging and showcasing commissioned pieces,CAUTION,wall art | what is wall art | art for an office wall | bohemian art wall | boho wall art | calming wall art | care for wall art | cultural wall art | custom wall art | hang wall art | kitchen wall art | local wall art | minimalist wall art | shibori wall art | the history of wall art | types of wall art | wall art budget | wall art for my space | wall art for stairs | wall art for teenagers | wall art mediums | wall art size | wall art trends | wallpaper vs wall art,https://aboutwallart.com/blogs/news-articles-home-decor-inspiration/what-type-of-wall-art-fits-my-home-style | https://aboutwallart.com/blogs/news-articles-home-decor-inspiration/what-is-wall-art-guide | https://aboutwallart.com/blogs/news-articles-home-decor-inspiration/how-could-your-art-for-an-office-wall-fuel-productivity | https://aboutwallart.com/blogs/news-articles-home-decor-inspiration/bohemian-bliss-elevate-your-space-with-bohemian-art-wall | https://aboutwallart.com/blogs/news-articles-home-decor-inspiration/boho-wall-art-trends-which-styles-are-trending-now | https://aboutwallart.com/blogs/news-articles-home-decor-inspiration/decorate-your-home-office-with-calming-wall-art | https://aboutwallart.com/blogs/news-articles-home-decor-inspiration/how-to-care-for-and-maintain-wall-art | https://aboutwallart.com/blogs/news-articles-home-decor-inspiration/how-to-incorporate-cultural-wall-art-into-your-home | https://aboutwallart.com/blogs/news-articles-home-decor-inspiration/should-i-commission-custom-wall-art | https://aboutwallart.com/blogs/news-articles-home-decor-inspiration/how-to-hang-wall-art-like-a-pro | https://aboutwallart.com/blogs/news-articles-home-decor-inspiration/kitchen-wall-art-expert-interior-design-tips-trends-2026 | https://aboutwallart.com/blogs/news-articles-home-decor-inspiration/what-are-the-benefits-of-buying-local-wall-art | https://aboutwallart.com/blogs/news-articles-home-decor-inspiration/what-is-minimalist-wall-art-simplicity-that-speaks-volumes | https://aboutwallart.com/blogs/news-articles-home-decor-inspiration/how-to-choose-the-perfect-shibori-wall-art-for-your-home | https://aboutwallart.com/blogs/news-articles-home-decor-inspiration/a-journey-through-the-history-of-wall-art | https://aboutwallart.com/blogs/news-articles-home-decor-inspiration/types-of-wall-art | https://aboutwallart.com/blogs/news-articles-home-decor-inspiration/how-much-should-i-budget-for-wall-art | https://aboutwallart.com/blogs/news-articles-home-decor-inspiration/how-much-wall-art-do-i-need-for-my-space | https://aboutwallart.com/blogs/news-articles-home-decor-inspiration/how-to-hang-wall-art-for-stairs-without-a-straight-wall | https://aboutwallart.com/blogs/news-articles-home-decor-inspiration/7-inspiring-ideas-wall-art-for-teenagers | https://aboutwallart.com/blogs/news-articles-home-decor-inspiration/what-wall-art-mediums-are-available | https://aboutwallart.com/blogs/news-articles-home-decor-inspiration/understanding-wall-art-size-guide | https://aboutwallart.com/blogs/news-articles-home-decor-inspiration/wall-art-trends-for-2026-styles-designers-are-loving | https://aboutwallart.com/blogs/news-articles-home-decor-inspiration/wall-arts-for-living-room-wallpaper-vs-wall-art,TO_WRITE
fix unintentional farmhouse look,How Do I Fix My Unintentional Farmhouse Aesthetic?,Customer decorated wrong and needs guidance to pivot,NO CONFLICT,,,TO_WRITE_PENDING
how to frame contemporary art,How Do I Frame Contemporary Wall Art?,Framing options and presentation choices,NO CONFLICT,,,TO_WRITE_PENDING,,1
hang heavy framed art safely,How Do I Hang Heavy Framed Art Safely?,Learning about hanging delicate or heavy pieces,NO CONFLICT,,,TO_WRITE_PENDING
is boho style right for me,How Do I Know If Boho Style Suits Me?,Determining if bohemian aesthetic is right,NO CONFLICT,,,TO_WRITE_PENDING
is japandi style right for me,How Do I Know If Japandi Is Right for Me?,Determining if style matches their taste,NO CONFLICT,,,TO_WRITE_PENDING
Do Know If Wall Art Is Authentic,How Do I Know If Wall Art Is Authentic?,Customer worried about buying counterfeit prints,CAUTION,wall art | what is wall art | art for an office wall | bohemian art wall | boho wall art | calming wall art | care for wall art | cultural wall art | custom wall art | hang wall art | kitchen wall art | local wall art | minimalist wall art | shibori wall art | the history of wall art | types of wall art | wall art budget | wall art for my space | wall art for stairs | wall art for teenagers | wall art mediums | wall art size | wall art trends | wallpaper vs wall art,https://aboutwallart.com/blogs/news-articles-home-decor-inspiration/what-type-of-wall-art-fits-my-home-style | https://aboutwallart.com/blogs/news-articles-home-decor-inspiration/what-is-wall-art-guide | https://aboutwallart.com/blogs/news-articles-home-decor-inspiration/how-could-your-art-for-an-office-wall-fuel-productivity | https://aboutwallart.com/blogs/news-articles-home-decor-inspiration/bohemian-bliss-elevate-your-space-with-bohemian-art-wall | https://aboutwallart.com/blogs/news-articles-home-decor-inspiration/boho-wall-art-trends-which-styles-are-trending-now | https://aboutwallart.com/blogs/news-articles-home-decor-inspiration/decorate-your-home-office-with-calming-wall-art | https://aboutwallart.com/blogs/news-articles-home-decor-inspiration/how-to-care-for-and-maintain-wall-art | https://aboutwallart.com/blogs/news-articles-home-decor-inspiration/how-to-incorporate-cultural-wall-art-into-your-home | https://aboutwallart.com/blogs/news-articles-home-decor-inspiration/should-i-commission-custom-wall-art | https://aboutwallart.com/blogs/news-articles-home-decor-inspiration/how-to-hang-wall-art-like-a-pro | https://aboutwallart.com/blogs/news-articles-home-decor-inspiration/kitchen-wall-art-expert-interior-design-tips-trends-2026 | https://aboutwallart.com/blogs/news-articles-home-decor-inspiration/what-are-the-benefits-of-buying-local-wall-art | https://aboutwallart.com/blogs/news-articles-home-decor-inspiration/what-is-minimalist-wall-art-simplicity-that-speaks-volumes | https://aboutwallart.com/blogs/news-articles-home-decor-inspiration/how-to-choose-the-perfect-shibori-wall-art-for-your-home | https://aboutwallart.com/blogs/news-articles-home-decor-inspiration/a-journey-through-the-history-of-wall-art | https://aboutwallart.com/blogs/news-articles-home-decor-inspiration/types-of-wall-art | https://aboutwallart.com/blogs/news-articles-home-decor-inspiration/how-much-should-i-budget-for-wall-art | https://aboutwallart.com/blogs/news-articles-home-decor-inspiration/how-much-wall-art-do-i-need-for-my-space | https://aboutwallart.com/blogs/news-articles-home-decor-inspiration/how-to-hang-wall-art-for-stairs-without-a-straight-wall | https://aboutwallart.com/blogs/news-articles-home-decor-inspiration/7-inspiring-ideas-wall-art-for-teenagers | https://aboutwallart.com/blogs/news-articles-home-decor-inspiration/what-wall-art-mediums-are-available | https://aboutwallart.com/blogs/news-articles-home-decor-inspiration/understanding-wall-art-size-guide | https://aboutwallart.com/blogs/news-articles-home-decor-inspiration/wall-art-trends-for-2026-styles-designers-are-loving | https://aboutwallart.com/blogs/news-articles-home-decor-inspiration/wall-arts-for-living-room-wallpaper-vs-wall-art,IGNORED
how to spot good quality wall art,How Do I Know If Wall Art Is Good Quality?,Customer learning to evaluate craftsmanship and materials,CAUTION,wall art | what is wall art,https://aboutwallart.com/blogs/news-articles-home-decor-inspiration/what-type-of-wall-art-fits-my-home-style | https://aboutwallart.com/blogs/news-articles-home-decor-inspiration/what-is-wall-art-guide,TO_WRITE
Do Know If Wall Art Is Quality,How Do I Know If Wall Art Is Quality?,Evaluating craftsmanship and durability,CAUTION,wall art | what is wall art | art for an office wall | bohemian art wall | boho wall art | calming wall art | care for wall art | cultural wall art | custom wall art | hang wall art | kitchen wall art | local wall art | minimalist wall art | shibori wall art | the history of wall art | types of wall art | wall art budget | wall art for my space | wall art for stairs | wall art for teenagers | wall art mediums | wall art size | wall art trends | wallpaper vs wall art,https://aboutwallart.com/blogs/news-articles-home-decor-inspiration/what-type-of-wall-art-fits-my-home-style | https://aboutwallart.com/blogs/news-articles-home-decor-inspiration/what-is-wall-art-guide | https://aboutwallart.com/blogs/news-articles-home-decor-inspiration/how-could-your-art-for-an-office-wall-fuel-productivity | https://aboutwallart.com/blogs/news-articles-home-decor-inspiration/bohemian-bliss-elevate-your-space-with-bohemian-art-wall | https://aboutwallart.com/blogs/news-articles-home-decor-inspiration/boho-wall-art-trends-which-styles-are-trending-now | https://aboutwallart.com/blogs/news-articles-home-decor-inspiration/decorate-your-home-office-with-calming-wall-art | https://aboutwallart.com/blogs/news-articles-home-decor-inspiration/how-to-care-for-and-maintain-wall-art | https://aboutwallart.com/blogs/news-articles-home-decor-inspiration/how-to-incorporate-cultural-wall-art-into-your-home | https://aboutwallart.com/blogs/news-articles-home-decor-inspiration/should-i-commission-custom-wall-art | https://aboutwallart.com/blogs/news-articles-home-decor-inspiration/how-to-hang-wall-art-like-a-pro | https://aboutwallart.com/blogs/news-articles-home-decor-inspiration/kitchen-wall-art-expert-interior-design-tips-trends-2026 | https://aboutwallart.com/blogs/news-articles-home-decor-inspiration/what-are-the-benefits-of-buying-local-wall-art | https://aboutwallart.com/blogs/news-articles-home-decor-inspiration/what-is-minimalist-wall-art-simplicity-that-speaks-volumes | https://aboutwallart.com/blogs/news-articles-home-decor-inspiration/how-to-choose-the-perfect-shibori-wall-art-for-your-home | https://aboutwallart.com/blogs/news-articles-home-decor-inspiration/a-journey-through-the-history-of-wall-art | https://aboutwallart.com/blogs/news-articles-home-decor-inspiration/types-of-wall-art | https://aboutwallart.com/blogs/news-articles-home-decor-inspiration/how-much-should-i-budget-for-wall-art | https://aboutwallart.com/blogs/news-articles-home-decor-inspiration/how-much-wall-art-do-i-need-for-my-space | https://aboutwallart.com/blogs/news-articles-home-decor-inspiration/how-to-hang-wall-art-for-stairs-without-a-straight-wall | https://aboutwallart.com/blogs/news-articles-home-decor-inspiration/7-inspiring-ideas-wall-art-for-teenagers | https://aboutwallart.com/blogs/news-articles-home-decor-inspiration/what-wall-art-mediums-are-available | https://aboutwallart.com/blogs/news-articles-home-decor-inspiration/understanding-wall-art-size-guide | https://aboutwallart.com/blogs/news-articles-home-decor-inspiration/wall-art-trends-for-2026-styles-designers-are-loving | https://aboutwallart.com/blogs/news-articles-home-decor-inspiration/wall-arts-for-living-room-wallpaper-vs-wall-art,IGNORED
wall art to match my aesthetic,How Do I Know If Wall Art Will Fit My Aesthetic?,Evaluating art compatibility before buying,CAUTION,wall art | what is wall art,https://aboutwallart.com/blogs/news-articles-home-decor-inspiration/what-type-of-wall-art-fits-my-home-style | https://aboutwallart.com/blogs/news-articles-home-decor-inspiration/what-is-wall-art-guide,TO_WRITE
Do Know What Style of Wall Art Want,How Do I Know What Style of Wall Art I Want?,Discovering personal aesthetic preferences,CAUTION,wall art | what is wall art,https://aboutwallart.com/blogs/news-articles-home-decor-inspiration/what-type-of-wall-art-fits-my-home-style | https://aboutwallart.com/blogs/news-articles-home-decor-inspiration/what-is-wall-art-guide,IGNORED
move away from farmhouse style,How Do I Move Away From Farmhouse Style?,Customer wants to transition their home away from farmhouse decor they no longer like,NO CONFLICT,,,TO_WRITE_PENDING
Do Order Wall Art Remotely,How Do I Order Wall Art Remotely?,Commissioning art online without in-person meetings,CAUTION,wall art | what is wall art | art for an office wall | bohemian art wall | boho wall art | calming wall art | care for wall art | cultural wall art | custom wall art | hang wall art | kitchen wall art | local wall art | minimalist wall art | shibori wall art | the history of wall art | types of wall art | wall art budget | wall art for my space | wall art for stairs | wall art for teenagers | wall art mediums | wall art size | wall art trends | wallpaper vs wall art,https://aboutwallart.com/blogs/news-articles-home-decor-inspiration/what-type-of-wall-art-fits-my-home-style | https://aboutwallart.com/blogs/news-articles-home-decor-inspiration/what-is-wall-art-guide | https://aboutwallart.com/blogs/news-articles-home-decor-inspiration/how-could-your-art-for-an-office-wall-fuel-productivity | https://aboutwallart.com/blogs/news-articles-home-decor-inspiration/bohemian-bliss-elevate-your-space-with-bohemian-art-wall | https://aboutwallart.com/blogs/news-articles-home-decor-inspiration/boho-wall-art-trends-which-styles-are-trending-now | https://aboutwallart.com/blogs/news-articles-home-decor-inspiration/decorate-your-home-office-with-calming-wall-art | https://aboutwallart.com/blogs/news-articles-home-decor-inspiration/how-to-care-for-and-maintain-wall-art | https://aboutwallart.com/blogs/news-articles-home-decor-inspiration/how-to-incorporate-cultural-wall-art-into-your-home | https://aboutwallart.com/blogs/news-articles-home-decor-inspiration/should-i-commission-custom-wall-art | https://aboutwallart.com/blogs/news-articles-home-decor-inspiration/how-to-hang-wall-art-like-a-pro | https://aboutwallart.com/blogs/news-articles-home-decor-inspiration/kitchen-wall-art-expert-interior-design-tips-trends-2026 | https://aboutwallart.com/blogs/news-articles-home-decor-inspiration/what-are-the-benefits-of-buying-local-wall-art | https://aboutwallart.com/blogs/news-articles-home-decor-inspiration/what-is-minimalist-wall-art-simplicity-that-speaks-volumes | https://aboutwallart.com/blogs/news-articles-home-decor-inspiration/how-to-choose-the-perfect-shibori-wall-art-for-your-home | https://aboutwallart.com/blogs/news-articles-home-decor-inspiration/a-journey-through-the-history-of-wall-art | https://aboutwallart.com/blogs/news-articles-home-decor-inspiration/types-of-wall-art | https://aboutwallart.com/blogs/news-articles-home-decor-inspiration/how-much-should-i-budget-for-wall-art | https://aboutwallart.com/blogs/news-articles-home-decor-inspiration/how-much-wall-art-do-i-need-for-my-space | https://aboutwallart.com/blogs/news-articles-home-decor-inspiration/how-to-hang-wall-art-for-stairs-without-a-straight-wall | https://aboutwallart.com/blogs/news-articles-home-decor-inspiration/7-inspiring-ideas-wall-art-for-teenagers | https://aboutwallart.com/blogs/news-articles-home-decor-inspiration/what-wall-art-mediums-are-available | https://aboutwallart.com/blogs/news-articles-home-decor-inspiration/understanding-wall-art-size-guide | https://aboutwallart.com/blogs/news-articles-home-decor-inspiration/wall-art-trends-for-2026-styles-designers-are-loving | https://aboutwallart.com/blogs/news-articles-home-decor-inspiration/wall-arts-for-living-room-wallpaper-vs-wall-art,IGNORED
gallery wall layout planning,How Do I Plan a Gallery Wall Layout?,Customer overwhelmed by maximalist wall decorating,CAUTION,gallery wall | create a gallery wall | creating a gallery wall | gallery wall ideas | gallery wall planning | wall gallery layouts,https://aboutwallart.com/blogs/news-articles-home-decor-inspiration/how-to-create-a-gallery-wall-simple-steps-to-transform-any-room | https://aboutwallart.com/blogs/news-articles-home-decor-inspiration/how-to-create-a-gallery-wall-simple-steps-to-transform-any-r | https://aboutwallart.com/blogs/news-articles-home-decor-inspiration/creating-a-gallery-wall-feel-in-a-small-flat | https://aboutwallart.com/blogs/news-articles-home-decor-inspiration/designing-impactful-gallery-walls-for-modern-homes-10-beautiful-gallery-wall-ideas | https://aboutwallart.com/blogs/news-articles-home-decor-inspiration/tips-for-gallery-wall-planning-to-showcase-your-style | https://aboutwallart.com/blogs/news-articles-home-decor-inspiration/wall-gallery-layouts-from-blank-walls-to-a-perfect-gallery,TO_WRITE
prepare art for framing,How Do I Prepare My Wall Art for Framing?,Steps after receiving design before hanging/framing,CAUTION,wall art | what is wall art | art for an office wall | bohemian art wall | boho wall art | calming wall art | care for wall art | cultural wall art | custom wall art | hang wall art | kitchen wall art | local wall art | minimalist wall art | shibori wall art | the history of wall art | types of wall art | wall art budget | wall art for my space | wall art for stairs | wall art for teenagers | wall art mediums | wall art size | wall art trends | wallpaper vs wall art,https://aboutwallart.com/blogs/news-articles-home-decor-inspiration/what-type-of-wall-art-fits-my-home-style | https://aboutwallart.com/blogs/news-articles-home-decor-inspiration/what-is-wall-art-guide | https://aboutwallart.com/blogs/news-articles-home-decor-inspiration/how-could-your-art-for-an-office-wall-fuel-productivity | https://aboutwallart.com/blogs/news-articles-home-decor-inspiration/bohemian-bliss-elevate-your-space-with-bohemian-art-wall | https://aboutwallart.com/blogs/news-articles-home-decor-inspiration/boho-wall-art-trends-which-styles-are-trending-now | https://aboutwallart.com/blogs/news-articles-home-decor-inspiration/decorate-your-home-office-with-calming-wall-art | https://aboutwallart.com/blogs/news-articles-home-decor-inspiration/how-to-care-for-and-maintain-wall-art | https://aboutwallart.com/blogs/news-articles-home-decor-inspiration/how-to-incorporate-cultural-wall-art-into-your-home | https://aboutwallart.com/blogs/news-articles-home-decor-inspiration/should-i-commission-custom-wall-art | https://aboutwallart.com/blogs/news-articles-home-decor-inspiration/how-to-hang-wall-art-like-a-pro | https://aboutwallart.com/blogs/news-articles-home-decor-inspiration/kitchen-wall-art-expert-interior-design-tips-trends-2026 | https://aboutwallart.com/blogs/news-articles-home-decor-inspiration/what-are-the-benefits-of-buying-local-wall-art | https://aboutwallart.com/blogs/news-articles-home-decor-inspiration/what-is-minimalist-wall-art-simplicity-that-speaks-volumes | https://aboutwallart.com/blogs/news-articles-home-decor-inspiration/how-to-choose-the-perfect-shibori-wall-art-for-your-home | https://aboutwallart.com/blogs/news-articles-home-decor-inspiration/a-journey-through-the-history-of-wall-art | https://aboutwallart.com/blogs/news-articles-home-decor-inspiration/types-of-wall-art | https://aboutwallart.com/blogs/news-articles-home-decor-inspiration/how-much-should-i-budget-for-wall-art | https://aboutwallart.com/blogs/news-articles-home-decor-inspiration/how-much-wall-art-do-i-need-for-my-space | https://aboutwallart.com/blogs/news-articles-home-decor-inspiration/how-to-hang-wall-art-for-stairs-without-a-straight-wall | https://aboutwallart.com/blogs/news-articles-home-decor-inspiration/7-inspiring-ideas-wall-art-for-teenagers | https://aboutwallart.com/blogs/news-articles-home-decor-inspiration/what-wall-art-mediums-are-available | https://aboutwallart.com/blogs/news-articles-home-decor-inspiration/understanding-wall-art-size-guide | https://aboutwallart.com/blogs/news-articles-home-decor-inspiration/wall-art-trends-for-2026-styles-designers-are-loving | https://aboutwallart.com/blogs/news-articles-home-decor-inspiration/wall-arts-for-living-room-wallpaper-vs-wall-art,TO_WRITE
stop wall art looking cluttered,How Do I Prevent Wall Art From Looking Cluttered?,Customer worried about too much art,CAUTION,wall art | what is wall art,https://aboutwallart.com/blogs/news-articles-home-decor-inspiration/what-type-of-wall-art-fits-my-home-style | https://aboutwallart.com/blogs/news-articles-home-decor-inspiration/what-is-wall-art-guide,TO_WRITE
Do Protect Canvas Art After Delivery,How Do I Protect My Canvas Art After Delivery?,Maintenance and care for custom paintings,CAUTION,what is canvas art | what is canvas art?,https://aboutwallart.com/blogs/news-articles-home-decor-inspiration/what-is-canvas-art | https://aboutwallart.com/blogs/news-articles-home-decor-inspiration/what-is-canvas-art-understanding-the-beauty-and-impact,IGNORED
Do Protect Wall Art After Printing,How Do I Protect My Wall Art After Printing?,Preservation and care tips for printed designs,CAUTION,wall art | what is wall art,https://aboutwallart.com/blogs/news-articles-home-decor-inspiration/what-type-of-wall-art-fits-my-home-style | https://aboutwallart.com/blogs/news-articles-home-decor-inspiration/what-is-wall-art-guide,IGNORED
how to protect valuable wall art,How Do I Protect Valuable Wall Art?,Care maintenance and preservation techniques,CAUTION,How to Care for and Maintain Wall Art,https://aboutwallart.com/blogs/news-articles-home-decor-inspiration/how-to-care-for-and-maintain-wall-art,IGNORED,care for wall art,1
Do Ship Canvas Art Safely,How Do I Ship Canvas Art Safely?,Delivery methods and protection for custom pieces,CAUTION,what is canvas art | what is canvas art?,https://aboutwallart.com/blogs/news-articles-home-decor-inspiration/what-is-canvas-art | https://aboutwallart.com/blogs/news-articles-home-decor-inspiration/what-is-canvas-art-understanding-the-beauty-and-impact,IGNORED
boho home transformation beginner,How Do I Start a Boho Home Transformation?,First steps to achieving bohemian style,NO CONFLICT,,,TO_WRITE_PENDING
Do Start Boho Decor Journey,How Do I Start My Boho Decor Journey?,First steps toward hiring help for bohemian style,NO CONFLICT,,,IGNORED
visualise gallery wall before hanging,How Do I Visualize My Gallery Wall Before Installing?,Using technology/services to preview design,CAUTION,gallery wall,https://aboutwallart.com/blogs/news-articles-home-decor-inspiration/how-to-create-a-gallery-wall-simple-steps-to-transform-any-room,TO_WRITE
Do Local Framers for Gallery Walls,How Do Local Framers Help With Gallery Walls?,Understanding what framers offer beyond framing,NO CONFLICT,,,IGNORED
how decorators choose colour schemes,How Do Professional Decorators Choose Color Schemes?,Customer wants to understand design process,NO CONFLICT,,,TO_WRITE_PENDING
how designers choose wall art,How Do Professional Designers Choose Wall Art?,Customer wants insight into designer decision-making process,CAUTION,wall art | what is wall art,https://aboutwallart.com/blogs/news-articles-home-decor-inspiration/what-type-of-wall-art-fits-my-home-style | https://aboutwallart.com/blogs/news-articles-home-decor-inspiration/what-is-wall-art-guide,TO_WRITE
Do Professionals Create Eye-Catching Canvas Art,How Do Professionals Create Eye-Catching Canvas Art?,Design principles that make wall art stand out,CAUTION,what is canvas art | what is canvas art?,https://aboutwallart.com/blogs/news-articles-home-decor-inspiration/what-is-canvas-art | https://aboutwallart.com/blogs/news-articles-home-decor-inspiration/what-is-canvas-art-understanding-the-beauty-and-impact,IGNORED
how professionals hang gallery walls straight,How Do Professionals Install Gallery Walls So Straight?,Understanding the technical skill involved,NO CONFLICT,,,TO_WRITE_PENDING
wall art hallways for renters,How Do Renters Add Wall Art to Hallways?,Customer wants decor that doesn't require permanent changes,CAUTION,wall art | what is wall art | art for an office wall | bohemian art wall | boho wall art | calming wall art | care for wall art | cultural wall art | custom wall art | hang wall art | kitchen wall art | local wall art | minimalist wall art | shibori wall art | the history of wall art | types of wall art | wall art budget | wall art for my space | wall art for stairs | wall art for teenagers | wall art mediums | wall art size | wall art trends | wallpaper vs wall art,https://aboutwallart.com/blogs/news-articles-home-decor-inspiration/what-type-of-wall-art-fits-my-home-style | https://aboutwallart.com/blogs/news-articles-home-decor-inspiration/what-is-wall-art-guide | https://aboutwallart.com/blogs/news-articles-home-decor-inspiration/how-could-your-art-for-an-office-wall-fuel-productivity | https://aboutwallart.com/blogs/news-articles-home-decor-inspiration/bohemian-bliss-elevate-your-space-with-bohemian-art-wall | https://aboutwallart.com/blogs/news-articles-home-decor-inspiration/boho-wall-art-trends-which-styles-are-trending-now | https://aboutwallart.com/blogs/news-articles-home-decor-inspiration/decorate-your-home-office-with-calming-wall-art | https://aboutwallart.com/blogs/news-articles-home-decor-inspiration/how-to-care-for-and-maintain-wall-art | https://aboutwallart.com/blogs/news-articles-home-decor-inspiration/how-to-incorporate-cultural-wall-art-into-your-home | https://aboutwallart.com/blogs/news-articles-home-decor-inspiration/should-i-commission-custom-wall-art | https://aboutwallart.com/blogs/news-articles-home-decor-inspiration/how-to-hang-wall-art-like-a-pro | https://aboutwallart.com/blogs/news-articles-home-decor-inspiration/kitchen-wall-art-expert-interior-design-tips-trends-2026 | https://aboutwallart.com/blogs/news-articles-home-decor-inspiration/what-are-the-benefits-of-buying-local-wall-art | https://aboutwallart.com/blogs/news-articles-home-decor-inspiration/what-is-minimalist-wall-art-simplicity-that-speaks-volumes | https://aboutwallart.com/blogs/news-articles-home-decor-inspiration/how-to-choose-the-perfect-shibori-wall-art-for-your-home | https://aboutwallart.com/blogs/news-articles-home-decor-inspiration/a-journey-through-the-history-of-wall-art | https://aboutwallart.com/blogs/news-articles-home-decor-inspiration/types-of-wall-art | https://aboutwallart.com/blogs/news-articles-home-decor-inspiration/how-much-should-i-budget-for-wall-art | https://aboutwallart.com/blogs/news-articles-home-decor-inspiration/how-much-wall-art-do-i-need-for-my-space | https://aboutwallart.com/blogs/news-articles-home-decor-inspiration/how-to-hang-wall-art-for-stairs-without-a-straight-wall | https://aboutwallart.com/blogs/news-articles-home-decor-inspiration/7-inspiring-ideas-wall-art-for-teenagers | https://aboutwallart.com/blogs/news-articles-home-decor-inspiration/what-wall-art-mediums-are-available | https://aboutwallart.com/blogs/news-articles-home-decor-inspiration/understanding-wall-art-size-guide | https://aboutwallart.com/blogs/news-articles-home-decor-inspiration/wall-art-trends-for-2026-styles-designers-are-loving | https://aboutwallart.com/blogs/news-articles-home-decor-inspiration/wall-arts-for-living-room-wallpaper-vs-wall-art,TO_WRITE
biophilic design mental clarity,How does biophilic design affect my mental clarity?,Customer seeking cognitive/focus benefits,CAUTION,biophilic design,https://aboutwallart.com/blogs/news-articles-home-decor-inspiration/transform-your-home-into-an-oasis-using-biophilic-design,TO_WRITE
biophilic design for sleep quality,How does biophilic design help with sleep quality?,Customer with sleep concerns seeking natural solutions,NO CONFLICT,,,TO_WRITE_PENDING,,1
japandi decor with clutter and kids,How Does Japandi Handle Family Life and Clutter?,Practicality for real lived-in homes,NO CONFLICT,,,TO_WRITE_PENDING
how high to hang entryway art,How High Should I Hang Entryway Art?,Proper placement and eye-level considerations,NO CONFLICT,,,TO_WRITE_PENDING
how high to hang hallway art,How High Should I Hang Hallway Wall Art?,Customer needs specific placement guidelines,CAUTION,hang wall art | wall art for high ceilings,https://aboutwallart.com/blogs/news-articles-home-decor-inspiration/how-to-hang-wall-art-like-a-pro | https://aboutwallart.com/blogs/news-articles-home-decor-inspiration/wall-art-for-high-ceilings-7-creative-ideas,TO_WRITE
how high to hang wall art,How High Should I Hang My Wall Art?,Customer seeking specific decorating rules and best practices,CAUTION,How to Hang Art: Easy Steps for Perfect Display,https://aboutwallart.com/blogs/news-articles-home-decor-inspiration/how-to-hang-art-easy-steps-for-perfect-display,TO_WRITE_PENDING,how to hang wall art,1
how high to hang kitchen wall art,How High Should Kitchen Wall Art Hang?,Customer needs practical guidance on placement and height,CAUTION,hang wall art | kitchen wall art | art for a kitchen wall ideas | wall art for high ceilings,https://aboutwallart.com/blogs/news-articles-home-decor-inspiration/how-to-hang-wall-art-like-a-pro | https://aboutwallart.com/blogs/news-articles-home-decor-inspiration/kitchen-wall-art-expert-interior-design-tips-trends-2026 | https://aboutwallart.com/blogs/news-articles-home-decor-inspiration/the-best-art-for-a-kitchen-wall-ideas | https://aboutwallart.com/blogs/news-articles-home-decor-inspiration/wall-art-for-high-ceilings-7-creative-ideas,TO_WRITE
what size wall art do i need,How Large Should My Wall Art Be?,Sizing considerations for different rooms and walls,CAUTION,extra large wall art placement | solving extra large wall art | wall art | what is wall art | art for an office wall | bohemian art wall | boho wall art | calming wall art | care for wall art | cultural wall art | custom wall art | hang wall art | kitchen wall art | local wall art | minimalist wall art | shibori wall art | the history of wall art | types of wall art | wall art budget | wall art for my space | wall art for stairs | wall art for teenagers | wall art mediums | wall art size | wall art trends | wallpaper vs wall art,https://aboutwallart.com/blogs/news-articles-home-decor-inspiration/solving-extra-large-wall-art-placement-where-to-hang | https://aboutwallart.com/blogs/news-articles-home-decor-inspiration/solving-extra-large-wall-art-placement-anxiety-where-and-how | https://aboutwallart.com/blogs/news-articles-home-decor-inspiration/what-type-of-wall-art-fits-my-home-style | https://aboutwallart.com/blogs/news-articles-home-decor-inspiration/what-is-wall-art-guide | https://aboutwallart.com/blogs/news-articles-home-decor-inspiration/how-could-your-art-for-an-office-wall-fuel-productivity | https://aboutwallart.com/blogs/news-articles-home-decor-inspiration/bohemian-bliss-elevate-your-space-with-bohemian-art-wall | https://aboutwallart.com/blogs/news-articles-home-decor-inspiration/boho-wall-art-trends-which-styles-are-trending-now | https://aboutwallart.com/blogs/news-articles-home-decor-inspiration/decorate-your-home-office-with-calming-wall-art | https://aboutwallart.com/blogs/news-articles-home-decor-inspiration/how-to-care-for-and-maintain-wall-art | https://aboutwallart.com/blogs/news-articles-home-decor-inspiration/how-to-incorporate-cultural-wall-art-into-your-home | https://aboutwallart.com/blogs/news-articles-home-decor-inspiration/should-i-commission-custom-wall-art | https://aboutwallart.com/blogs/news-articles-home-decor-inspiration/how-to-hang-wall-art-like-a-pro | https://aboutwallart.com/blogs/news-articles-home-decor-inspiration/kitchen-wall-art-expert-interior-design-tips-trends-2026 | https://aboutwallart.com/blogs/news-articles-home-decor-inspiration/what-are-the-benefits-of-buying-local-wall-art | https://aboutwallart.com/blogs/news-articles-home-decor-inspiration/what-is-minimalist-wall-art-simplicity-that-speaks-volumes | https://aboutwallart.com/blogs/news-articles-home-decor-inspiration/how-to-choose-the-perfect-shibori-wall-art-for-your-home | https://aboutwallart.com/blogs/news-articles-home-decor-inspiration/a-journey-through-the-history-of-wall-art | https://aboutwallart.com/blogs/news-articles-home-decor-inspiration/types-of-wall-art | https://aboutwallart.com/blogs/news-articles-home-decor-inspiration/how-much-should-i-budget-for-wall-art | https://aboutwallart.com/blogs/news-articles-home-decor-inspiration/how-much-wall-art-do-i-need-for-my-space | https://aboutwallart.com/blogs/news-articles-home-decor-inspiration/how-to-hang-wall-art-for-stairs-without-a-straight-wall | https://aboutwallart.com/blogs/news-articles-home-decor-inspiration/7-inspiring-ideas-wall-art-for-teenagers | https://aboutwallart.com/blogs/news-articles-home-decor-inspiration/what-wall-art-mediums-are-available | https://aboutwallart.com/blogs/news-articles-home-decor-inspiration/understanding-wall-art-size-guide | https://aboutwallart.com/blogs/news-articles-home-decor-inspiration/wall-art-trends-for-2026-styles-designers-are-loving | https://aboutwallart.com/blogs/news-articles-home-decor-inspiration/wall-arts-for-living-room-wallpaper-vs-wall-art,TO_WRITE
Long does a biophilic design project take,How long does a biophilic design project take?,Customer wants timeline expectations,CAUTION,biophilic design,https://aboutwallart.com/blogs/news-articles-home-decor-inspiration/transform-your-home-into-an-oasis-using-biophilic-design,IGNORED
Long Does a Farmhouse Redesign Take,How Long Does a Farmhouse Redesign Take?,Understanding timeline expectations for projects,NO CONFLICT,,,IGNORED
Long Does a Japandi Remodel Take,How Long Does a Japandi Remodel Take?,Timeline expectations for hiring a designer,NO CONFLICT,,,IGNORED
how long japandi renovation takes,How Long Does a Japandi Renovation Take?,Timeline expectations for hiring a japandi designer,NO CONFLICT,,,TO_WRITE_PENDING
how long abstract art stays fresh,How Long Does Abstract Art Stay Looking Fresh?,Durability and longevity of custom pieces,NO CONFLICT,,,TO_WRITE_PENDING
how long accent wall paint lasts,How Long Does Accent Wall Paint Last?,Customer concerned about durability and repainting frequency,NO CONFLICT,,,TO_WRITE_PENDING
how long gallery wall installation takes,How Long Does Gallery Wall Installation Take?,Setting expectations for project timeline,CAUTION,gallery wall,https://aboutwallart.com/blogs/news-articles-home-decor-inspiration/how-to-create-a-gallery-wall-simple-steps-to-transform-any-room,TO_WRITE
how long to create a gallery wall,How Long Does It Take to Create a Gallery Wall?,Customer wants timeline expectations,NO CONFLICT,,,TO_WRITE,,1
professional gallery wall installation time,How Long Does Professional Gallery Wall Installation Take?,Understanding timeline and scheduling,NO CONFLICT,,,TO_WRITE_PENDING
Long Does Wall Art Design Take,How Long Does Wall Art Design Take?,Timeline expectations for commissioned minimalist art,CAUTION,wall art | what is wall art,https://aboutwallart.com/blogs/news-articles-home-decor-inspiration/what-type-of-wall-art-fits-my-home-style | https://aboutwallart.com/blogs/news-articles-home-decor-inspiration/what-is-wall-art-guide,IGNORED
how many coats accent wall paint,How Many Coats for Accent Wall Paint?,Customer curious about painting process details,NO CONFLICT,,,TO_WRITE_PENDING
how many pieces for boho decor,How Many Pieces Do I Need for Boho Decor?,Quantity and layering in bohemian design,NO CONFLICT,,,TO_WRITE_PENDING
how many pieces of art in bathroom,How Many Pieces of Wall Art Should a Bathroom Have?,Customer unsure whether one focal piece or multiple artworks looks better,NO CONFLICT,,,TO_WRITE_PENDING
how many pieces on a gallery wall,How Many Pieces Should a Gallery Wall Have?,Customer confused about quantity and balance,NO CONFLICT,,,TO_WRITE_PENDING
how many pieces gallery wall,How Many Pieces Should I Use in Gallery Walls?,Customer planning multi-piece arrangement and needs guidelines,NO CONFLICT,,,TO_WRITE_PENDING
Many Pieces Should Gallery Wall Have,How Many Pieces Should My Gallery Wall Have?,Understanding composition and layout for gallery walls,NO CONFLICT,,,IGNORED
Much Does an Accent Wall Cost,How Much Does an Accent Wall Cost?,Customer wants budget information before hiring,NO CONFLICT,,,IGNORED
Much Does Gallery Wall Installation Cost,How Much Does Gallery Wall Installation Cost?,Understanding pricing for professional art hanging services,CAUTION,gallery wall,https://aboutwallart.com/blogs/news-articles-home-decor-inspiration/how-to-create-a-gallery-wall-simple-steps-to-transform-any-room,IGNORED
accent wall prep work,How Much Prep Work Does an Accent Wall Need?,Customer curious about before-painting requirements,NO CONFLICT,,,TO_WRITE_PENDING
Much Should Budget for Coastal Decor,How Much Should I Budget for Coastal Decor?,Setting realistic budgets for coastal decorating projects,CAUTION,coastal decor home ideas on a budget,https://aboutwallart.com/blogs/news-articles-home-decor-inspiration/top-8-coastal-decor-home-ideas-on-a-budget,IGNORED
farmhouse renovation budget,How Much Should I Budget for Farmhouse Renovations?,Planning financial investment,NO CONFLICT,,,TO_WRITE_PENDING
how much to budget for wall art,How Much Should I Budget for Wall Art?,Understanding affordable price ranges for quality pieces,DANGER,How Much Should I Budget for Wall Art?,https://aboutwallart.com/blogs/news-articles-home-decor-inspiration/how-much-should-i-budget-for-wall-art,IGNORED,budget for wall art,1
Much Should Spend on Bathroom Wall Art,How Much Should I Spend on Bathroom Wall Art?,Customer wants quality art without excessive investment,CAUTION,small bathroom wall art | wall art ideas for bathroom,https://aboutwallart.com/blogs/news-articles-home-decor-inspiration/create-beautiful-small-bathroom-wall-art-in-5-simple-steps | https://aboutwallart.com/blogs/news-articles-home-decor-inspiration/how-to-design-with-wall-art-ideas-for-bathroom,IGNORED
entry wall decor budget,How Much Should I Spend on Entry Wall Decor?,Budget planning for wall art investments,NO CONFLICT,,,TO_WRITE_PENDING
Much Should Spend on Living Room Art,How Much Should I Spend on Living Room Art?,Customer trying to set a realistic budget,CAUTION,wall art for living room,https://aboutwallart.com/blogs/news-articles-home-decor-inspiration/choosing-the-right-wall-art-for-living-room-tips-and-trends,IGNORED
how much to spend on wall art,How Much Should I Spend On Wall Art Pieces?,Customer trying to understand value and investment,NO CONFLICT,,,TO_WRITE_PENDING
wall art budget,How Much Should I Spend on Wall Art?,Budget guidance and investment decisions,CAUTION,wall art | what is wall art,https://aboutwallart.com/blogs/news-articles-home-decor-inspiration/what-type-of-wall-art-fits-my-home-style | https://aboutwallart.com/blogs/news-articles-home-decor-inspiration/what-is-wall-art-guide,TO_WRITE
Much Should You Spend on Office Wall Art,How Much Should You Spend on Office Wall Art?,Budget-conscious customer wants price guidance for workplace decor,CAUTION,art for an office wall,https://aboutwallart.com/blogs/news-articles-home-decor-inspiration/how-could-your-art-for-an-office-wall-fuel-productivity,IGNORED
japandi design storage,How Much Storage Can Japandi Design Provide?,Functionality concerns for real families,NO CONFLICT,,,TO_WRITE_PENDING
how much wall art do i need,How Much Wall Art Do I Actually Need?,Customer unsure about quantity and coverage for their walls,CAUTION,wall art | what is wall art | art for an office wall | bohemian art wall | boho wall art | calming wall art | care for wall art | cultural wall art | custom wall art | hang wall art | kitchen wall art | local wall art | minimalist wall art | shibori wall art | the history of wall art | types of wall art | wall art budget | wall art for my space | wall art for stairs | wall art for teenagers | wall art mediums | wall art size | wall art trends | wallpaper vs wall art,https://aboutwallart.com/blogs/news-articles-home-decor-inspiration/what-type-of-wall-art-fits-my-home-style | https://aboutwallart.com/blogs/news-articles-home-decor-inspiration/what-is-wall-art-guide | https://aboutwallart.com/blogs/news-articles-home-decor-inspiration/how-could-your-art-for-an-office-wall-fuel-productivity | https://aboutwallart.com/blogs/news-articles-home-decor-inspiration/bohemian-bliss-elevate-your-space-with-bohemian-art-wall | https://aboutwallart.com/blogs/news-articles-home-decor-inspiration/boho-wall-art-trends-which-styles-are-trending-now | https://aboutwallart.com/blogs/news-articles-home-decor-inspiration/decorate-your-home-office-with-calming-wall-art | https://aboutwallart.com/blogs/news-articles-home-decor-inspiration/how-to-care-for-and-maintain-wall-art | https://aboutwallart.com/blogs/news-articles-home-decor-inspiration/how-to-incorporate-cultural-wall-art-into-your-home | https://aboutwallart.com/blogs/news-articles-home-decor-inspiration/should-i-commission-custom-wall-art | https://aboutwallart.com/blogs/news-articles-home-decor-inspiration/how-to-hang-wall-art-like-a-pro | https://aboutwallart.com/blogs/news-articles-home-decor-inspiration/kitchen-wall-art-expert-interior-design-tips-trends-2026 | https://aboutwallart.com/blogs/news-articles-home-decor-inspiration/what-are-the-benefits-of-buying-local-wall-art | https://aboutwallart.com/blogs/news-articles-home-decor-inspiration/what-is-minimalist-wall-art-simplicity-that-speaks-volumes | https://aboutwallart.com/blogs/news-articles-home-decor-inspiration/how-to-choose-the-perfect-shibori-wall-art-for-your-home | https://aboutwallart.com/blogs/news-articles-home-decor-inspiration/a-journey-through-the-history-of-wall-art | https://aboutwallart.com/blogs/news-articles-home-decor-inspiration/types-of-wall-art | https://aboutwallart.com/blogs/news-articles-home-decor-inspiration/how-much-should-i-budget-for-wall-art | https://aboutwallart.com/blogs/news-articles-home-decor-inspiration/how-much-wall-art-do-i-need-for-my-space | https://aboutwallart.com/blogs/news-articles-home-decor-inspiration/how-to-hang-wall-art-for-stairs-without-a-straight-wall | https://aboutwallart.com/blogs/news-articles-home-decor-inspiration/7-inspiring-ideas-wall-art-for-teenagers | https://aboutwallart.com/blogs/news-articles-home-decor-inspiration/what-wall-art-mediums-are-available | https://aboutwallart.com/blogs/news-articles-home-decor-inspiration/understanding-wall-art-size-guide | https://aboutwallart.com/blogs/news-articles-home-decor-inspiration/wall-art-trends-for-2026-styles-designers-are-loving | https://aboutwallart.com/blogs/news-articles-home-decor-inspiration/wall-arts-for-living-room-wallpaper-vs-wall-art,TO_WRITE
how much wall art needed,How Much Wall Art Do I Need?,Understanding quantity and spacing for entryway walls,CAUTION,wall art | what is wall art | art for an office wall | bohemian art wall | boho wall art | calming wall art | care for wall art | cultural wall art | custom wall art | hang wall art | kitchen wall art | local wall art | minimalist wall art | shibori wall art | the history of wall art | types of wall art | wall art budget | wall art for my space | wall art for stairs | wall art for teenagers | wall art mediums | wall art size | wall art trends | wallpaper vs wall art,https://aboutwallart.com/blogs/news-articles-home-decor-inspiration/what-type-of-wall-art-fits-my-home-style | https://aboutwallart.com/blogs/news-articles-home-decor-inspiration/what-is-wall-art-guide | https://aboutwallart.com/blogs/news-articles-home-decor-inspiration/how-could-your-art-for-an-office-wall-fuel-productivity | https://aboutwallart.com/blogs/news-articles-home-decor-inspiration/bohemian-bliss-elevate-your-space-with-bohemian-art-wall | https://aboutwallart.com/blogs/news-articles-home-decor-inspiration/boho-wall-art-trends-which-styles-are-trending-now | https://aboutwallart.com/blogs/news-articles-home-decor-inspiration/decorate-your-home-office-with-calming-wall-art | https://aboutwallart.com/blogs/news-articles-home-decor-inspiration/how-to-care-for-and-maintain-wall-art | https://aboutwallart.com/blogs/news-articles-home-decor-inspiration/how-to-incorporate-cultural-wall-art-into-your-home | https://aboutwallart.com/blogs/news-articles-home-decor-inspiration/should-i-commission-custom-wall-art | https://aboutwallart.com/blogs/news-articles-home-decor-inspiration/how-to-hang-wall-art-like-a-pro | https://aboutwallart.com/blogs/news-articles-home-decor-inspiration/kitchen-wall-art-expert-interior-design-tips-trends-2026 | https://aboutwallart.com/blogs/news-articles-home-decor-inspiration/what-are-the-benefits-of-buying-local-wall-art | https://aboutwallart.com/blogs/news-articles-home-decor-inspiration/what-is-minimalist-wall-art-simplicity-that-speaks-volumes | https://aboutwallart.com/blogs/news-articles-home-decor-inspiration/how-to-choose-the-perfect-shibori-wall-art-for-your-home | https://aboutwallart.com/blogs/news-articles-home-decor-inspiration/a-journey-through-the-history-of-wall-art | https://aboutwallart.com/blogs/news-articles-home-decor-inspiration/types-of-wall-art | https://aboutwallart.com/blogs/news-articles-home-decor-inspiration/how-much-should-i-budget-for-wall-art | https://aboutwallart.com/blogs/news-articles-home-decor-inspiration/how-much-wall-art-do-i-need-for-my-space | https://aboutwallart.com/blogs/news-articles-home-decor-inspiration/how-to-hang-wall-art-for-stairs-without-a-straight-wall | https://aboutwallart.com/blogs/news-articles-home-decor-inspiration/7-inspiring-ideas-wall-art-for-teenagers | https://aboutwallart.com/blogs/news-articles-home-decor-inspiration/what-wall-art-mediums-are-available | https://aboutwallart.com/blogs/news-articles-home-decor-inspiration/understanding-wall-art-size-guide | https://aboutwallart.com/blogs/news-articles-home-decor-inspiration/wall-art-trends-for-2026-styles-designers-are-loving | https://aboutwallart.com/blogs/news-articles-home-decor-inspiration/wall-arts-for-living-room-wallpaper-vs-wall-art,TO_WRITE
Much Wall Art Is Much for a Hallway,How Much Wall Art Is Too Much for a Hallway?,Customer is worried about over-decorating small spaces,CAUTION,wall art | what is wall art | art for an office wall | bohemian art wall | boho wall art | calming wall art | care for wall art | cultural wall art | custom wall art | hallway art ideas | hang wall art | kitchen wall art | local wall art | minimalist wall art | shibori wall art | the history of wall art | types of wall art | wall art budget | wall art for my space | wall art for stairs | wall art for teenagers | wall art mediums | wall art size | wall art trends | wallpaper vs wall art,https://aboutwallart.com/blogs/news-articles-home-decor-inspiration/what-type-of-wall-art-fits-my-home-style | https://aboutwallart.com/blogs/news-articles-home-decor-inspiration/what-is-wall-art-guide | https://aboutwallart.com/blogs/news-articles-home-decor-inspiration/how-could-your-art-for-an-office-wall-fuel-productivity | https://aboutwallart.com/blogs/news-articles-home-decor-inspiration/bohemian-bliss-elevate-your-space-with-bohemian-art-wall | https://aboutwallart.com/blogs/news-articles-home-decor-inspiration/boho-wall-art-trends-which-styles-are-trending-now | https://aboutwallart.com/blogs/news-articles-home-decor-inspiration/decorate-your-home-office-with-calming-wall-art | https://aboutwallart.com/blogs/news-articles-home-decor-inspiration/how-to-care-for-and-maintain-wall-art | https://aboutwallart.com/blogs/news-articles-home-decor-inspiration/how-to-incorporate-cultural-wall-art-into-your-home | https://aboutwallart.com/blogs/news-articles-home-decor-inspiration/should-i-commission-custom-wall-art | https://aboutwallart.com/blogs/news-articles-home-decor-inspiration/top-8-hallway-art-ideas-to-transform-your-space | https://aboutwallart.com/blogs/news-articles-home-decor-inspiration/how-to-hang-wall-art-like-a-pro | https://aboutwallart.com/blogs/news-articles-home-decor-inspiration/kitchen-wall-art-expert-interior-design-tips-trends-2026 | https://aboutwallart.com/blogs/news-articles-home-decor-inspiration/what-are-the-benefits-of-buying-local-wall-art | https://aboutwallart.com/blogs/news-articles-home-decor-inspiration/what-is-minimalist-wall-art-simplicity-that-speaks-volumes | https://aboutwallart.com/blogs/news-articles-home-decor-inspiration/how-to-choose-the-perfect-shibori-wall-art-for-your-home | https://aboutwallart.com/blogs/news-articles-home-decor-inspiration/a-journey-through-the-history-of-wall-art | https://aboutwallart.com/blogs/news-articles-home-decor-inspiration/types-of-wall-art | https://aboutwallart.com/blogs/news-articles-home-decor-inspiration/how-much-should-i-budget-for-wall-art | https://aboutwallart.com/blogs/news-articles-home-decor-inspiration/how-much-wall-art-do-i-need-for-my-space | https://aboutwallart.com/blogs/news-articles-home-decor-inspiration/how-to-hang-wall-art-for-stairs-without-a-straight-wall | https://aboutwallart.com/blogs/news-articles-home-decor-inspiration/7-inspiring-ideas-wall-art-for-teenagers | https://aboutwallart.com/blogs/news-articles-home-decor-inspiration/what-wall-art-mediums-are-available | https://aboutwallart.com/blogs/news-articles-home-decor-inspiration/understanding-wall-art-size-guide | https://aboutwallart.com/blogs/news-articles-home-decor-inspiration/wall-art-trends-for-2026-styles-designers-are-loving | https://aboutwallart.com/blogs/news-articles-home-decor-inspiration/wall-arts-for-living-room-wallpaper-vs-wall-art,IGNORED
how much wall art is too much,How Much Wall Art Is Too Much?,Customer worried their space feels cluttered or over-decorated,CAUTION,How Much Wall Art Do I Need for My Space?,https://aboutwallart.com/blogs/news-articles-home-decor-inspiration/how-much-wall-art-do-i-need-for-my-space,IGNORED,how much wall art,1
Much Wall Art Should Display,How Much Wall Art Should I Display?,Customer unsure about quantity and arrangement of office wall pieces,CAUTION,wall art | what is wall art,https://aboutwallart.com/blogs/news-articles-home-decor-inspiration/what-type-of-wall-art-fits-my-home-style | https://aboutwallart.com/blogs/news-articles-home-decor-inspiration/what-is-wall-art-guide,IGNORED
Much Wall Space Does Coastal Art Need,How Much Wall Space Does Coastal Art Need?,Deciding between large statement pieces and smaller artwork,CAUTION,wall art for my space,https://aboutwallart.com/blogs/news-articles-home-decor-inspiration/how-much-wall-art-do-i-need-for-my-space,IGNORED
gallery wall space requirements,How Much Wall Space Does Gallery Wall Need?,Determining if they have enough room,CAUTION,gallery wall,https://aboutwallart.com/blogs/news-articles-home-decor-inspiration/how-to-create-a-gallery-wall-simple-steps-to-transform-any-room,TO_WRITE
Often Should Change Dining Room Wall Art,How Often Should I Change Dining Room Wall Art?,Customer wondering about refresh frequency and trends,CAUTION,dining room wall art ideas,https://aboutwallart.com/blogs/news-articles-home-decor-inspiration/dining-room-wall-art-ideas-set-the-perfect-mood,IGNORED
Often Should Change Wall Art,How Often Should I Change My Wall Art?,Refresh cycles for bohemian wall decor,CAUTION,wall art | what is wall art,https://aboutwallart.com/blogs/news-articles-home-decor-inspiration/what-type-of-wall-art-fits-my-home-style | https://aboutwallart.com/blogs/news-articles-home-decor-inspiration/what-is-wall-art-guide,IGNORED
how often change wall decor,How Often Should I Change My Wall Decorations?,Customer wondering about refreshing their space,NO CONFLICT,,,TO_WRITE_PENDING
how often update wall art,How Often Should I Change or Update Wall Art?,Customer wants to know about freshening up spaces,NO CONFLICT,,,TO_WRITE_PENDING
Often Should Change Out Wall Art,How Often Should I Change Out Wall Art?,Understanding decoration refresh cycles,NO CONFLICT,,,IGNORED
Often Should Refresh Farmhouse Decor,How Often Should I Refresh Farmhouse Decor?,Understanding maintenance and updates,CAUTION,farmhouse decor,https://aboutwallart.com/blogs/news-articles-home-decor-inspiration/transform-your-space-with-farmhouse-decor,IGNORED
how often refresh japandi decor,How Often Should I Refresh Japandi Decor?,Maintenance and sustainability questions,NO CONFLICT,,,TO_WRITE_PENDING
Often Should You Change Office Wall Art,How Often Should You Change Office Wall Art?,Customer wondering if wall decor needs updating or refreshing,CAUTION,art for an office wall,https://aboutwallart.com/blogs/news-articles-home-decor-inspiration/how-could-your-art-for-an-office-wall-fuel-productivity,IGNORED
Should Frame Canvas Art Piece,How Should I Frame My Canvas Art Piece?,Framing options and finishing touches,CAUTION,what is canvas art | what is canvas art?,https://aboutwallart.com/blogs/news-articles-home-decor-inspiration/what-is-canvas-art | https://aboutwallart.com/blogs/news-articles-home-decor-inspiration/what-is-canvas-art-understanding-the-beauty-and-impact,IGNORED
how to hang contemporary wall art,How Should I Hang Contemporary Wall Art?,Installation and placement guidance,NO CONFLICT,,,TO_WRITE_PENDING,,1
personal style in japandi spaces,How to Add Personal Style to Japandi Spaces?,Customization within minimalist framework,CAUTION,japandi style,https://aboutwallart.com/blogs/news-articles-home-decor-inspiration/decorating-trend-japandi-style---how-to-create-a-calm-home,TO_WRITE
adding warmth to japandi spaces,How to Add Warmth to Japandi Spaces?,Making minimalist japandi feel cozy and lived-in,NO CONFLICT,,,TO_WRITE_PENDING
japandi too grey fix,How to Avoid Japandi Looking Too Gray?,Adding color and warmth to neutral palettes,NO CONFLICT,,,TO_WRITE_PENDING
avoid mismatched accent wall colours,How to Avoid Mismatched Accent Wall Colors,Customer worried about color selection mistakes,NO CONFLICT,,,TO_WRITE_PENDING
balance accent wall with decor,How to Balance an Accent Wall With Decor,Customer wanting complete room design,CAUTION,decor for nursery wall | neutral wall decor | wall decor christmas | why refresh wall decor,https://aboutwallart.com/blogs/news-articles-home-decor-inspiration/decor-for-nursery-wall-that-stimulates-without-overwhelming | https://aboutwallart.com/blogs/news-articles-home-decor-inspiration/elevate-your-space-with-neutral-wall-decor | https://aboutwallart.com/blogs/news-articles-home-decor-inspiration/transform-your-home-with-wall-decor-christmas | https://aboutwallart.com/blogs/news-articles-home-decor-inspiration/why-refresh-wall-decor-transform-your-space-with-ease,TO_WRITE
building bohemian art collection,How to Build a Bohemian Art Collection Over Time?,Starting and growing a bohemian wall art collection,NO CONFLICT,,,TO_WRITE_PENDING
mcm colour palette,How to Choose a Color Palette for MCM?,Coordinating colors with existing mid-century pieces,NO CONFLICT,,,TO_WRITE_PENDING
Choose a Japandi Style Designer,How to Choose a Japandi Style Designer?,Hiring criteria and what to look for,CAUTION,japandi style | japandi style interiors,https://aboutwallart.com/blogs/news-articles-home-decor-inspiration/decorating-trend-japandi-style---how-to-create-a-calm-home | https://aboutwallart.com/blogs/news-articles-home-decor-inspiration/how-to-decorate-japandi-style-interiors-and-what-it-is,IGNORED
canvas vs framed bathroom art,How to Choose Between Canvas and Framed Bathroom Art,Customer comparing different presentation formats for bathroom walls,NO CONFLICT,,,TO_WRITE_PENDING
japandi vs minimalism decor,How to Choose Between Japandi and Minimalism?,Comparing related design philosophies,NO CONFLICT,,,TO_WRITE_PENDING
Choose Between Landscape and Abstract Art,How to Choose Between Landscape and Abstract Art?,Customer is deciding on art subject matter,CAUTION,abstract art,https://aboutwallart.com/blogs/news-articles-home-decor-inspiration/can-a-single,IGNORED
rustic vs bohemian decor,How to Choose Between Rustic and Bohemian Decor?,Style selection and terracotta compatibility,NO CONFLICT,,,TO_WRITE_PENDING
coastal art for beach house,How to Choose Coastal Art for a Beach House?,Selection tips for vacation or permanent coastal homes,NO CONFLICT,,,TO_WRITE_PENDING,,,
office wall art colours,How to Choose Colors for Office Wall Art?,Customer wants cohesive office design but unsure about color schemes,NO CONFLICT,,,TO_WRITE_PENDING,,1
Choose Kitchen Backtile for Japandi,How to Choose Kitchen Backtile for Japandi?,Material-specific design decisions,NO CONFLICT,,,IGNORED
wall art that brings joy,How to Choose Wall Art That Brings Me Joy?,Customer wants pieces they genuinely love instead of trend-following,CAUTION,wall art | what is wall art,https://aboutwallart.com/blogs/news-articles-home-decor-inspiration/what-type-of-wall-art-fits-my-home-style | https://aboutwallart.com/blogs/news-articles-home-decor-inspiration/what-is-wall-art-guide,TO_WRITE
wall art that matches your style,How to Choose Wall Art That Matches Your Style?,Customer unsure about aesthetic cohesion,CAUTION,wall art | what is wall art,https://aboutwallart.com/blogs/news-articles-home-decor-inspiration/what-type-of-wall-art-fits-my-home-style | https://aboutwallart.com/blogs/news-articles-home-decor-inspiration/what-is-wall-art-guide,TO_WRITE
Communicate Your Coastal Vision to a Decorator,How to Communicate Your Coastal Vision to a Decorator?,Expressing preferences and expectations clearly,NO CONFLICT,,,IGNORED
coordinate coffee table with wall art,How to Coordinate Coffee Table With Wall Art,Creating visual balance across the room,CAUTION,wall art | what is wall art,https://aboutwallart.com/blogs/news-articles-home-decor-inspiration/what-type-of-wall-art-fits-my-home-style | https://aboutwallart.com/blogs/news-articles-home-decor-inspiration/what-is-wall-art-guide,TO_WRITE
bohemian gallery wall ideas,How to Create a Bohemian Gallery Wall?,Step-by-step guidance for arranging mixed bohemian wall art,NO CONFLICT,,,TO_WRITE_PENDING,,1
cohesive home colour scheme,How to Create a Cohesive Color Scheme?,Understanding how professionals select complementary colors,CAUTION,cohesive design scheme | interior color scheme,https://aboutwallart.com/blogs/news-articles-home-decor-inspiration/how-to-create-a-cohesive-design-scheme-for-your-home-a-designer-s-step-by-step-guide | https://aboutwallart.com/blogs/news-articles-home-decor-inspiration/how-to-match-prints-for-the-wall-with-your-interior-color-sc,TO_WRITE
cohesive gallery wall layout ideas,How to Create a Cohesive Gallery Wall Layout?,Arranging multiple pieces for visual harmony,DANGER,Wall Gallery Layouts Ideas That Will Transform Any Room,https://aboutwallart.com/blogs/news-articles-home-decor-inspiration/wall-gallery-layouts-ideas-that-will-transform-any-room,IGNORED,gallery wall layout,1
cohesive gallery wall look,How to Create a Cohesive Gallery Wall Look,Learning what makes art collections look intentional,CAUTION,How to Create a Focal Point Gallery Wall in Any Room,https://aboutwallart.com/blogs/news-articles-home-decor-inspiration/how-to-create-a-focal-point-gallery-wall-in-any-room,TO_WRITE_PENDING,cohesive gallery wall,1
cohesive bathroom wall decor,How to Create a Cohesive Look With Bathroom Wall Decor,Customer wants art shelves and accessories to work together,CAUTION,bathroom wall decor ideas,https://aboutwallart.com/blogs/news-articles-home-decor-inspiration/bathroom-wall-decor-ideas-for-spa-like-spaces,TO_WRITE
gallery wall narrow space,How to Create a Gallery Wall in a Narrow Space?,Customer wants to display art in a functional way,NO CONFLICT,,,TO_WRITE_PENDING,,1
Create a Maximalist Wall Art Display,How to Create a Maximalist Wall Art Display?,Customer wants lots of art but needs guidance on layout,CAUTION,wall art | what is wall art,https://aboutwallart.com/blogs/news-articles-home-decor-inspiration/what-type-of-wall-art-fits-my-home-style | https://aboutwallart.com/blogs/news-articles-home-decor-inspiration/what-is-wall-art-guide,IGNORED
home office gallery wall,How to Create an Office Gallery Wall at Home?,Customer wants to arrange multiple pieces into cohesive display,NO CONFLICT,,,TO_WRITE_PENDING,,1
Create Cohesion With Mismatched Bohemian Art,How to Create Cohesion With Mismatched Bohemian Art?,Unifying eclectic bohemian pieces visually,NO CONFLICT,,,IGNORED
Create Farmhouse Curb Appeal,How to Create Farmhouse Curb Appeal?,Exterior design and first impressions,CAUTION,curb appeal on a budget,https://aboutwallart.com/blogs/news-articles-home-decor-inspiration/how-can-i-update-my-homes-curb-appeal-on-a-budget,IGNORED
japandi split level home,How to Create Japandi on a Split-Level Home?,Adapting japandi to challenging home layouts,CAUTION,japandi home decor | japandi home décor,https://aboutwallart.com/blogs/news-articles-home-decor-inspiration/japandi-home-decor-a-calm-and-minimal-blend-of-east-meets-we | https://aboutwallart.com/blogs/news-articles-home-decor-inspiration/japandi-home-decor-a-calm-blend-of-east-meets-west,TO_WRITE
bedroom wall art like a pro,How to Curate Bedroom Wall Art Like a Professional?,Customer wants designer-quality results without hiring,CAUTION,bedroom wall art ideas | botanical wall art for bedroom | wall art decor for bedroom | wall art ideas bedroom,https://aboutwallart.com/blogs/news-articles-home-decor-inspiration/how-bedroom-wall-art-ideas-can-impact-your-quality-of-rest | https://aboutwallart.com/blogs/news-articles-home-decor-inspiration/blossoming-trends-botanical-wall-art-for-bedroom | https://aboutwallart.com/blogs/news-articles-home-decor-inspiration/tips-for-using-wall-art-decor-for-bedroom-to-elevate-your-space | https://aboutwallart.com/blogs/news-articles-home-decor-inspiration/best-wall-art-ideas-bedroom-for-small-spaces-and-apartments,TO_WRITE
decorate empty walls bohemian,How to Decorate Empty Walls Bohemian Style?,Filling bare walls with cohesive bohemian art,NO CONFLICT,,,TO_WRITE_PENDING
farmhouse bathroom design,How to Design a Farmhouse Bathroom?,Creating functional farmhouse bathrooms,CAUTION,bathroom design ideas | black and white bathroom design,https://aboutwallart.com/blogs/news-articles-home-decor-inspiration/from-drab-to-fab-black-and-white-bathroom-design-ideas-for-a | https://aboutwallart.com/blogs/news-articles-home-decor-inspiration/from-drab-to-fab-black-and-white-bathroom-design-ideas,TO_WRITE
accent wall with shelves,How to Design an Accent Wall With Shelves,Customer wanting functional design with color,NO CONFLICT,,,TO_WRITE_PENDING
one colour palette different rooms,How to Design Different Rooms With One Color Palette?,Customer wants cohesive monochromatic home with variety,NO CONFLICT,,,TO_WRITE_PENDING
outdoor farmhouse decor ideas,How to Design Outdoor Farmhouse Spaces?,Extending farmhouse style to patios/yards,NO CONFLICT,,,TO_WRITE_PENDING
hang heavy framed art without damage,How to Display Heavy Framed Art Without Damage?,Customer worried about installation and wall safety,NO CONFLICT,,,TO_WRITE_PENDING
affordable bathroom wall art,How to Find Affordable Bathroom Wall Art That Feels Curated,Customer wants unique personal art without premium prices,CAUTION,small bathroom wall art | wall art ideas for bathroom,https://aboutwallart.com/blogs/news-articles-home-decor-inspiration/create-beautiful-small-bathroom-wall-art-in-5-simple-steps | https://aboutwallart.com/blogs/news-articles-home-decor-inspiration/how-to-design-with-wall-art-ideas-for-bathroom,TO_WRITE
Find Affordable Coastal Wall Art,How to Find Affordable Coastal Wall Art?,Budget-friendly options without sacrificing quality,CAUTION,wall art | what is wall art,https://aboutwallart.com/blogs/news-articles-home-decor-inspiration/what-type-of-wall-art-fits-my-home-style | https://aboutwallart.com/blogs/news-articles-home-decor-inspiration/what-is-wall-art-guide,IGNORED
Find an Honest Japandi Designer,How to Find an Honest Japandi Designer?,Vetting professionals before hiring,CAUTION,find interior designer,https://aboutwallart.com/blogs/news-articles-home-decor-inspiration/how-can-i-find-the-right-interior-designer-for-my-home,IGNORED
Find Authentic Coastal Art (Not Mass-Produced),How to Find Authentic Coastal Art (Not Mass-Produced)?,Distinguishing between original artists and commercial retailers,NO CONFLICT,,,IGNORED
Find Someone to Arrange Wall Art,How to Find Someone to Arrange Wall Art?,Where to look for professional art hanging help,CAUTION,wall art | what is wall art,https://aboutwallart.com/blogs/news-articles-home-decor-inspiration/what-type-of-wall-art-fits-my-home-style | https://aboutwallart.com/blogs/news-articles-home-decor-inspiration/what-is-wall-art-guide,IGNORED
unique wall art for office,How to Find Unique Wall Art for Your Office?,Customer wants original distinctive decor vs. mass-produced art,NO CONFLICT,,,TO_WRITE_PENDING,,1
Fix Bad Wall Art in Hallway,How to Fix Bad Wall Art in My Hallway?,Customer is unhappy with current art and wants solutions,CAUTION,wall art | what is wall art,https://aboutwallart.com/blogs/news-articles-home-decor-inspiration/what-type-of-wall-art-fits-my-home-style | https://aboutwallart.com/blogs/news-articles-home-decor-inspiration/what-is-wall-art-guide,IGNORED
Frame Coastal Wall Art Properly,How to Frame Coastal Wall Art Properly?,Tips for displaying and protecting their artwork,CAUTION,size of a frame for wall art | wall art | what is wall art,https://aboutwallart.com/blogs/news-articles-home-decor-inspiration/mistakes-when-estimating-the-size-of-a-frame-for-wall-art | https://aboutwallart.com/blogs/news-articles-home-decor-inspiration/what-type-of-wall-art-fits-my-home-style | https://aboutwallart.com/blogs/news-articles-home-decor-inspiration/what-is-wall-art-guide,IGNORED
Frame Nursery Wall Art Properly,How to Frame Nursery Wall Art Properly?,Framing options and presentation,CAUTION,size of a frame for wall art | wall art for nursery ideas | wall art | what is wall art,https://aboutwallart.com/blogs/news-articles-home-decor-inspiration/mistakes-when-estimating-the-size-of-a-frame-for-wall-art | https://aboutwallart.com/blogs/news-articles-home-decor-inspiration/wall-art-for-nursery-ideas | https://aboutwallart.com/blogs/news-articles-home-decor-inspiration/what-type-of-wall-art-fits-my-home-style | https://aboutwallart.com/blogs/news-articles-home-decor-inspiration/what-is-wall-art-guide,IGNORED
Get Abstract Art Shipped Safely,How to Get Abstract Art Shipped Safely?,Packaging and delivery concerns for paintings,CAUTION,abstract art,https://aboutwallart.com/blogs/news-articles-home-decor-inspiration/can-a-single,IGNORED
farmhouse home inspiration,How to Get Inspiration for Your Farmhouse Home?,Finding ideas before hiring help,CAUTION,inspiration for home decor | inspiration for home décor,https://aboutwallart.com/blogs/news-articles-home-decor-inspiration/8-fresh-ideas-for-inspiration-for-home-decor | https://aboutwallart.com/blogs/news-articles-home-decor-inspiration/inspiration-for-home-decor-8-fresh-ideas,TO_WRITE
gallery wall without damaging paint,How to Hang a Gallery Wall Without Damaging Paint,Creating displays on sensitive surfaces,NO CONFLICT,,,TO_WRITE_PENDING
gallery wall without damaging walls,How to Hang Gallery Walls Without Damaging Walls?,Learning safe installation methods,NO CONFLICT,,,TO_WRITE_PENDING
hang wall art so it doesn't fall,How to Hang Wall Art So It Doesn't Fall Down,Installation tips for heavy pieces,CAUTION,hang wall art,https://aboutwallart.com/blogs/news-articles-home-decor-inspiration/how-to-hang-wall-art-like-a-pro,TO_WRITE
japandi style lived-in look,How to Keep Japandi Spaces Looking Lived-In?,Balancing minimalism with comfort and functionality,NO CONFLICT,,,TO_WRITE_PENDING
japandi warm not cold,How to Keep Japandi Warm Not Cold?,Avoiding sterile clinical minimalism feel,NO CONFLICT,,,TO_WRITE_PENDING
scandinavian design not bland,How to Keep Scandinavian Design From Looking Bland?,Adding personality to minimalist style,NO CONFLICT,,,TO_WRITE_PENDING
is coastal decor right for me,How to Know If Coastal Decor Fits Your Style?,Determining if this aesthetic matches personal preferences,NO CONFLICT,,,TO_WRITE_PENDING,,,
is farmhouse style right for me,How to Know if Farmhouse Style Is Right for You?,Determining if farmhouse fits their aesthetic and lifestyle,NO CONFLICT,,,TO_WRITE_PENDING
how much to budget for wall art,How to Know If Wall Art Fits My Budget?,Customer understanding price ranges for different quality levels,DANGER,How Much Should I Budget for Wall Art?,https://aboutwallart.com/blogs/news-articles-home-decor-inspiration/how-much-should-i-budget-for-wall-art,IGNORED,budget for wall art,1
wall prep before hanging art,Wall Prep Tips Before Hanging Statement Art,,CAUTION,7 Essential Tips for Wall Art Hanging Systems,https://aboutwallart.com/blogs/news-articles-home-decor-inspiration/7-essential-tips-for-wall-art-hanging-systems,TO_WRITE
repair wall imperfections before art,Repair Wall Imperfections for Better Displays,,NO CONFLICT,,,TO_WRITE
paint finish to make art stand out,Paint Finishes That Make Artwork Stand Out,,CAUTION,How to Match Wall Art to Your Paint Colours,https://aboutwallart.com/blogs/news-articles-home-decor-inspiration/how-to-match-wall-art-to-your-paint-colors,TO_WRITE
