Keyword,Page URL,LOCKED,Status,Action,Clicks,Position,Match Score,AI Score,Source
wall art decor,https://aboutwallart.com/,LOCKED,DONE,TO_OPTIMIZE,N/A,N/A,N/A,N/A,Pre-Optimized Page
unique wall art,https://aboutwallart.com/pages/unique-wall-art,LOCKED,DONE,TO_OPTIMIZE,N/A,N/A,N/A,N/A,Pre-Optimized Page
home decor unique,https://aboutwallart.com/pages/home-decor-items,LOCKED,DONE,TO_OPTIMIZE,N/A,N/A,N/A,N/A,Pre-Optimized Page
modern wall art,https://aboutwallart.com/pages/modern-art-wall-decoration-shop-by-room,LOCKED,DONE,TO_OPTIMIZE,N/A,N/A,N/A,N/A,Pre-Optimized Page
framed wall art,https://aboutwallart.com/pages/wall-hanging-pictures-shop-by-style,LOCKED,DONE,TO_OPTIMIZE,N/A,N/A,N/A,N/A,Pre-Optimized Page
wall art by colour,https://aboutwallart.com/pages/gallery-wall-art-shop-by-colour-scheme,LOCKED,DONE,TO_OPTIMIZE,N/A,N/A,N/A,N/A,Pre-Optimized Page
celebration gifts,https://aboutwallart.com/pages/celebration-gifts-shop-by-occasion,LOCKED,DONE,TO_OPTIMIZE,N/A,N/A,N/A,N/A,Pre-Optimized Page
botanical themed bedroom,https://aboutwallart.com/blogs/news-articles-home-decor-inspiration/master-botanical-themed-bedroom-like-a-professional-designer,LOCKED,DONE,TO_OPTIMIZE,N/A,N/A,N/A,N/A,Published Blog
boho wall art,https://aboutwallart.com/blogs/news-articles-home-decor-inspiration/boho-wall-art-trends-which-styles-are-trending-now,LOCKED,DONE,TO_OPTIMIZE,N/A,N/A,N/A,N/A,Published Blog
boho art design,https://aboutwallart.com/blogs/news-articles-home-decor-inspiration/boho-art-design-how-to-master-bohemian-wall-decor,LOCKED,DONE,TO_OPTIMIZE,N/A,N/A,N/A,N/A,Published Blog
about wall art,https://aboutwallart.com/blogs/news-articles-home-decor-inspiration/what-is-the-3-5-7-rule-in-decorating,,PENDING,KEEP,1489,2.8,100%,97.2,AI Suggestion
about wall art,https://aboutwallart.com/blogs/news-articles-home-decor-inspiration/do-beige-and-grey-go-together-heres-how-to-make-it-work,,PENDING,REPURPOSE,1362,4.3,100%,95.7,AI Suggestion
about wall art,https://aboutwallart.com/blogs/news-articles-home-decor-inspiration/what-colour-goes-with-grey-walls-essential-tips,,PENDING,REPURPOSE,728,5.0,100%,95.0,AI Suggestion
about wall art,https://aboutwallart.com/blogs/news-articles-home-decor-inspiration/stylish-behind-toilet-decor-5-ideas-to-transform-your-small-bathroom,,PENDING,REPURPOSE,242,5.3,100%,94.7,AI Suggestion
about wall art,https://aboutwallart.com/blogs/news-articles-home-decor-inspiration/choosing-the-right-art-for-grey-walls,,PENDING,REPURPOSE,213,5.7,100%,94.3,AI Suggestion
about wall art,https://aboutwallart.com/blogs/news-articles-home-decor-inspiration/moisture-resistant-restroom-wall-art-what-actually-works,,PENDING,PENDING,538,5.8,100%,94.2,AI Suggestion
about wall art,https://aboutwallart.com/blogs/news-articles-home-decor-inspiration/how-bedroom-wall-art-ideas-can-impact-your-quality-of-rest,,PENDING,PENDING,107,6.1,100%,93.9,AI Suggestion
about wall art,https://aboutwallart.com/blogs/news-articles-home-decor-inspiration/old-money-style-interiors-classic-design-trends,,PENDING,PENDING,299,6.4,100%,93.6,AI Suggestion
about wall art,https://aboutwallart.com/blogs/news-articles-home-decor-inspiration/wall-art-for-high-ceilings-7-creative-ideas,,PENDING,PENDING,288,6.4,100%,93.6,AI Suggestion
about wall art,https://aboutwallart.com/blogs/news-articles-home-decor-inspiration/cherry-blossom-art-japan-understanding-the-deep-symbolism,,PENDING,PENDING,114,6.4,100%,93.6,AI Suggestion
living room pictures,https://aboutwallart.com/collections/framed-wall-pictures-for-living-room,,PENDING,KEEP,198,7.8,100%,92.2,AI Suggestion
living room pictures,https://aboutwallart.com/products/large-living-room-pictures-set-of-3-wall-art-prints,,PENDING,REPURPOSE,47,6.6,100%,77.5,AI Suggestion
living room pictures,https://aboutwallart.com/blogs/news-articles-home-decor-inspiration/wall-art-pictures-for-living-room-grounded-neutral-colours,,PENDING,LINK,17,7.5,100%,67.6,AI Suggestion
living room pictures,https://aboutwallart.com/blogs/news-articles-home-decor-inspiration/how-i-used-canvas-pictures-for-living-rooms,,PENDING,REPURPOSE,20,9.0,100%,67.0,AI Suggestion
living room pictures,https://aboutwallart.com/products/large-living-room-pictures-set-of-3-wall-art-prints?variant=55849278964092,,PENDING,LINK,1,4.5,100%,65.8,AI Suggestion
living room pictures,https://aboutwallart.com/products/big-pictures-for-living-room-set-of-2-wall-art,,PENDING,PENDING,7,6.4,100%,65.7,AI Suggestion
living room pictures,https://aboutwallart.com/products/large-living-room-pictures-set-of-3-wall-art-prints?variant=49245258973470,,PENDING,PENDING,1,4.9,100%,65.4,AI Suggestion
living room pictures,https://aboutwallart.com/blogs/news-articles-home-decor-inspiration/hanging-framed-pictures-in-living-room-a-design-guide,,PENDING,PENDING,4,6.1,100%,65.1,AI Suggestion
living room pictures,https://aboutwallart.com/products/london-wall-pictures-for-living-room-ideas-set-of-3-wall-art-prints,,PENDING,PENDING,8,7.6,100%,64.8,AI Suggestion
living room pictures,https://aboutwallart.com/products/large-living-room-pictures-set-of-3-wall-art-prints?variant=55161248579964&country=GB&currency=GBP,,PENDING,PENDING,1,6.5,100%,63.8,AI Suggestion
bathroom art ideas,https://aboutwallart.com/blogs/news-articles-home-decor-inspiration/stylish-behind-toilet-decor-5-ideas-to-transform-your-small-bathroom,,PENDING,KEEP,242,5.3,100%,94.7,AI Suggestion
bathroom art ideas,https://aboutwallart.com/blogs/news-articles-home-decor-inspiration/decorating-above-toilet-stylish-ideas-to-elevate-your-bathroom,,PENDING,REPURPOSE,139,6.5,100%,93.5,AI Suggestion
bathroom art ideas,https://aboutwallart.com/blogs/news-articles-home-decor-inspiration/bathroom-art-ideas-to-transform-your-bathroom-into-an-oasis,,PENDING,REPURPOSE,225,8.4,100%,91.6,AI Suggestion
bathroom art ideas,https://aboutwallart.com/blogs/news-articles-home-decor-inspiration/how-bedroom-wall-art-ideas-can-impact-your-quality-of-rest,,PENDING,LINK,107,6.1,67%,77.2,AI Suggestion
bathroom art ideas,https://aboutwallart.com/blogs/news-articles-home-decor-inspiration/wall-art-for-high-ceilings-7-creative-ideas,,PENDING,LINK,288,6.4,67%,76.9,AI Suggestion
bathroom art ideas,https://aboutwallart.com/blogs/news-articles-home-decor-inspiration/masculine-home-decor-stylish-ideas-to-elevate-any-modern-space,,PENDING,PENDING,145,7.2,67%,76.2,AI Suggestion
bathroom art ideas,https://aboutwallart.com/blogs/news-articles-home-decor-inspiration/art-for-offices-inspiring-ideas-for-every-workspace,,PENDING,PENDING,101,7.8,67%,75.5,AI Suggestion
bathroom art ideas,https://aboutwallart.com/blogs/news-articles-home-decor-inspiration/bathroom-wall-decor-ideas-for-spa-like-spaces,,PENDING,PENDING,26,8.1,100%,69.7,AI Suggestion
bathroom art ideas,https://aboutwallart.com/products/modern-bathroom-wall-decor-ideas-set-of-3-wall-art-prints?pr_prod_strat=e5_desc&pr_rec_id=0793c8f3f&pr_rec_pid=8517977899294&pr_ref_pid=8807650459934&pr_seq=uniform,,PENDING,PENDING,1,1.2,100%,69.1,AI Suggestion
bathroom art ideas,https://aboutwallart.com/products/modern-bathroom-wall-decor-ideas-set-of-3-wall-art-prints,,PENDING,PENDING,13,6.1,100%,67.8,AI Suggestion
write for us home decor,https://aboutwallart.com/blogs/news-articles-home-decor-inspiration/stylish-behind-toilet-decor-5-ideas-to-transform-your-small-bathroom,,PENDING,KEEP,242,5.3,75%,82.2,AI Suggestion
write for us home decor,https://aboutwallart.com/blogs/news-articles-home-decor-inspiration/choosing-the-right-art-for-grey-walls,,PENDING,LINK,213,5.7,75%,81.8,AI Suggestion
write for us home decor,https://aboutwallart.com/blogs/news-articles-home-decor-inspiration/wall-art-for-high-ceilings-7-creative-ideas,,PENDING,LINK,288,6.4,75%,81.1,AI Suggestion
write for us home decor,https://aboutwallart.com/blogs/news-articles-home-decor-inspiration/the-case-for-empty-spaces-when-less-truly-is-more,,PENDING,LINK,102,6.5,75%,81.0,AI Suggestion
write for us home decor,https://aboutwallart.com/blogs/news-articles-home-decor-inspiration/art-for-offices-inspiring-ideas-for-every-workspace,,PENDING,LINK,101,7.8,75%,79.7,AI Suggestion
write for us home decor,https://aboutwallart.com/blogs/news-articles-home-decor-inspiration/bathroom-art-ideas-to-transform-your-bathroom-into-an-oasis,,PENDING,PENDING,225,8.4,75%,79.1,AI Suggestion
write for us home decor,https://aboutwallart.com/blogs/news-articles-home-decor-inspiration/determining-what-frame-size-do-i-need-for-my-space,,PENDING,PENDING,200,9.1,75%,78.4,AI Suggestion
write for us home decor,https://aboutwallart.com/blogs/news-articles-home-decor-inspiration/how-to-hang-wall-art-for-stairs-without-a-straight-wall,,PENDING,PENDING,84,6.8,75%,76.0,AI Suggestion
write for us home decor,https://aboutwallart.com/blogs/news-articles-home-decor-inspiration/decor-for-nursery-wall-that-stimulates-without-overwhelming,,PENDING,PENDING,76,7.8,75%,72.5,AI Suggestion
write for us home decor,https://aboutwallart.com/blogs/news-articles-home-decor-inspiration/what-is-the-3-5-7-rule-in-decorating,,PENDING,PENDING,1489,2.8,50%,72.2,AI Suggestion
pictures for living room,https://aboutwallart.com/collections/framed-wall-pictures-for-living-room,,PENDING,KEEP,198,7.8,100%,92.2,AI Suggestion
pictures for living room,https://aboutwallart.com/blogs/news-articles-home-decor-inspiration/stylish-behind-toilet-decor-5-ideas-to-transform-your-small-bathroom,,PENDING,LINK,242,5.3,50%,69.7,AI Suggestion
pictures for living room,https://aboutwallart.com/blogs/news-articles-home-decor-inspiration/wall-art-pictures-for-living-room-grounded-neutral-colours,,PENDING,LINK,17,7.5,100%,67.6,AI Suggestion
pictures for living room,https://aboutwallart.com/products/floral-large-wall-prints-for-a-living-room-set-of-3-wall-art-prints,,PENDING,LINK,64,9.1,75%,67.6,AI Suggestion
pictures for living room,https://aboutwallart.com/blogs/news-articles-home-decor-inspiration/how-i-used-canvas-pictures-for-living-rooms,,PENDING,REPURPOSE,20,9.0,100%,67.0,AI Suggestion
pictures for living room,https://aboutwallart.com/blogs/news-articles-home-decor-inspiration/bathroom-art-ideas-to-transform-your-bathroom-into-an-oasis,,PENDING,PENDING,225,8.4,50%,66.6,AI Suggestion
pictures for living room,https://aboutwallart.com/products/big-pictures-for-living-room-set-of-2-wall-art,,PENDING,PENDING,7,6.4,100%,65.7,AI Suggestion
pictures for living room,https://aboutwallart.com/products/large-living-room-pictures-set-of-3-wall-art-prints,,PENDING,PENDING,47,6.6,75%,65.0,AI Suggestion
pictures for living room,https://aboutwallart.com/products/london-wall-pictures-for-living-room-ideas-set-of-3-wall-art-prints,,PENDING,PENDING,8,7.6,100%,64.8,AI Suggestion
pictures for living room,https://aboutwallart.com/products/large-pictures-for-living-room-set-of-3-wall-art-prints,,PENDING,PENDING,1,8.2,100%,62.1,AI Suggestion
wall pictures for living room,https://aboutwallart.com/collections/framed-wall-pictures-for-living-room,,PENDING,KEEP,198,7.8,100%,92.2,AI Suggestion
wall pictures for living room,https://aboutwallart.com/blogs/news-articles-home-decor-inspiration/stylish-behind-toilet-decor-5-ideas-to-transform-your-small-bathroom,,PENDING,LINK,242,5.3,60%,74.7,AI Suggestion
wall pictures for living room,https://aboutwallart.com/blogs/news-articles-home-decor-inspiration/bathroom-art-ideas-to-transform-your-bathroom-into-an-oasis,,PENDING,LINK,225,8.4,60%,71.6,AI Suggestion
wall pictures for living room,https://aboutwallart.com/products/floral-large-wall-prints-for-a-living-room-set-of-3-wall-art-prints,,PENDING,REPURPOSE,64,9.1,80%,70.1,AI Suggestion
wall pictures for living room,https://aboutwallart.com/blogs/news-articles-home-decor-inspiration/wall-art-pictures-for-living-room-grounded-neutral-colours,,PENDING,LINK,17,7.5,100%,67.6,AI Suggestion
wall pictures for living room,https://aboutwallart.com/products/large-living-room-pictures-set-of-3-wall-art-prints,,PENDING,PENDING,47,6.6,80%,67.5,AI Suggestion
wall pictures for living room,https://aboutwallart.com/blogs/news-articles-home-decor-inspiration/how-i-used-canvas-pictures-for-living-rooms,,PENDING,PENDING,20,9.0,100%,67.0,AI Suggestion
wall pictures for living room,https://aboutwallart.com/products/big-pictures-for-living-room-set-of-2-wall-art,,PENDING,PENDING,7,6.4,100%,65.7,AI Suggestion
wall pictures for living room,https://aboutwallart.com/products/london-wall-pictures-for-living-room-ideas-set-of-3-wall-art-prints,,PENDING,PENDING,8,7.6,100%,64.8,AI Suggestion
wall pictures for living room,https://aboutwallart.com/blogs/news-articles-home-decor-inspiration/canvas-paintings-for-living-room,,PENDING,PENDING,43,9.4,80%,63.5,AI Suggestion
aboutwallart,https://aboutwallart.com/blogs/news-articles-home-decor-inspiration/what-is-the-3-5-7-rule-in-decorating,,PENDING,KEEP,1489,2.8,100%,97.2,AI Suggestion
aboutwallart,https://aboutwallart.com/blogs/news-articles-home-decor-inspiration/do-beige-and-grey-go-together-heres-how-to-make-it-work,,PENDING,REPURPOSE,1362,4.3,100%,95.7,AI Suggestion
aboutwallart,https://aboutwallart.com/blogs/news-articles-home-decor-inspiration/what-colour-goes-with-grey-walls-essential-tips,,PENDING,REPURPOSE,728,5.0,100%,95.0,AI Suggestion
aboutwallart,https://aboutwallart.com/blogs/news-articles-home-decor-inspiration/stylish-behind-toilet-decor-5-ideas-to-transform-your-small-bathroom,,PENDING,REPURPOSE,242,5.3,100%,94.7,AI Suggestion
aboutwallart,https://aboutwallart.com/blogs/news-articles-home-decor-inspiration/choosing-the-right-art-for-grey-walls,,PENDING,REPURPOSE,213,5.7,100%,94.3,AI Suggestion
aboutwallart,https://aboutwallart.com/blogs/news-articles-home-decor-inspiration/moisture-resistant-restroom-wall-art-what-actually-works,,PENDING,PENDING,538,5.8,100%,94.2,AI Suggestion
aboutwallart,https://aboutwallart.com/blogs/news-articles-home-decor-inspiration/how-bedroom-wall-art-ideas-can-impact-your-quality-of-rest,,PENDING,PENDING,107,6.1,100%,93.9,AI Suggestion
aboutwallart,https://aboutwallart.com/blogs/news-articles-home-decor-inspiration/old-money-style-interiors-classic-design-trends,,PENDING,PENDING,299,6.4,100%,93.6,AI Suggestion
aboutwallart,https://aboutwallart.com/blogs/news-articles-home-decor-inspiration/wall-art-for-high-ceilings-7-creative-ideas,,PENDING,PENDING,288,6.4,100%,93.6,AI Suggestion
aboutwallart,https://aboutwallart.com/blogs/news-articles-home-decor-inspiration/cherry-blossom-art-japan-understanding-the-deep-symbolism,,PENDING,PENDING,114,6.4,100%,93.6,AI Suggestion
islamic wall art,https://aboutwallart.com/collections/wall-islamic-art,,PENDING,KEEP,102,11.4,100%,88.6,AI Suggestion
islamic wall art,https://aboutwallart.com/blogs/news-articles-home-decor-inspiration/what-is-the-3-5-7-rule-in-decorating,,PENDING,LINK,1489,2.8,67%,80.5,AI Suggestion
islamic wall art,https://aboutwallart.com/blogs/news-articles-home-decor-inspiration/do-beige-and-grey-go-together-heres-how-to-make-it-work,,PENDING,LINK,1362,4.3,67%,79.1,AI Suggestion
islamic wall art,https://aboutwallart.com/blogs/news-articles-home-decor-inspiration/what-colour-goes-with-grey-walls-essential-tips,,PENDING,LINK,728,5.0,67%,78.3,AI Suggestion
islamic wall art,https://aboutwallart.com/blogs/news-articles-home-decor-inspiration/stylish-behind-toilet-decor-5-ideas-to-transform-your-small-bathroom,,PENDING,LINK,242,5.3,67%,78.0,AI Suggestion
islamic wall art,https://aboutwallart.com/blogs/news-articles-home-decor-inspiration/choosing-the-right-art-for-grey-walls,,PENDING,PENDING,213,5.7,67%,77.6,AI Suggestion
islamic wall art,https://aboutwallart.com/blogs/news-articles-home-decor-inspiration/moisture-resistant-restroom-wall-art-what-actually-works,,PENDING,PENDING,538,5.8,67%,77.5,AI Suggestion
islamic wall art,https://aboutwallart.com/blogs/news-articles-home-decor-inspiration/how-bedroom-wall-art-ideas-can-impact-your-quality-of-rest,,PENDING,PENDING,107,6.1,67%,77.2,AI Suggestion
islamic wall art,https://aboutwallart.com/blogs/news-articles-home-decor-inspiration/old-money-style-interiors-classic-design-trends,,PENDING,PENDING,299,6.4,67%,77.0,AI Suggestion
islamic wall art,https://aboutwallart.com/blogs/news-articles-home-decor-inspiration/wall-art-for-high-ceilings-7-creative-ideas,,PENDING,PENDING,288,6.4,67%,76.9,AI Suggestion
quirky kitchen wall art,https://aboutwallart.com/blogs/news-articles-home-decor-inspiration/quirky-kitchen-wall-art-ideas-for-fun-lived-in-spaces,,PENDING,KEEP,51,9.3,100%,76.0,AI Suggestion
quirky kitchen wall art,https://aboutwallart.com/blogs/news-articles-home-decor-inspiration/what-is-the-3-5-7-rule-in-decorating,,PENDING,LINK,1489,2.8,50%,72.2,AI Suggestion
quirky kitchen wall art,https://aboutwallart.com/blogs/news-articles-home-decor-inspiration/do-beige-and-grey-go-together-heres-how-to-make-it-work,,PENDING,LINK,1362,4.3,50%,70.7,AI Suggestion
quirky kitchen wall art,https://aboutwallart.com/blogs/news-articles-home-decor-inspiration/what-colour-goes-with-grey-walls-essential-tips,,PENDING,LINK,728,5.0,50%,70.0,AI Suggestion
quirky kitchen wall art,https://aboutwallart.com/blogs/news-articles-home-decor-inspiration/stylish-behind-toilet-decor-5-ideas-to-transform-your-small-bathroom,,PENDING,LINK,242,5.3,50%,69.7,AI Suggestion
quirky kitchen wall art,https://aboutwallart.com/blogs/news-articles-home-decor-inspiration/choosing-the-right-art-for-grey-walls,,PENDING,PENDING,213,5.7,50%,69.3,AI Suggestion
quirky kitchen wall art,https://aboutwallart.com/blogs/news-articles-home-decor-inspiration/moisture-resistant-restroom-wall-art-what-actually-works,,PENDING,PENDING,538,5.8,50%,69.2,AI Suggestion
quirky kitchen wall art,https://aboutwallart.com/blogs/news-articles-home-decor-inspiration/how-bedroom-wall-art-ideas-can-impact-your-quality-of-rest,,PENDING,PENDING,107,6.1,50%,68.9,AI Suggestion
quirky kitchen wall art,https://aboutwallart.com/blogs/news-articles-home-decor-inspiration/old-money-style-interiors-classic-design-trends,,PENDING,PENDING,299,6.4,50%,68.6,AI Suggestion
quirky kitchen wall art,https://aboutwallart.com/blogs/news-articles-home-decor-inspiration/wall-art-for-high-ceilings-7-creative-ideas,,PENDING,PENDING,288,6.4,50%,68.6,AI Suggestion
types of wall art,https://aboutwallart.com/blogs/news-articles-home-decor-inspiration/types-of-wall-art,,PENDING,KEEP,209,6.6,100%,93.4,AI Suggestion
types of wall art,https://aboutwallart.com/blogs/news-articles-home-decor-inspiration/how-to-mix-and-blend-different-art-style-types,,PENDING,REPURPOSE,107,7.7,100%,92.3,AI Suggestion
types of wall art,https://aboutwallart.com/blogs/news-articles-home-decor-inspiration/what-is-the-3-5-7-rule-in-decorating,,PENDING,LINK,1489,2.8,67%,80.5,AI Suggestion
types of wall art,https://aboutwallart.com/blogs/news-articles-home-decor-inspiration/do-beige-and-grey-go-together-heres-how-to-make-it-work,,PENDING,LINK,1362,4.3,67%,79.1,AI Suggestion
types of wall art,https://aboutwallart.com/blogs/news-articles-home-decor-inspiration/what-colour-goes-with-grey-walls-essential-tips,,PENDING,LINK,728,5.0,67%,78.3,AI Suggestion
types of wall art,https://aboutwallart.com/blogs/news-articles-home-decor-inspiration/stylish-behind-toilet-decor-5-ideas-to-transform-your-small-bathroom,,PENDING,PENDING,242,5.3,67%,78.0,AI Suggestion
types of wall art,https://aboutwallart.com/blogs/news-articles-home-decor-inspiration/choosing-the-right-art-for-grey-walls,,PENDING,PENDING,213,5.7,67%,77.6,AI Suggestion
types of wall art,https://aboutwallart.com/blogs/news-articles-home-decor-inspiration/moisture-resistant-restroom-wall-art-what-actually-works,,PENDING,PENDING,538,5.8,67%,77.5,AI Suggestion
types of wall art,https://aboutwallart.com/blogs/news-articles-home-decor-inspiration/how-bedroom-wall-art-ideas-can-impact-your-quality-of-rest,,PENDING,PENDING,107,6.1,67%,77.2,AI Suggestion
types of wall art,https://aboutwallart.com/blogs/news-articles-home-decor-inspiration/old-money-style-interiors-classic-design-trends,,PENDING,PENDING,299,6.4,67%,77.0,AI Suggestion
interior design,https://aboutwallart.com/blogs/news-articles-home-decor-inspiration/old-money-style-interiors-classic-design-trends,,PENDING,KEEP,299,6.4,100%,93.6,AI Suggestion
interior design,https://aboutwallart.com/blogs/news-articles-home-decor-inspiration/understanding-art-in-interior-design,,PENDING,REPURPOSE,34,10.0,100%,70.2,AI Suggestion
interior design,https://aboutwallart.com/blogs/news-articles-home-decor-inspiration/kitchen-wall-art-expert-interior-design-tips-trends-2026,,PENDING,LINK,15,5.9,100%,68.6,AI Suggestion
interior design,https://aboutwallart.com/blogs/news-articles-home-decor-inspiration/my-guide-to-the-top-interior-decorating-trends-2026,,PENDING,LINK,101,7.7,50%,67.3,AI Suggestion
interior design,https://aboutwallart.com/products/japandi-interior-design-set-of-3-wall-art-prints,,PENDING,LINK,7,6.5,100%,65.6,AI Suggestion
interior design,https://aboutwallart.com/collections/biophilic-interior-design?page=3,,PENDING,PENDING,3,5.9,100%,65.0,AI Suggestion
interior design,https://aboutwallart.com/products/japandi-interior-design-set-of-3-wall-art-prints?variant=55161848725884,,PENDING,PENDING,1,5.6,100%,64.7,AI Suggestion
interior design,https://aboutwallart.com/blogs/news-articles-home-decor-inspiration/apartment-interior-renovation-checklist-planning-design-trends-cost-factors,,PENDING,PENDING,3,6.6,100%,64.3,AI Suggestion
interior design,https://aboutwallart.com/blogs/news-articles-home-decor-inspiration/a-guide-to-a-different-type-of-interior-design-for-a-calming-home,,PENDING,PENDING,3,6.7,100%,64.2,AI Suggestion
interior design,https://aboutwallart.com/blogs/news-articles-home-decor-inspiration/interior-design-ideas-for-bedrooms-creating-your-sanctuary,,PENDING,PENDING,5,7.9,100%,63.6,AI Suggestion
waterproof art for bathroom,https://aboutwallart.com/blogs/news-articles-home-decor-inspiration/stylish-behind-toilet-decor-5-ideas-to-transform-your-small-bathroom,,PENDING,KEEP,242,5.3,75%,82.2,AI Suggestion
waterproof art for bathroom,https://aboutwallart.com/blogs/news-articles-home-decor-inspiration/bathroom-art-ideas-to-transform-your-bathroom-into-an-oasis,,PENDING,LINK,225,8.4,75%,79.1,AI Suggestion
waterproof art for bathroom,https://aboutwallart.com/blogs/news-articles-home-decor-inspiration/choosing-the-right-art-for-grey-walls,,PENDING,LINK,213,5.7,50%,69.3,AI Suggestion
waterproof art for bathroom,https://aboutwallart.com/blogs/news-articles-home-decor-inspiration/wall-art-for-high-ceilings-7-creative-ideas,,PENDING,LINK,288,6.4,50%,68.6,AI Suggestion
waterproof art for bathroom,https://aboutwallart.com/blogs/news-articles-home-decor-inspiration/the-case-for-empty-spaces-when-less-truly-is-more,,PENDING,LINK,102,6.5,50%,68.5,AI Suggestion
waterproof art for bathroom,https://aboutwallart.com/blogs/news-articles-home-decor-inspiration/decorating-above-toilet-stylish-ideas-to-elevate-your-bathroom,,PENDING,PENDING,139,6.5,50%,68.5,AI Suggestion
waterproof art for bathroom,https://aboutwallart.com/blogs/news-articles-home-decor-inspiration/art-for-offices-inspiring-ideas-for-every-workspace,,PENDING,PENDING,101,7.8,50%,67.2,AI Suggestion
waterproof art for bathroom,https://aboutwallart.com/collections/framed-wall-pictures-for-living-room,,PENDING,PENDING,198,7.8,50%,67.2,AI Suggestion
waterproof art for bathroom,https://aboutwallart.com/blogs/news-articles-home-decor-inspiration/determining-what-frame-size-do-i-need-for-my-space,,PENDING,PENDING,200,9.1,50%,65.9,AI Suggestion
waterproof art for bathroom,https://aboutwallart.com/pages/write-for-us,,PENDING,PENDING,496,11.1,50%,63.9,AI Suggestion
wall art,https://aboutwallart.com/blogs/news-articles-home-decor-inspiration/what-is-the-3-5-7-rule-in-decorating,,PENDING,KEEP,1489,2.8,100%,97.2,AI Suggestion
wall art,https://aboutwallart.com/blogs/news-articles-home-decor-inspiration/do-beige-and-grey-go-together-heres-how-to-make-it-work,,PENDING,REPURPOSE,1362,4.3,100%,95.7,AI Suggestion
wall art,https://aboutwallart.com/blogs/news-articles-home-decor-inspiration/what-colour-goes-with-grey-walls-essential-tips,,PENDING,REPURPOSE,728,5.0,100%,95.0,AI Suggestion
wall art,https://aboutwallart.com/blogs/news-articles-home-decor-inspiration/stylish-behind-toilet-decor-5-ideas-to-transform-your-small-bathroom,,PENDING,REPURPOSE,242,5.3,100%,94.7,AI Suggestion
wall art,https://aboutwallart.com/blogs/news-articles-home-decor-inspiration/choosing-the-right-art-for-grey-walls,,PENDING,REPURPOSE,213,5.7,100%,94.3,AI Suggestion
wall art,https://aboutwallart.com/blogs/news-articles-home-decor-inspiration/moisture-resistant-restroom-wall-art-what-actually-works,,PENDING,PENDING,538,5.8,100%,94.2,AI Suggestion
wall art,https://aboutwallart.com/blogs/news-articles-home-decor-inspiration/how-bedroom-wall-art-ideas-can-impact-your-quality-of-rest,,PENDING,PENDING,107,6.1,100%,93.9,AI Suggestion
wall art,https://aboutwallart.com/blogs/news-articles-home-decor-inspiration/old-money-style-interiors-classic-design-trends,,PENDING,PENDING,299,6.4,100%,93.6,AI Suggestion
wall art,https://aboutwallart.com/blogs/news-articles-home-decor-inspiration/wall-art-for-high-ceilings-7-creative-ideas,,PENDING,PENDING,288,6.4,100%,93.6,AI Suggestion
wall art,https://aboutwallart.com/blogs/news-articles-home-decor-inspiration/cherry-blossom-art-japan-understanding-the-deep-symbolism,,PENDING,PENDING,114,6.4,100%,93.6,AI Suggestion
old money interior design,https://aboutwallart.com/blogs/news-articles-home-decor-inspiration/old-money-style-interiors-classic-design-trends,,PENDING,KEEP,299,6.4,100%,93.6,AI Suggestion
old money interior design,https://aboutwallart.com/blogs/news-articles-home-decor-inspiration/understanding-art-in-interior-design,,PENDING,LINK,34,10.0,50%,45.2,AI Suggestion
old money interior design,https://aboutwallart.com/pages/old-money-home-decor,,PENDING,LINK,26,7.6,50%,45.2,AI Suggestion
old money interior design,https://aboutwallart.com/blogs/news-articles-home-decor-inspiration/kitchen-wall-art-expert-interior-design-tips-trends-2026,,PENDING,LINK,15,5.9,50%,43.6,AI Suggestion
old money interior design,https://aboutwallart.com/products/japandi-interior-design-set-of-3-wall-art-prints,,PENDING,LINK,7,6.5,50%,40.6,AI Suggestion
old money interior design,https://aboutwallart.com/collections/biophilic-interior-design?page=3,,PENDING,PENDING,3,5.9,50%,40.0,AI Suggestion
old money interior design,https://aboutwallart.com/products/japandi-interior-design-set-of-3-wall-art-prints?variant=55161848725884,,PENDING,PENDING,1,5.6,50%,39.7,AI Suggestion
old money interior design,https://aboutwallart.com/blogs/news-articles-home-decor-inspiration/apartment-interior-renovation-checklist-planning-design-trends-cost-factors,,PENDING,PENDING,3,6.6,50%,39.3,AI Suggestion
old money interior design,https://aboutwallart.com/blogs/news-articles-home-decor-inspiration/a-guide-to-a-different-type-of-interior-design-for-a-calming-home,,PENDING,PENDING,3,6.7,50%,39.2,AI Suggestion
old money interior design,https://aboutwallart.com/blogs/news-articles-home-decor-inspiration/interior-design-ideas-for-bedrooms-creating-your-sanctuary,,PENDING,PENDING,5,7.9,50%,38.6,AI Suggestion
classy bathroom wall art,https://aboutwallart.com/blogs/news-articles-home-decor-inspiration/stylish-behind-toilet-decor-5-ideas-to-transform-your-small-bathroom,,PENDING,KEEP,242,5.3,75%,82.2,AI Suggestion
classy bathroom wall art,https://aboutwallart.com/blogs/news-articles-home-decor-inspiration/decorating-above-toilet-stylish-ideas-to-elevate-your-bathroom,,PENDING,LINK,139,6.5,75%,81.0,AI Suggestion
classy bathroom wall art,https://aboutwallart.com/blogs/news-articles-home-decor-inspiration/bathroom-art-ideas-to-transform-your-bathroom-into-an-oasis,,PENDING,LINK,225,8.4,75%,79.1,AI Suggestion
classy bathroom wall art,https://aboutwallart.com/blogs/news-articles-home-decor-inspiration/what-is-the-3-5-7-rule-in-decorating,,PENDING,LINK,1489,2.8,50%,72.2,AI Suggestion
classy bathroom wall art,https://aboutwallart.com/blogs/news-articles-home-decor-inspiration/do-beige-and-grey-go-together-heres-how-to-make-it-work,,PENDING,LINK,1362,4.3,50%,70.7,AI Suggestion
classy bathroom wall art,https://aboutwallart.com/blogs/news-articles-home-decor-inspiration/what-colour-goes-with-grey-walls-essential-tips,,PENDING,PENDING,728,5.0,50%,70.0,AI Suggestion
classy bathroom wall art,https://aboutwallart.com/blogs/news-articles-home-decor-inspiration/choosing-the-right-art-for-grey-walls,,PENDING,PENDING,213,5.7,50%,69.3,AI Suggestion
classy bathroom wall art,https://aboutwallart.com/blogs/news-articles-home-decor-inspiration/moisture-resistant-restroom-wall-art-what-actually-works,,PENDING,PENDING,538,5.8,50%,69.2,AI Suggestion
classy bathroom wall art,https://aboutwallart.com/blogs/news-articles-home-decor-inspiration/how-bedroom-wall-art-ideas-can-impact-your-quality-of-rest,,PENDING,PENDING,107,6.1,50%,68.9,AI Suggestion
classy bathroom wall art,https://aboutwallart.com/blogs/news-articles-home-decor-inspiration/old-money-style-interiors-classic-design-trends,,PENDING,PENDING,299,6.4,50%,68.6,AI Suggestion
wall art decor,https://aboutwallart.com/blogs/news-articles-home-decor-inspiration/what-is-the-3-5-7-rule-in-decorating,,PENDING,KEEP,1489,2.8,100%,97.2,AI Suggestion
wall art decor,https://aboutwallart.com/blogs/news-articles-home-decor-inspiration/do-beige-and-grey-go-together-heres-how-to-make-it-work,,PENDING,REPURPOSE,1362,4.3,100%,95.7,AI Suggestion
wall art decor,https://aboutwallart.com/blogs/news-articles-home-decor-inspiration/what-colour-goes-with-grey-walls-essential-tips,,PENDING,REPURPOSE,728,5.0,100%,95.0,AI Suggestion
wall art decor,https://aboutwallart.com/blogs/news-articles-home-decor-inspiration/stylish-behind-toilet-decor-5-ideas-to-transform-your-small-bathroom,,PENDING,REPURPOSE,242,5.3,100%,94.7,AI Suggestion
wall art decor,https://aboutwallart.com/blogs/news-articles-home-decor-inspiration/choosing-the-right-art-for-grey-walls,,PENDING,REPURPOSE,213,5.7,100%,94.3,AI Suggestion
wall art decor,https://aboutwallart.com/blogs/news-articles-home-decor-inspiration/moisture-resistant-restroom-wall-art-what-actually-works,,PENDING,PENDING,538,5.8,100%,94.2,AI Suggestion
wall art decor,https://aboutwallart.com/blogs/news-articles-home-decor-inspiration/how-bedroom-wall-art-ideas-can-impact-your-quality-of-rest,,PENDING,PENDING,107,6.1,100%,93.9,AI Suggestion
wall art decor,https://aboutwallart.com/blogs/news-articles-home-decor-inspiration/old-money-style-interiors-classic-design-trends,,PENDING,PENDING,299,6.4,100%,93.6,AI Suggestion
wall art decor,https://aboutwallart.com/blogs/news-articles-home-decor-inspiration/wall-art-for-high-ceilings-7-creative-ideas,,PENDING,PENDING,288,6.4,100%,93.6,AI Suggestion
wall art decor,https://aboutwallart.com/blogs/news-articles-home-decor-inspiration/cherry-blossom-art-japan-understanding-the-deep-symbolism,,PENDING,PENDING,114,6.4,100%,93.6,AI Suggestion
what colour goes with grey,https://aboutwallart.com/blogs/news-articles-home-decor-inspiration/what-colour-goes-with-grey-walls-essential-tips,,PENDING,KEEP,728,5.0,100%,95.0,AI Suggestion
what colour goes with grey,https://aboutwallart.com/blogs/news-articles-home-decor-inspiration/how-to-decorate-with-greige-colours-the-blend-of-grey-beige,,PENDING,LINK,21,8.8,60%,47.5,AI Suggestion
bathroom wall art ideas,https://aboutwallart.com/blogs/news-articles-home-decor-inspiration/stylish-behind-toilet-decor-5-ideas-to-transform-your-small-bathroom,,PENDING,KEEP,242,5.3,100%,94.7,AI Suggestion
bathroom wall art ideas,https://aboutwallart.com/blogs/news-articles-home-decor-inspiration/decorating-above-toilet-stylish-ideas-to-elevate-your-bathroom,,PENDING,REPURPOSE,139,6.5,100%,93.5,AI Suggestion
bathroom wall art ideas,https://aboutwallart.com/blogs/news-articles-home-decor-inspiration/bathroom-art-ideas-to-transform-your-bathroom-into-an-oasis,,PENDING,REPURPOSE,225,8.4,100%,91.6,AI Suggestion
bathroom wall art ideas,https://aboutwallart.com/blogs/news-articles-home-decor-inspiration/how-bedroom-wall-art-ideas-can-impact-your-quality-of-rest,,PENDING,LINK,107,6.1,75%,81.4,AI Suggestion
bathroom wall art ideas,https://aboutwallart.com/blogs/news-articles-home-decor-inspiration/wall-art-for-high-ceilings-7-creative-ideas,,PENDING,LINK,288,6.4,75%,81.1,AI Suggestion
bathroom wall art ideas,https://aboutwallart.com/blogs/news-articles-home-decor-inspiration/masculine-home-decor-stylish-ideas-to-elevate-any-modern-space,,PENDING,PENDING,145,7.2,75%,80.3,AI Suggestion
bathroom wall art ideas,https://aboutwallart.com/blogs/news-articles-home-decor-inspiration/art-for-offices-inspiring-ideas-for-every-workspace,,PENDING,PENDING,101,7.8,75%,79.7,AI Suggestion
bathroom wall art ideas,https://aboutwallart.com/blogs/news-articles-home-decor-inspiration/what-is-the-3-5-7-rule-in-decorating,,PENDING,PENDING,1489,2.8,50%,72.2,AI Suggestion
bathroom wall art ideas,https://aboutwallart.com/blogs/news-articles-home-decor-inspiration/top-8-hallway-art-ideas-to-transform-your-space,,PENDING,PENDING,75,8.7,75%,71.3,AI Suggestion
bathroom wall art ideas,https://aboutwallart.com/blogs/news-articles-home-decor-inspiration/do-beige-and-grey-go-together-heres-how-to-make-it-work,,PENDING,PENDING,1362,4.3,50%,70.7,AI Suggestion
islamic wall art for living room,https://aboutwallart.com/collections/framed-wall-pictures-for-living-room,,PENDING,KEEP,198,7.8,83%,83.8,AI Suggestion
islamic wall art for living room,https://aboutwallart.com/blogs/news-articles-home-decor-inspiration/stylish-behind-toilet-decor-5-ideas-to-transform-your-small-bathroom,,PENDING,LINK,242,5.3,67%,78.0,AI Suggestion
islamic wall art for living room,https://aboutwallart.com/blogs/news-articles-home-decor-inspiration/bathroom-art-ideas-to-transform-your-bathroom-into-an-oasis,,PENDING,LINK,225,8.4,67%,74.9,AI Suggestion
islamic wall art for living room,https://aboutwallart.com/products/floral-large-wall-prints-for-a-living-room-set-of-3-wall-art-prints,,PENDING,REPURPOSE,64,9.1,83%,71.8,AI Suggestion
islamic wall art for living room,https://aboutwallart.com/blogs/news-articles-home-decor-inspiration/choosing-the-right-art-for-grey-walls,,PENDING,LINK,213,5.7,50%,69.3,AI Suggestion
islamic wall art for living room,https://aboutwallart.com/blogs/news-articles-home-decor-inspiration/moisture-resistant-restroom-wall-art-what-actually-works,,PENDING,PENDING,538,5.8,50%,69.2,AI Suggestion
islamic wall art for living room,https://aboutwallart.com/blogs/news-articles-home-decor-inspiration/how-bedroom-wall-art-ideas-can-impact-your-quality-of-rest,,PENDING,PENDING,107,6.1,50%,68.9,AI Suggestion
islamic wall art for living room,https://aboutwallart.com/blogs/news-articles-home-decor-inspiration/wall-art-for-high-ceilings-7-creative-ideas,,PENDING,PENDING,288,6.4,50%,68.6,AI Suggestion
islamic wall art for living room,https://aboutwallart.com/blogs/news-articles-home-decor-inspiration/the-case-for-empty-spaces-when-less-truly-is-more,,PENDING,PENDING,102,6.5,50%,68.5,AI Suggestion
islamic wall art for living room,https://aboutwallart.com/blogs/news-articles-home-decor-inspiration/decorating-above-toilet-stylish-ideas-to-elevate-your-bathroom,,PENDING,PENDING,139,6.5,50%,68.5,AI Suggestion
old money home decor,https://aboutwallart.com/blogs/news-articles-home-decor-inspiration/old-money-style-interiors-classic-design-trends,,PENDING,KEEP,299,6.4,100%,93.6,AI Suggestion
old money home decor,https://aboutwallart.com/blogs/news-articles-home-decor-inspiration/what-is-the-3-5-7-rule-in-decorating,,PENDING,LINK,1489,2.8,50%,72.2,AI Suggestion
old money home decor,https://aboutwallart.com/blogs/news-articles-home-decor-inspiration/do-beige-and-grey-go-together-heres-how-to-make-it-work,,PENDING,LINK,1362,4.3,50%,70.7,AI Suggestion
old money home decor,https://aboutwallart.com/pages/old-money-home-decor,,PENDING,REPURPOSE,26,7.6,100%,70.2,AI Suggestion
old money home decor,https://aboutwallart.com/blogs/news-articles-home-decor-inspiration/what-colour-goes-with-grey-walls-essential-tips,,PENDING,LINK,728,5.0,50%,70.0,AI Suggestion
old money home decor,https://aboutwallart.com/blogs/news-articles-home-decor-inspiration/stylish-behind-toilet-decor-5-ideas-to-transform-your-small-bathroom,,PENDING,PENDING,242,5.3,50%,69.7,AI Suggestion
old money home decor,https://aboutwallart.com/blogs/news-articles-home-decor-inspiration/choosing-the-right-art-for-grey-walls,,PENDING,PENDING,213,5.7,50%,69.3,AI Suggestion
old money home decor,https://aboutwallart.com/blogs/news-articles-home-decor-inspiration/moisture-resistant-restroom-wall-art-what-actually-works,,PENDING,PENDING,538,5.8,50%,69.2,AI Suggestion
old money home decor,https://aboutwallart.com/blogs/news-articles-home-decor-inspiration/how-bedroom-wall-art-ideas-can-impact-your-quality-of-rest,,PENDING,PENDING,107,6.1,50%,68.9,AI Suggestion
old money home decor,https://aboutwallart.com/blogs/news-articles-home-decor-inspiration/wall-art-for-high-ceilings-7-creative-ideas,,PENDING,PENDING,288,6.4,50%,68.6,AI Suggestion
grey walls,https://aboutwallart.com/blogs/news-articles-home-decor-inspiration/what-colour-goes-with-grey-walls-essential-tips,,PENDING,KEEP,728,5.0,100%,95.0,AI Suggestion
grey walls,https://aboutwallart.com/blogs/news-articles-home-decor-inspiration/choosing-the-right-art-for-grey-walls,,PENDING,REPURPOSE,213,5.7,100%,94.3,AI Suggestion
grey walls,https://aboutwallart.com/blogs/news-articles-home-decor-inspiration/do-beige-and-grey-go-together-heres-how-to-make-it-work,,PENDING,LINK,1362,4.3,50%,70.7,AI Suggestion
grey walls,https://aboutwallart.com/blogs/news-articles-home-decor-inspiration/wall-decor-ideas-for-large-walls-to-transform-your-space,,PENDING,LINK,49,7.9,50%,51.8,AI Suggestion
grey walls,https://aboutwallart.com/blogs/news-articles-home-decor-inspiration/how-nature-inspired-art-can-transform-your-walls,,PENDING,LINK,30,9.8,50%,44.1,AI Suggestion
grey walls,https://aboutwallart.com/products/prints-for-office-walls-set-of-3-wall-art-prints?pr_prod_strat=e5_desc&pr_rec_id=4e4b39515&pr_rec_pid=8167993966878&pr_ref_pid=8167996358942&pr_seq=uniform,,PENDING,PENDING,1,1.9,50%,43.4,AI Suggestion
grey walls,https://aboutwallart.com/products/bedroom-decor-for-walls-set-of-3-wall-art-prints?pr_prod_strat=pinned&pr_rec_id=72afe9385&pr_rec_pid=8167977812254&pr_ref_pid=8167976173854&pr_seq=uniform,,PENDING,PENDING,1,2.1,50%,43.2,AI Suggestion
grey walls,https://aboutwallart.com/blogs/news-articles-home-decor-inspiration/how-to-decorate-with-greige-colours-the-blend-of-grey-beige,,PENDING,PENDING,21,8.8,50%,42.5,AI Suggestion
grey walls,https://aboutwallart.com/blogs/home-decor-inspiration/do-beige-and-grey-go-together,,PENDING,PENDING,1,2.9,50%,42.4,AI Suggestion
grey walls,https://aboutwallart.com/products/bedroom-wall-picture-set-of-3-prints-for-bedroom-walls,,PENDING,PENDING,11,6.3,50%,42.0,AI Suggestion
set of 3 wall art for living room,https://aboutwallart.com/collections/framed-wall-pictures-for-living-room,,PENDING,KEEP,198,7.8,83%,83.8,AI Suggestion
set of 3 wall art for living room,https://aboutwallart.com/products/floral-large-wall-prints-for-a-living-room-set-of-3-wall-art-prints,,PENDING,REPURPOSE,64,9.1,100%,80.1,AI Suggestion
set of 3 wall art for living room,https://aboutwallart.com/blogs/news-articles-home-decor-inspiration/stylish-behind-toilet-decor-5-ideas-to-transform-your-small-bathroom,,PENDING,LINK,242,5.3,67%,78.0,AI Suggestion
set of 3 wall art for living room,https://aboutwallart.com/blogs/news-articles-home-decor-inspiration/bathroom-art-ideas-to-transform-your-bathroom-into-an-oasis,,PENDING,LINK,225,8.4,67%,74.9,AI Suggestion
set of 3 wall art for living room,https://aboutwallart.com/products/wall-art-for-large-living-room-wall-set-of-3-floral-wall-art-prints,,PENDING,REPURPOSE,30,8.2,100%,70.8,AI Suggestion
set of 3 wall art for living room,https://aboutwallart.com/products/art-wall-for-living-room-set-of-3-wall-art-prints?pr_prod_strat=e5_desc&pr_rec_id=fbc83ae13&pr_rec_pid=8167993245982&pr_ref_pid=8167997440286&pr_seq=uniform,,PENDING,PENDING,7,1.7,100%,70.4,AI Suggestion
set of 3 wall art for living room,https://aboutwallart.com/blogs/news-articles-home-decor-inspiration/choosing-the-right-art-for-grey-walls,,PENDING,PENDING,213,5.7,50%,69.3,AI Suggestion
set of 3 wall art for living room,https://aboutwallart.com/products/Framed-prints-living-room-set-of-3-framed-wall-art?pr_prod_strat=pinned&pr_rec_id=f88259ac0&pr_rec_pid=8168006418718&pr_ref_pid=8168006713630&pr_seq=uniform,,PENDING,PENDING,1,1.0,100%,69.3,AI Suggestion
set of 3 wall art for living room,https://aboutwallart.com/products/large-living-room-pictures-set-of-3-wall-art-prints,,PENDING,PENDING,47,6.6,83%,69.2,AI Suggestion
set of 3 wall art for living room,https://aboutwallart.com/blogs/news-articles-home-decor-inspiration/moisture-resistant-restroom-wall-art-what-actually-works,,PENDING,PENDING,538,5.8,50%,69.2,AI Suggestion
small bathroom wall decor ideas,https://aboutwallart.com/blogs/news-articles-home-decor-inspiration/stylish-behind-toilet-decor-5-ideas-to-transform-your-small-bathroom,,PENDING,KEEP,242,5.3,100%,94.7,AI Suggestion
small bathroom wall decor ideas,https://aboutwallart.com/blogs/news-articles-home-decor-inspiration/decorating-above-toilet-stylish-ideas-to-elevate-your-bathroom,,PENDING,REPURPOSE,139,6.5,80%,83.5,AI Suggestion
small bathroom wall decor ideas,https://aboutwallart.com/blogs/news-articles-home-decor-inspiration/bathroom-art-ideas-to-transform-your-bathroom-into-an-oasis,,PENDING,REPURPOSE,225,8.4,80%,81.6,AI Suggestion
small bathroom wall decor ideas,https://aboutwallart.com/blogs/news-articles-home-decor-inspiration/how-bedroom-wall-art-ideas-can-impact-your-quality-of-rest,,PENDING,LINK,107,6.1,60%,73.9,AI Suggestion
small bathroom wall decor ideas,https://aboutwallart.com/blogs/news-articles-home-decor-inspiration/wall-art-for-high-ceilings-7-creative-ideas,,PENDING,LINK,288,6.4,60%,73.6,AI Suggestion
small bathroom wall decor ideas,https://aboutwallart.com/blogs/news-articles-home-decor-inspiration/masculine-home-decor-stylish-ideas-to-elevate-any-modern-space,,PENDING,PENDING,145,7.2,60%,72.8,AI Suggestion
small bathroom wall decor ideas,https://aboutwallart.com/blogs/news-articles-home-decor-inspiration/art-for-offices-inspiring-ideas-for-every-workspace,,PENDING,PENDING,101,7.8,60%,72.2,AI Suggestion
small bathroom wall decor ideas,https://aboutwallart.com/blogs/news-articles-home-decor-inspiration/small-studio-apartment-decor-10-genius-tips-and-hacks,,PENDING,PENDING,98,7.2,60%,72.2,AI Suggestion
small bathroom wall decor ideas,https://aboutwallart.com/blogs/news-articles-home-decor-inspiration/toilet-decor-ideas-to-instantly-upgrade-a-small-bathroom,,PENDING,PENDING,9,8.1,100%,64.6,AI Suggestion
small bathroom wall decor ideas,https://aboutwallart.com/blogs/news-articles-home-decor-inspiration/top-8-hallway-art-ideas-to-transform-your-space,,PENDING,PENDING,75,8.7,60%,63.8,AI Suggestion
islamic wall art uk,https://aboutwallart.com/collections/wall-islamic-art,,PENDING,KEEP,102,11.4,100%,88.6,AI Suggestion
islamic wall art uk,https://aboutwallart.com/blogs/news-articles-home-decor-inspiration/what-is-the-3-5-7-rule-in-decorating,,PENDING,LINK,1489,2.8,67%,80.5,AI Suggestion
islamic wall art uk,https://aboutwallart.com/blogs/news-articles-home-decor-inspiration/do-beige-and-grey-go-together-heres-how-to-make-it-work,,PENDING,LINK,1362,4.3,67%,79.1,AI Suggestion
islamic wall art uk,https://aboutwallart.com/blogs/news-articles-home-decor-inspiration/what-colour-goes-with-grey-walls-essential-tips,,PENDING,LINK,728,5.0,67%,78.3,AI Suggestion
islamic wall art uk,https://aboutwallart.com/blogs/news-articles-home-decor-inspiration/stylish-behind-toilet-decor-5-ideas-to-transform-your-small-bathroom,,PENDING,LINK,242,5.3,67%,78.0,AI Suggestion
islamic wall art uk,https://aboutwallart.com/blogs/news-articles-home-decor-inspiration/choosing-the-right-art-for-grey-walls,,PENDING,PENDING,213,5.7,67%,77.6,AI Suggestion
islamic wall art uk,https://aboutwallart.com/blogs/news-articles-home-decor-inspiration/moisture-resistant-restroom-wall-art-what-actually-works,,PENDING,PENDING,538,5.8,67%,77.5,AI Suggestion
islamic wall art uk,https://aboutwallart.com/blogs/news-articles-home-decor-inspiration/how-bedroom-wall-art-ideas-can-impact-your-quality-of-rest,,PENDING,PENDING,107,6.1,67%,77.2,AI Suggestion
islamic wall art uk,https://aboutwallart.com/blogs/news-articles-home-decor-inspiration/old-money-style-interiors-classic-design-trends,,PENDING,PENDING,299,6.4,67%,77.0,AI Suggestion
islamic wall art uk,https://aboutwallart.com/blogs/news-articles-home-decor-inspiration/wall-art-for-high-ceilings-7-creative-ideas,,PENDING,PENDING,288,6.4,67%,76.9,AI Suggestion
masculine decor,https://aboutwallart.com/blogs/news-articles-home-decor-inspiration/masculine-home-decor-stylish-ideas-to-elevate-any-modern-space,,PENDING,KEEP,145,7.2,100%,92.8,AI Suggestion
masculine decor,https://aboutwallart.com/blogs/news-articles-home-decor-inspiration/what-is-the-3-5-7-rule-in-decorating,,PENDING,LINK,1489,2.8,50%,72.2,AI Suggestion
masculine decor,https://aboutwallart.com/blogs/news-articles-home-decor-inspiration/do-beige-and-grey-go-together-heres-how-to-make-it-work,,PENDING,LINK,1362,4.3,50%,70.7,AI Suggestion
masculine decor,https://aboutwallart.com/blogs/news-articles-home-decor-inspiration/what-colour-goes-with-grey-walls-essential-tips,,PENDING,LINK,728,5.0,50%,70.0,AI Suggestion
masculine decor,https://aboutwallart.com/blogs/news-articles-home-decor-inspiration/stylish-behind-toilet-decor-5-ideas-to-transform-your-small-bathroom,,PENDING,LINK,242,5.3,50%,69.7,AI Suggestion
masculine decor,https://aboutwallart.com/blogs/news-articles-home-decor-inspiration/choosing-the-right-art-for-grey-walls,,PENDING,PENDING,213,5.7,50%,69.3,AI Suggestion
masculine decor,https://aboutwallart.com/blogs/news-articles-home-decor-inspiration/moisture-resistant-restroom-wall-art-what-actually-works,,PENDING,PENDING,538,5.8,50%,69.2,AI Suggestion
masculine decor,https://aboutwallart.com/blogs/news-articles-home-decor-inspiration/how-bedroom-wall-art-ideas-can-impact-your-quality-of-rest,,PENDING,PENDING,107,6.1,50%,68.9,AI Suggestion
masculine decor,https://aboutwallart.com/blogs/news-articles-home-decor-inspiration/old-money-style-interiors-classic-design-trends,,PENDING,PENDING,299,6.4,50%,68.6,AI Suggestion
masculine decor,https://aboutwallart.com/blogs/news-articles-home-decor-inspiration/wall-art-for-high-ceilings-7-creative-ideas,,PENDING,PENDING,288,6.4,50%,68.6,AI Suggestion
moisture resistant art for bathroom,https://aboutwallart.com/blogs/news-articles-home-decor-inspiration/stylish-behind-toilet-decor-5-ideas-to-transform-your-small-bathroom,,PENDING,KEEP,242,5.3,60%,74.7,AI Suggestion
moisture resistant art for bathroom,https://aboutwallart.com/blogs/news-articles-home-decor-inspiration/moisture-resistant-restroom-wall-art-what-actually-works,,PENDING,LINK,538,5.8,60%,74.2,AI Suggestion
moisture resistant art for bathroom,https://aboutwallart.com/blogs/news-articles-home-decor-inspiration/bathroom-art-ideas-to-transform-your-bathroom-into-an-oasis,,PENDING,LINK,225,8.4,60%,71.6,AI Suggestion
moisture resistant art for bathroom,https://aboutwallart.com/blogs/news-articles-home-decor-inspiration/bathroom-wall-decor-ideas-for-spa-like-spaces,,PENDING,LINK,26,8.1,60%,49.7,AI Suggestion
moisture resistant art for bathroom,https://aboutwallart.com/products/bathroom-artwork-prints-set-of-3-framed-wall-art-prints?pr_prod_strat=pinned&pr_rec_id=2502a320f&pr_rec_pid=8167972241694&pr_ref_pid=8167972897054&pr_seq=uniform,,PENDING,LINK,2,1.0,60%,49.6,AI Suggestion
moisture resistant art for bathroom,https://aboutwallart.com/products/framed-art-for-bathroom-set-of-3-green-botanical-wall-art?variant=47153193156894,,PENDING,PENDING,1,1.1,60%,49.2,AI Suggestion
moisture resistant art for bathroom,https://aboutwallart.com/products/art-prints-for-the-bathroom-set-of-3-wall-art-prints?pr_prod_strat=e5_desc&pr_rec_id=2d9082061&pr_rec_pid=8167974273310&pr_ref_pid=8167974076702&pr_seq=uniform,,PENDING,PENDING,1,1.2,60%,49.1,AI Suggestion
moisture resistant art for bathroom,https://aboutwallart.com/products/modern-bathroom-wall-decor-ideas-set-of-3-wall-art-prints?pr_prod_strat=e5_desc&pr_rec_id=0793c8f3f&pr_rec_pid=8517977899294&pr_ref_pid=8807650459934&pr_seq=uniform,,PENDING,PENDING,1,1.2,60%,49.1,AI Suggestion
moisture resistant art for bathroom,https://aboutwallart.com/products/art-for-a-bathrooms-set-of-3-framed-wall-art?pr_prod_strat=e5_desc&pr_rec_id=2d9082061&pr_rec_pid=8566718071070&pr_ref_pid=8167974076702&pr_seq=uniform,,PENDING,PENDING,1,1.3,60%,49.0,AI Suggestion
moisture resistant art for bathroom,https://aboutwallart.com/products/art-prints-for-the-bathroom-set-of-3-wall-art-prints?pr_prod_strat=pinned&pr_rec_id=7cfe23379&pr_rec_pid=8167974273310&pr_ref_pid=9013683388702&pr_seq=uniform,,PENDING,PENDING,2,1.8,60%,48.8,AI Suggestion
write for us + home decor,https://aboutwallart.com/blogs/news-articles-home-decor-inspiration/stylish-behind-toilet-decor-5-ideas-to-transform-your-small-bathroom,,PENDING,KEEP,242,5.3,75%,82.2,AI Suggestion
write for us + home decor,https://aboutwallart.com/blogs/news-articles-home-decor-inspiration/choosing-the-right-art-for-grey-walls,,PENDING,LINK,213,5.7,75%,81.8,AI Suggestion
write for us + home decor,https://aboutwallart.com/blogs/news-articles-home-decor-inspiration/wall-art-for-high-ceilings-7-creative-ideas,,PENDING,LINK,288,6.4,75%,81.1,AI Suggestion
write for us + home decor,https://aboutwallart.com/blogs/news-articles-home-decor-inspiration/the-case-for-empty-spaces-when-less-truly-is-more,,PENDING,LINK,102,6.5,75%,81.0,AI Suggestion
write for us + home decor,https://aboutwallart.com/blogs/news-articles-home-decor-inspiration/art-for-offices-inspiring-ideas-for-every-workspace,,PENDING,LINK,101,7.8,75%,79.7,AI Suggestion
write for us + home decor,https://aboutwallart.com/blogs/news-articles-home-decor-inspiration/bathroom-art-ideas-to-transform-your-bathroom-into-an-oasis,,PENDING,PENDING,225,8.4,75%,79.1,AI Suggestion
write for us + home decor,https://aboutwallart.com/blogs/news-articles-home-decor-inspiration/determining-what-frame-size-do-i-need-for-my-space,,PENDING,PENDING,200,9.1,75%,78.4,AI Suggestion
write for us + home decor,https://aboutwallart.com/blogs/news-articles-home-decor-inspiration/how-to-hang-wall-art-for-stairs-without-a-straight-wall,,PENDING,PENDING,84,6.8,75%,76.0,AI Suggestion
write for us + home decor,https://aboutwallart.com/blogs/news-articles-home-decor-inspiration/decor-for-nursery-wall-that-stimulates-without-overwhelming,,PENDING,PENDING,76,7.8,75%,72.5,AI Suggestion
write for us + home decor,https://aboutwallart.com/blogs/news-articles-home-decor-inspiration/what-is-the-3-5-7-rule-in-decorating,,PENDING,PENDING,1489,2.8,50%,72.2,AI Suggestion
home decor ideas thehometrotters,https://aboutwallart.com/blogs/news-articles-home-decor-inspiration/stylish-behind-toilet-decor-5-ideas-to-transform-your-small-bathroom,,PENDING,KEEP,242,5.3,75%,82.2,AI Suggestion
home decor ideas thehometrotters,https://aboutwallart.com/blogs/news-articles-home-decor-inspiration/how-bedroom-wall-art-ideas-can-impact-your-quality-of-rest,,PENDING,LINK,107,6.1,75%,81.4,AI Suggestion
home decor ideas thehometrotters,https://aboutwallart.com/blogs/news-articles-home-decor-inspiration/wall-art-for-high-ceilings-7-creative-ideas,,PENDING,LINK,288,6.4,75%,81.1,AI Suggestion
home decor ideas thehometrotters,https://aboutwallart.com/blogs/news-articles-home-decor-inspiration/decorating-above-toilet-stylish-ideas-to-elevate-your-bathroom,,PENDING,LINK,139,6.5,75%,81.0,AI Suggestion
home decor ideas thehometrotters,https://aboutwallart.com/blogs/news-articles-home-decor-inspiration/masculine-home-decor-stylish-ideas-to-elevate-any-modern-space,,PENDING,LINK,145,7.2,75%,80.3,AI Suggestion
home decor ideas thehometrotters,https://aboutwallart.com/blogs/news-articles-home-decor-inspiration/art-for-offices-inspiring-ideas-for-every-workspace,,PENDING,PENDING,101,7.8,75%,79.7,AI Suggestion
home decor ideas thehometrotters,https://aboutwallart.com/blogs/news-articles-home-decor-inspiration/bathroom-art-ideas-to-transform-your-bathroom-into-an-oasis,,PENDING,PENDING,225,8.4,75%,79.1,AI Suggestion
home decor ideas thehometrotters,https://aboutwallart.com/blogs/news-articles-home-decor-inspiration/what-is-the-3-5-7-rule-in-decorating,,PENDING,PENDING,1489,2.8,50%,72.2,AI Suggestion
home decor ideas thehometrotters,https://aboutwallart.com/blogs/news-articles-home-decor-inspiration/top-8-hallway-art-ideas-to-transform-your-space,,PENDING,PENDING,75,8.7,75%,71.3,AI Suggestion
home decor ideas thehometrotters,https://aboutwallart.com/blogs/news-articles-home-decor-inspiration/do-beige-and-grey-go-together-heres-how-to-make-it-work,,PENDING,PENDING,1362,4.3,50%,70.7,AI Suggestion
kitchen wall art ideas,https://aboutwallart.com/blogs/news-articles-home-decor-inspiration/stylish-behind-toilet-decor-5-ideas-to-transform-your-small-bathroom,,PENDING,KEEP,242,5.3,75%,82.2,AI Suggestion
kitchen wall art ideas,https://aboutwallart.com/blogs/news-articles-home-decor-inspiration/how-bedroom-wall-art-ideas-can-impact-your-quality-of-rest,,PENDING,LINK,107,6.1,75%,81.4,AI Suggestion
kitchen wall art ideas,https://aboutwallart.com/blogs/news-articles-home-decor-inspiration/wall-art-for-high-ceilings-7-creative-ideas,,PENDING,LINK,288,6.4,75%,81.1,AI Suggestion
kitchen wall art ideas,https://aboutwallart.com/blogs/news-articles-home-decor-inspiration/decorating-above-toilet-stylish-ideas-to-elevate-your-bathroom,,PENDING,LINK,139,6.5,75%,81.0,AI Suggestion
kitchen wall art ideas,https://aboutwallart.com/blogs/news-articles-home-decor-inspiration/masculine-home-decor-stylish-ideas-to-elevate-any-modern-space,,PENDING,LINK,145,7.2,75%,80.3,AI Suggestion
kitchen wall art ideas,https://aboutwallart.com/blogs/news-articles-home-decor-inspiration/art-for-offices-inspiring-ideas-for-every-workspace,,PENDING,PENDING,101,7.8,75%,79.7,AI Suggestion
kitchen wall art ideas,https://aboutwallart.com/blogs/news-articles-home-decor-inspiration/bathroom-art-ideas-to-transform-your-bathroom-into-an-oasis,,PENDING,PENDING,225,8.4,75%,79.1,AI Suggestion
kitchen wall art ideas,https://aboutwallart.com/blogs/news-articles-home-decor-inspiration/quirky-kitchen-wall-art-ideas-for-fun-lived-in-spaces,,PENDING,PENDING,51,9.3,100%,76.0,AI Suggestion
kitchen wall art ideas,https://aboutwallart.com/blogs/news-articles-home-decor-inspiration/the-best-art-for-a-kitchen-wall-ideas,,PENDING,PENDING,51,12.9,100%,72.4,AI Suggestion
kitchen wall art ideas,https://aboutwallart.com/blogs/news-articles-home-decor-inspiration/what-is-the-3-5-7-rule-in-decorating,,PENDING,PENDING,1489,2.8,50%,72.2,AI Suggestion
cherry blossom art,https://aboutwallart.com/blogs/news-articles-home-decor-inspiration/cherry-blossom-art-japan-understanding-the-deep-symbolism,,PENDING,KEEP,114,6.4,100%,93.6,AI Suggestion
cherry blossom art,https://aboutwallart.com/products/cherry-blossoms-wall-art-for-home-office-set-of-2?pr_prod_strat=pinned&pr_rec_id=3f3d85dbc&pr_rec_pid=8167992262942&pr_ref_pid=8167992099102&pr_seq=uniform,,PENDING,LINK,3,1.0,100%,69.9,AI Suggestion
cherry blossom art,https://aboutwallart.com/products/japanese-cherry-blossom-art-set-of-3-wall-art-prints?variant=55161344491900&country=GB&currency=GBP,,PENDING,LINK,1,3.4,100%,66.9,AI Suggestion
cherry blossom art,https://aboutwallart.com/products/cherry-blossoms-wall-art-for-home-office-set-of-2?variant=46492065628446,,PENDING,LINK,1,3.8,100%,66.5,AI Suggestion
cherry blossom art,https://aboutwallart.com/products/japanese-cherry-blossom-tree-set-of-3-framed-wall-art,,PENDING,LINK,8,6.5,100%,65.9,AI Suggestion
cherry blossom art,https://aboutwallart.com/products/japanese-cherry-blossom-tree-set-of-3-framed-wall-art?variant=55849274245500,,PENDING,PENDING,1,6.7,100%,63.6,AI Suggestion
cherry blossom art,https://aboutwallart.com/blogs/news-articles-home-decor-inspiration/japanese-cherry-blossom-art-for-small-spaces-and-apartments,,PENDING,PENDING,2,7.1,100%,63.5,AI Suggestion
cherry blossom art,https://aboutwallart.com/products/cherry-blossoms-wall-art-for-home-office-set-of-2?variant=55848511373692,,PENDING,PENDING,1,8.2,100%,62.1,AI Suggestion
cherry blossom art,https://aboutwallart.com/products/japanese-cherry-blossom-art-set-of-3-wall-art-prints,,PENDING,PENDING,5,9.8,100%,61.7,AI Suggestion
cherry blossom art,https://aboutwallart.com/products/cherry-blossoms-wall-art-for-home-office-set-of-2,,PENDING,PENDING,3,9.6,100%,61.3,AI Suggestion
bedroom prints set of 3,https://aboutwallart.com/products/bedroom-framed-prints-set-of-3-wall-art-prints,,PENDING,KEEP,45,6.5,100%,77.0,AI Suggestion
bedroom prints set of 3,https://aboutwallart.com/products/bedroom-pictures-for-wall-set-of-3-art-prints?pr_prod_strat=pinned&pr_rec_id=f27b2b090&pr_rec_pid=8167995736350&pr_ref_pid=8167994065182&pr_seq=uniform,,PENDING,LINK,1,1.2,100%,69.1,AI Suggestion
bedroom prints set of 3,https://aboutwallart.com/products/bedroom-decor-for-walls-set-of-3-wall-art-prints?pr_prod_strat=pinned&pr_rec_id=72afe9385&pr_rec_pid=8167977812254&pr_ref_pid=8167976173854&pr_seq=uniform,,PENDING,LINK,1,2.1,100%,68.2,AI Suggestion
bedroom prints set of 3,https://aboutwallart.com/products/bedroom-pictures-for-wall-set-of-3-art-prints?variant=55160765251964,,PENDING,LINK,1,3.1,100%,67.2,AI Suggestion
bedroom prints set of 3,https://aboutwallart.com/products/bedroom-art-prints-set-of-3-framed-wall-prints,,PENDING,LINK,17,8.0,100%,67.1,AI Suggestion
bedroom prints set of 3,https://aboutwallart.com/products/bedroom-wall-picture-set-of-3-prints-for-bedroom-walls,,PENDING,PENDING,11,6.3,100%,67.0,AI Suggestion
bedroom prints set of 3,https://aboutwallart.com/products/print-love-word-art-set-of-3-wall-art-prints-for-bedroom?variant=55849630990716,,PENDING,PENDING,1,3.4,100%,66.9,AI Suggestion
bedroom prints set of 3,https://aboutwallart.com/products/bedroom-pictures-for-wall-set-of-3-art-prints?variant=55849798271356,,PENDING,PENDING,3,4.1,100%,66.8,AI Suggestion
bedroom prints set of 3,https://aboutwallart.com/products/ramadan-mubarak-decorations-for-bedroom-set-of-3-wall-art-prints?variant=55160762761596&country=GB&currency=GBP,,PENDING,PENDING,1,3.6,100%,66.7,AI Suggestion
bedroom prints set of 3,https://aboutwallart.com/products/bedroom-pictures-for-wall-set-of-3-art-prints?variant=55856616702332&country=GB&currency=GBP,,PENDING,PENDING,1,3.6,100%,66.7,AI Suggestion
what is wall art,https://aboutwallart.com/blogs/news-articles-home-decor-inspiration/what-is-the-3-5-7-rule-in-decorating,,PENDING,KEEP,1489,2.8,100%,97.2,AI Suggestion
what is wall art,https://aboutwallart.com/blogs/news-articles-home-decor-inspiration/what-colour-goes-with-grey-walls-essential-tips,,PENDING,REPURPOSE,728,5.0,100%,95.0,AI Suggestion
what is wall art,https://aboutwallart.com/blogs/news-articles-home-decor-inspiration/moisture-resistant-restroom-wall-art-what-actually-works,,PENDING,REPURPOSE,538,5.8,100%,94.2,AI Suggestion
what is wall art,https://aboutwallart.com/blogs/news-articles-home-decor-inspiration/determining-what-frame-size-do-i-need-for-my-space,,PENDING,REPURPOSE,200,9.1,100%,90.9,AI Suggestion
what is wall art,https://aboutwallart.com/blogs/news-articles-home-decor-inspiration/do-beige-and-grey-go-together-heres-how-to-make-it-work,,PENDING,LINK,1362,4.3,67%,79.1,AI Suggestion
what is wall art,https://aboutwallart.com/blogs/news-articles-home-decor-inspiration/stylish-behind-toilet-decor-5-ideas-to-transform-your-small-bathroom,,PENDING,PENDING,242,5.3,67%,78.0,AI Suggestion
what is wall art,https://aboutwallart.com/blogs/news-articles-home-decor-inspiration/choosing-the-right-art-for-grey-walls,,PENDING,PENDING,213,5.7,67%,77.6,AI Suggestion
what is wall art,https://aboutwallart.com/blogs/news-articles-home-decor-inspiration/what-is-wall-art-guide,,PENDING,PENDING,45,5.9,100%,77.6,AI Suggestion
what is wall art,https://aboutwallart.com/blogs/news-articles-home-decor-inspiration/how-bedroom-wall-art-ideas-can-impact-your-quality-of-rest,,PENDING,PENDING,107,6.1,67%,77.2,AI Suggestion
what is wall art,https://aboutwallart.com/blogs/news-articles-home-decor-inspiration/old-money-style-interiors-classic-design-trends,,PENDING,PENDING,299,6.4,67%,77.0,AI Suggestion
above fireplace art,https://aboutwallart.com/collections/above-fireplaces,,PENDING,KEEP,164,7.3,100%,92.7,AI Suggestion
above fireplace art,https://aboutwallart.com/blogs/news-articles-home-decor-inspiration/decorating-above-toilet-stylish-ideas-to-elevate-your-bathroom,,PENDING,LINK,139,6.5,67%,76.8,AI Suggestion
above fireplace art,https://aboutwallart.com/products/3-pictures-above-bed-set-of-3-framed-wall-art,,PENDING,LINK,48,4.7,67%,63.0,AI Suggestion
above fireplace art,https://aboutwallart.com/collections/above-fireplaces?page=2,,PENDING,LINK,2,7.6,100%,63.0,AI Suggestion
above fireplace art,https://aboutwallart.com/products/3-pictures-above-bed-set-of-3-framed-wall-art?variant=55160998855036&country=GB&currency=GBP,,PENDING,LINK,4,6.1,67%,48.4,AI Suggestion
above fireplace art,https://aboutwallart.com/blogs/news-articles-home-decor-inspiration/discover-perfect-above-the-bed-decor-ideas,,PENDING,PENDING,15,9.7,67%,48.1,AI Suggestion
above fireplace art,https://aboutwallart.com/blogs/news-articles-home-decor-inspiration/how-big-should-wall-art-be-above-a-sofa/,,PENDING,PENDING,2,6.3,67%,47.6,AI Suggestion
above fireplace art,https://aboutwallart.com/products/3-pictures-above-bed-set-of-3-framed-wall-art?variant=55160998789500&country=GB&currency=GBP,,PENDING,PENDING,4,7.0,67%,47.6,AI Suggestion
above fireplace art,https://aboutwallart.com/blogs/news-articles-home-decor-inspiration/how-big-should-wall-art-be-above-a-sofa,,PENDING,PENDING,1,6.4,67%,47.2,AI Suggestion
above fireplace art,https://aboutwallart.com/products/3-pictures-above-bed-set-of-3-framed-wall-art?variant=55850603053436,,PENDING,PENDING,1,9.8,67%,43.8,AI Suggestion
home decor write for us,https://aboutwallart.com/blogs/news-articles-home-decor-inspiration/stylish-behind-toilet-decor-5-ideas-to-transform-your-small-bathroom,,PENDING,KEEP,242,5.3,75%,82.2,AI Suggestion
home decor write for us,https://aboutwallart.com/blogs/news-articles-home-decor-inspiration/choosing-the-right-art-for-grey-walls,,PENDING,LINK,213,5.7,75%,81.8,AI Suggestion
home decor write for us,https://aboutwallart.com/blogs/news-articles-home-decor-inspiration/wall-art-for-high-ceilings-7-creative-ideas,,PENDING,LINK,288,6.4,75%,81.1,AI Suggestion
home decor write for us,https://aboutwallart.com/blogs/news-articles-home-decor-inspiration/the-case-for-empty-spaces-when-less-truly-is-more,,PENDING,LINK,102,6.5,75%,81.0,AI Suggestion
home decor write for us,https://aboutwallart.com/blogs/news-articles-home-decor-inspiration/art-for-offices-inspiring-ideas-for-every-workspace,,PENDING,LINK,101,7.8,75%,79.7,AI Suggestion
home decor write for us,https://aboutwallart.com/blogs/news-articles-home-decor-inspiration/bathroom-art-ideas-to-transform-your-bathroom-into-an-oasis,,PENDING,PENDING,225,8.4,75%,79.1,AI Suggestion
home decor write for us,https://aboutwallart.com/blogs/news-articles-home-decor-inspiration/determining-what-frame-size-do-i-need-for-my-space,,PENDING,PENDING,200,9.1,75%,78.4,AI Suggestion
home decor write for us,https://aboutwallart.com/blogs/news-articles-home-decor-inspiration/how-to-hang-wall-art-for-stairs-without-a-straight-wall,,PENDING,PENDING,84,6.8,75%,76.0,AI Suggestion
home decor write for us,https://aboutwallart.com/blogs/news-articles-home-decor-inspiration/decor-for-nursery-wall-that-stimulates-without-overwhelming,,PENDING,PENDING,76,7.8,75%,72.5,AI Suggestion
home decor write for us,https://aboutwallart.com/blogs/news-articles-home-decor-inspiration/what-is-the-3-5-7-rule-in-decorating,,PENDING,PENDING,1489,2.8,50%,72.2,AI Suggestion
pictures for bedroom,https://aboutwallart.com/collections/framed-wall-pictures-for-living-room,,PENDING,KEEP,198,7.8,67%,75.5,AI Suggestion
pictures for bedroom,https://aboutwallart.com/products/bedroom-pictures-for-wall-set-of-3-art-prints?pr_prod_strat=pinned&pr_rec_id=f27b2b090&pr_rec_pid=8167995736350&pr_ref_pid=8167994065182&pr_seq=uniform,,PENDING,LINK,1,1.2,100%,69.1,AI Suggestion
pictures for bedroom,https://aboutwallart.com/products/bedroom-pictures-for-wall-set-of-3-art-prints?variant=55160765251964,,PENDING,LINK,1,3.1,100%,67.2,AI Suggestion
pictures for bedroom,https://aboutwallart.com/products/bedroom-pictures-for-wall-set-of-3-art-prints?variant=55849798271356,,PENDING,LINK,3,4.1,100%,66.8,AI Suggestion
pictures for bedroom,https://aboutwallart.com/products/bedroom-pictures-for-wall-set-of-3-art-prints?variant=55856616702332&country=GB&currency=GBP,,PENDING,LINK,1,3.6,100%,66.7,AI Suggestion
pictures for bedroom,https://aboutwallart.com/products/bedroom-pictures-for-wall-set-of-3-art-prints?variant=55849797779836&country=GB&currency=GBP,,PENDING,PENDING,1,3.8,100%,66.5,AI Suggestion
pictures for bedroom,https://aboutwallart.com/products/wall-pictures-for-bedroom-set-of-3-framed-wall-art-prints?variant=55160455627132&country=GB&currency=GBP,,PENDING,PENDING,8,6.2,100%,66.2,AI Suggestion
pictures for bedroom,https://aboutwallart.com/products/bedroom-pictures-for-wall-set-of-3-art-prints?variant=55160765448572&country=GB&currency=GBP,,PENDING,PENDING,1,4.8,100%,65.5,AI Suggestion
pictures for bedroom,https://aboutwallart.com/products/pictures-for-childrens-bedrooms-set-of-3-wall-art-prints,,PENDING,PENDING,1,5.9,100%,64.4,AI Suggestion
pictures for bedroom,https://aboutwallart.com/products/japanese-wall-art-pictures-for-bedrooms-set-of-3-wall-art-prints,,PENDING,PENDING,1,7.4,100%,62.9,AI Suggestion
masculine home decor,https://aboutwallart.com/blogs/news-articles-home-decor-inspiration/masculine-home-decor-stylish-ideas-to-elevate-any-modern-space,,PENDING,KEEP,145,7.2,100%,92.8,AI Suggestion
masculine home decor,https://aboutwallart.com/blogs/news-articles-home-decor-inspiration/what-is-the-3-5-7-rule-in-decorating,,PENDING,LINK,1489,2.8,67%,80.5,AI Suggestion
masculine home decor,https://aboutwallart.com/blogs/news-articles-home-decor-inspiration/do-beige-and-grey-go-together-heres-how-to-make-it-work,,PENDING,LINK,1362,4.3,67%,79.1,AI Suggestion
masculine home decor,https://aboutwallart.com/blogs/news-articles-home-decor-inspiration/what-colour-goes-with-grey-walls-essential-tips,,PENDING,LINK,728,5.0,67%,78.3,AI Suggestion
masculine home decor,https://aboutwallart.com/blogs/news-articles-home-decor-inspiration/stylish-behind-toilet-decor-5-ideas-to-transform-your-small-bathroom,,PENDING,LINK,242,5.3,67%,78.0,AI Suggestion
masculine home decor,https://aboutwallart.com/blogs/news-articles-home-decor-inspiration/choosing-the-right-art-for-grey-walls,,PENDING,PENDING,213,5.7,67%,77.6,AI Suggestion
masculine home decor,https://aboutwallart.com/blogs/news-articles-home-decor-inspiration/moisture-resistant-restroom-wall-art-what-actually-works,,PENDING,PENDING,538,5.8,67%,77.5,AI Suggestion
masculine home decor,https://aboutwallart.com/blogs/news-articles-home-decor-inspiration/how-bedroom-wall-art-ideas-can-impact-your-quality-of-rest,,PENDING,PENDING,107,6.1,67%,77.2,AI Suggestion
masculine home decor,https://aboutwallart.com/blogs/news-articles-home-decor-inspiration/old-money-style-interiors-classic-design-trends,,PENDING,PENDING,299,6.4,67%,77.0,AI Suggestion
masculine home decor,https://aboutwallart.com/blogs/news-articles-home-decor-inspiration/wall-art-for-high-ceilings-7-creative-ideas,,PENDING,PENDING,288,6.4,67%,76.9,AI Suggestion
wall art for office at work,https://aboutwallart.com/blogs/news-articles-home-decor-inspiration/art-for-offices-inspiring-ideas-for-every-workspace,,PENDING,KEEP,101,7.8,100%,92.2,AI Suggestion
wall art for office at work,https://aboutwallart.com/blogs/news-articles-home-decor-inspiration/do-beige-and-grey-go-together-heres-how-to-make-it-work,,PENDING,LINK,1362,4.3,60%,75.7,AI Suggestion
wall art for office at work,https://aboutwallart.com/blogs/news-articles-home-decor-inspiration/stylish-behind-toilet-decor-5-ideas-to-transform-your-small-bathroom,,PENDING,LINK,242,5.3,60%,74.7,AI Suggestion
wall art for office at work,https://aboutwallart.com/blogs/news-articles-home-decor-inspiration/choosing-the-right-art-for-grey-walls,,PENDING,LINK,213,5.7,60%,74.3,AI Suggestion
wall art for office at work,https://aboutwallart.com/blogs/news-articles-home-decor-inspiration/moisture-resistant-restroom-wall-art-what-actually-works,,PENDING,LINK,538,5.8,60%,74.2,AI Suggestion
wall art for office at work,https://aboutwallart.com/blogs/news-articles-home-decor-inspiration/wall-art-for-high-ceilings-7-creative-ideas,,PENDING,PENDING,288,6.4,60%,73.6,AI Suggestion
wall art for office at work,https://aboutwallart.com/blogs/news-articles-home-decor-inspiration/the-case-for-empty-spaces-when-less-truly-is-more,,PENDING,PENDING,102,6.5,60%,73.5,AI Suggestion
wall art for office at work,https://aboutwallart.com/collections/framed-wall-pictures-for-living-room,,PENDING,PENDING,198,7.8,60%,72.2,AI Suggestion
wall art for office at work,https://aboutwallart.com/blogs/news-articles-home-decor-inspiration/bathroom-art-ideas-to-transform-your-bathroom-into-an-oasis,,PENDING,PENDING,225,8.4,60%,71.6,AI Suggestion
wall art for office at work,https://aboutwallart.com/blogs/news-articles-home-decor-inspiration/determining-what-frame-size-do-i-need-for-my-space,,PENDING,PENDING,200,9.1,60%,70.9,AI Suggestion
wall art for grey walls,https://aboutwallart.com/blogs/news-articles-home-decor-inspiration/choosing-the-right-art-for-grey-walls,,PENDING,KEEP,213,5.7,100%,94.3,AI Suggestion
wall art for grey walls,https://aboutwallart.com/blogs/news-articles-home-decor-inspiration/what-colour-goes-with-grey-walls-essential-tips,,PENDING,REPURPOSE,728,5.0,80%,85.0,AI Suggestion
wall art for grey walls,https://aboutwallart.com/blogs/news-articles-home-decor-inspiration/do-beige-and-grey-go-together-heres-how-to-make-it-work,,PENDING,LINK,1362,4.3,60%,75.7,AI Suggestion
wall art for grey walls,https://aboutwallart.com/blogs/news-articles-home-decor-inspiration/stylish-behind-toilet-decor-5-ideas-to-transform-your-small-bathroom,,PENDING,LINK,242,5.3,60%,74.7,AI Suggestion
wall art for grey walls,https://aboutwallart.com/blogs/news-articles-home-decor-inspiration/wall-art-for-high-ceilings-7-creative-ideas,,PENDING,LINK,288,6.4,60%,73.6,AI Suggestion
wall art for grey walls,https://aboutwallart.com/blogs/news-articles-home-decor-inspiration/the-case-for-empty-spaces-when-less-truly-is-more,,PENDING,PENDING,102,6.5,60%,73.5,AI Suggestion
wall art for grey walls,https://aboutwallart.com/blogs/news-articles-home-decor-inspiration/art-for-offices-inspiring-ideas-for-every-workspace,,PENDING,PENDING,101,7.8,60%,72.2,AI Suggestion
wall art for grey walls,https://aboutwallart.com/collections/framed-wall-pictures-for-living-room,,PENDING,PENDING,198,7.8,60%,72.2,AI Suggestion
wall art for grey walls,https://aboutwallart.com/blogs/news-articles-home-decor-inspiration/bathroom-art-ideas-to-transform-your-bathroom-into-an-oasis,,PENDING,PENDING,225,8.4,60%,71.6,AI Suggestion
wall art for grey walls,https://aboutwallart.com/blogs/news-articles-home-decor-inspiration/determining-what-frame-size-do-i-need-for-my-space,,PENDING,PENDING,200,9.1,60%,70.9,AI Suggestion
3 5 7 rule interior design,https://aboutwallart.com/blogs/news-articles-home-decor-inspiration/old-money-style-interiors-classic-design-trends,,PENDING,KEEP,299,6.4,67%,77.0,AI Suggestion
3 5 7 rule interior design,https://aboutwallart.com/blogs/news-articles-home-decor-inspiration/understanding-art-in-interior-design,,PENDING,LINK,34,10.0,67%,53.5,AI Suggestion
3 5 7 rule interior design,https://aboutwallart.com/blogs/news-articles-home-decor-inspiration/kitchen-wall-art-expert-interior-design-tips-trends-2026,,PENDING,LINK,15,5.9,67%,51.9,AI Suggestion
3 5 7 rule interior design,https://aboutwallart.com/blogs/news-articles-home-decor-inspiration/design-principles-in-art-simple-rules-for-better-wall-displays,,PENDING,LINK,3,5.1,67%,49.1,AI Suggestion
3 5 7 rule interior design,https://aboutwallart.com/products/japandi-interior-design-set-of-3-wall-art-prints,,PENDING,LINK,7,6.5,67%,48.9,AI Suggestion
3 5 7 rule interior design,https://aboutwallart.com/collections/biophilic-interior-design?page=3,,PENDING,PENDING,3,5.9,67%,48.4,AI Suggestion
3 5 7 rule interior design,https://aboutwallart.com/products/japandi-interior-design-set-of-3-wall-art-prints?variant=55161848725884,,PENDING,PENDING,1,5.6,67%,48.0,AI Suggestion
3 5 7 rule interior design,https://aboutwallart.com/blogs/news-articles-home-decor-inspiration/apartment-interior-renovation-checklist-planning-design-trends-cost-factors,,PENDING,PENDING,3,6.6,67%,47.6,AI Suggestion
3 5 7 rule interior design,https://aboutwallart.com/blogs/news-articles-home-decor-inspiration/a-guide-to-a-different-type-of-interior-design-for-a-calming-home,,PENDING,PENDING,3,6.7,67%,47.5,AI Suggestion
3 5 7 rule interior design,https://aboutwallart.com/blogs/news-articles-home-decor-inspiration/interior-design-ideas-for-bedrooms-creating-your-sanctuary,,PENDING,PENDING,5,7.9,67%,46.9,AI Suggestion
3-5-7 rule in interior design,https://aboutwallart.com/blogs/news-articles-home-decor-inspiration/what-is-the-3-5-7-rule-in-decorating,,PENDING,KEEP,1489,2.8,50%,72.2,AI Suggestion
3-5-7 rule in interior design,https://aboutwallart.com/blogs/news-articles-home-decor-inspiration/old-money-style-interiors-classic-design-trends,,PENDING,LINK,299,6.4,50%,68.6,AI Suggestion
3-5-7 rule in interior design,https://aboutwallart.com/blogs/news-articles-home-decor-inspiration/understanding-art-in-interior-design,,PENDING,LINK,34,10.0,50%,45.2,AI Suggestion
3-5-7 rule in interior design,https://aboutwallart.com/blogs/news-articles-home-decor-inspiration/kitchen-wall-art-expert-interior-design-tips-trends-2026,,PENDING,LINK,15,5.9,50%,43.6,AI Suggestion
3-5-7 rule in interior design,https://aboutwallart.com/blogs/news-articles-home-decor-inspiration/design-principles-in-art-simple-rules-for-better-wall-displays,,PENDING,LINK,3,5.1,50%,40.8,AI Suggestion
3-5-7 rule in interior design,https://aboutwallart.com/products/japandi-interior-design-set-of-3-wall-art-prints,,PENDING,PENDING,7,6.5,50%,40.6,AI Suggestion
3-5-7 rule in interior design,https://aboutwallart.com/collections/biophilic-interior-design?page=3,,PENDING,PENDING,3,5.9,50%,40.0,AI Suggestion
3-5-7 rule in interior design,https://aboutwallart.com/products/japandi-interior-design-set-of-3-wall-art-prints?variant=55161848725884,,PENDING,PENDING,1,5.6,50%,39.7,AI Suggestion
3-5-7 rule in interior design,https://aboutwallart.com/blogs/news-articles-home-decor-inspiration/apartment-interior-renovation-checklist-planning-design-trends-cost-factors,,PENDING,PENDING,3,6.6,50%,39.3,AI Suggestion
3-5-7 rule in interior design,https://aboutwallart.com/blogs/news-articles-home-decor-inspiration/a-guide-to-a-different-type-of-interior-design-for-a-calming-home,,PENDING,PENDING,3,6.7,50%,39.2,AI Suggestion
write for us home design,https://aboutwallart.com/blogs/news-articles-home-decor-inspiration/stylish-behind-toilet-decor-5-ideas-to-transform-your-small-bathroom,,PENDING,KEEP,242,5.3,50%,69.7,AI Suggestion
write for us home design,https://aboutwallart.com/blogs/news-articles-home-decor-inspiration/choosing-the-right-art-for-grey-walls,,PENDING,LINK,213,5.7,50%,69.3,AI Suggestion
write for us home design,https://aboutwallart.com/blogs/news-articles-home-decor-inspiration/old-money-style-interiors-classic-design-trends,,PENDING,LINK,299,6.4,50%,68.6,AI Suggestion
write for us home design,https://aboutwallart.com/blogs/news-articles-home-decor-inspiration/wall-art-for-high-ceilings-7-creative-ideas,,PENDING,LINK,288,6.4,50%,68.6,AI Suggestion
write for us home design,https://aboutwallart.com/blogs/news-articles-home-decor-inspiration/the-case-for-empty-spaces-when-less-truly-is-more,,PENDING,LINK,102,6.5,50%,68.5,AI Suggestion
write for us home design,https://aboutwallart.com/blogs/news-articles-home-decor-inspiration/art-for-offices-inspiring-ideas-for-every-workspace,,PENDING,PENDING,101,7.8,50%,67.2,AI Suggestion
write for us home design,https://aboutwallart.com/blogs/news-articles-home-decor-inspiration/bathroom-art-ideas-to-transform-your-bathroom-into-an-oasis,,PENDING,PENDING,225,8.4,50%,66.6,AI Suggestion
write for us home design,https://aboutwallart.com/blogs/news-articles-home-decor-inspiration/determining-what-frame-size-do-i-need-for-my-space,,PENDING,PENDING,200,9.1,50%,65.9,AI Suggestion
write for us home design,https://aboutwallart.com/pages/write-for-us,,PENDING,PENDING,496,11.1,50%,63.9,AI Suggestion
write for us home design,https://aboutwallart.com/blogs/news-articles-home-decor-inspiration/how-to-hang-wall-art-for-stairs-without-a-straight-wall,,PENDING,PENDING,84,6.8,50%,63.5,AI Suggestion
framed wall art for living room,https://aboutwallart.com/collections/framed-wall-pictures-for-living-room,,PENDING,KEEP,198,7.8,100%,92.2,AI Suggestion
framed wall art for living room,https://aboutwallart.com/blogs/news-articles-home-decor-inspiration/stylish-behind-toilet-decor-5-ideas-to-transform-your-small-bathroom,,PENDING,LINK,242,5.3,67%,78.0,AI Suggestion
framed wall art for living room,https://aboutwallart.com/blogs/news-articles-home-decor-inspiration/bathroom-art-ideas-to-transform-your-bathroom-into-an-oasis,,PENDING,LINK,225,8.4,67%,74.9,AI Suggestion
framed wall art for living room,https://aboutwallart.com/products/floral-large-wall-prints-for-a-living-room-set-of-3-wall-art-prints,,PENDING,REPURPOSE,64,9.1,83%,71.8,AI Suggestion
framed wall art for living room,https://aboutwallart.com/blogs/news-articles-home-decor-inspiration/choosing-the-right-art-for-grey-walls,,PENDING,LINK,213,5.7,50%,69.3,AI Suggestion
framed wall art for living room,https://aboutwallart.com/products/Framed-prints-living-room-set-of-3-framed-wall-art?pr_prod_strat=pinned&pr_rec_id=f88259ac0&pr_rec_pid=8168006418718&pr_ref_pid=8168006713630&pr_seq=uniform,,PENDING,PENDING,1,1.0,100%,69.3,AI Suggestion
framed wall art for living room,https://aboutwallart.com/blogs/news-articles-home-decor-inspiration/moisture-resistant-restroom-wall-art-what-actually-works,,PENDING,PENDING,538,5.8,50%,69.2,AI Suggestion
framed wall art for living room,https://aboutwallart.com/blogs/news-articles-home-decor-inspiration/how-bedroom-wall-art-ideas-can-impact-your-quality-of-rest,,PENDING,PENDING,107,6.1,50%,68.9,AI Suggestion
framed wall art for living room,https://aboutwallart.com/blogs/news-articles-home-decor-inspiration/wall-art-for-high-ceilings-7-creative-ideas,,PENDING,PENDING,288,6.4,50%,68.6,AI Suggestion
framed wall art for living room,https://aboutwallart.com/blogs/news-articles-home-decor-inspiration/the-case-for-empty-spaces-when-less-truly-is-more,,PENDING,PENDING,102,6.5,50%,68.5,AI Suggestion
what colours go with grey,https://aboutwallart.com/blogs/news-articles-home-decor-inspiration/what-colour-goes-with-grey-walls-essential-tips,,PENDING,KEEP,728,5.0,75%,82.5,AI Suggestion
what colours go with grey,https://aboutwallart.com/blogs/news-articles-home-decor-inspiration/how-to-decorate-with-greige-colours-the-blend-of-grey-beige,,PENDING,LINK,21,8.8,75%,55.0,AI Suggestion
what colours go with grey,https://aboutwallart.com/blogs/news-articles-home-decor-inspiration/what-to-do-when-your-home-lacks-natural-light-decorate-with-living-room-wall-hangings,,PENDING,LINK,30,8.4,50%,45.6,AI Suggestion
what colours go with grey,https://aboutwallart.com/blogs/news-articles-home-decor-inspiration/how-to-add-personality-with-nursery-colours,,PENDING,LINK,15,9.0,50%,40.5,AI Suggestion
what colours go with grey,https://aboutwallart.com/blogs/news-articles-home-decor-inspiration/colors-that-go-with-grey-perfect-combinations-for-home-decor,,PENDING,LINK,12,13.1,50%,35.6,AI Suggestion
set of 3 wall art,https://aboutwallart.com/blogs/news-articles-home-decor-inspiration/what-is-the-3-5-7-rule-in-decorating,,PENDING,KEEP,1489,2.8,67%,80.5,AI Suggestion
set of 3 wall art,https://aboutwallart.com/products/floral-large-wall-prints-for-a-living-room-set-of-3-wall-art-prints,,PENDING,REPURPOSE,64,9.1,100%,80.1,AI Suggestion
set of 3 wall art,https://aboutwallart.com/products/3-pictures-above-bed-set-of-3-framed-wall-art,,PENDING,REPURPOSE,48,4.7,100%,79.7,AI Suggestion
set of 3 wall art,https://aboutwallart.com/blogs/news-articles-home-decor-inspiration/do-beige-and-grey-go-together-heres-how-to-make-it-work,,PENDING,LINK,1362,4.3,67%,79.1,AI Suggestion
set of 3 wall art,https://aboutwallart.com/blogs/news-articles-home-decor-inspiration/what-colour-goes-with-grey-walls-essential-tips,,PENDING,LINK,728,5.0,67%,78.3,AI Suggestion
set of 3 wall art,https://aboutwallart.com/blogs/news-articles-home-decor-inspiration/stylish-behind-toilet-decor-5-ideas-to-transform-your-small-bathroom,,PENDING,PENDING,242,5.3,67%,78.0,AI Suggestion
set of 3 wall art,https://aboutwallart.com/blogs/news-articles-home-decor-inspiration/choosing-the-right-art-for-grey-walls,,PENDING,PENDING,213,5.7,67%,77.6,AI Suggestion
set of 3 wall art,https://aboutwallart.com/products/large-living-room-pictures-set-of-3-wall-art-prints,,PENDING,PENDING,47,6.6,100%,77.5,AI Suggestion
set of 3 wall art,https://aboutwallart.com/blogs/news-articles-home-decor-inspiration/moisture-resistant-restroom-wall-art-what-actually-works,,PENDING,PENDING,538,5.8,67%,77.5,AI Suggestion
set of 3 wall art,https://aboutwallart.com/blogs/news-articles-home-decor-inspiration/how-bedroom-wall-art-ideas-can-impact-your-quality-of-rest,,PENDING,PENDING,107,6.1,67%,77.2,AI Suggestion
colours that go with grey,https://aboutwallart.com/blogs/news-articles-home-decor-inspiration/what-colour-goes-with-grey-walls-essential-tips,,PENDING,KEEP,728,5.0,50%,70.0,AI Suggestion
colours that go with grey,https://aboutwallart.com/blogs/news-articles-home-decor-inspiration/decor-for-nursery-wall-that-stimulates-without-overwhelming,,PENDING,LINK,76,7.8,50%,60.0,AI Suggestion
colours that go with grey,https://aboutwallart.com/blogs/news-articles-home-decor-inspiration/how-to-decorate-with-greige-colours-the-blend-of-grey-beige,,PENDING,LINK,21,8.8,75%,55.0,AI Suggestion
colours that go with grey,https://aboutwallart.com/blogs/news-articles-home-decor-inspiration/colors-that-go-with-grey-perfect-combinations-for-home-decor,,PENDING,LINK,12,13.1,75%,48.1,AI Suggestion
colours that go with grey,https://aboutwallart.com/blogs/news-articles-home-decor-inspiration/how-to-add-personality-with-nursery-colours,,PENDING,LINK,15,9.0,50%,40.5,AI Suggestion
colours that go with grey,https://aboutwallart.com/blogs/news-articles-home-decor-inspiration/how-to-use-a-nursery-decor-style-that-grows-with-your-child,,PENDING,PENDING,2,10.1,50%,35.6,AI Suggestion
does grey and beige go together,https://aboutwallart.com/blogs/news-articles-home-decor-inspiration/do-beige-and-grey-go-together-heres-how-to-make-it-work,,PENDING,KEEP,1362,4.3,80%,85.7,AI Suggestion
does grey and beige go together,https://aboutwallart.com/blogs/home-decor-inspiration/do-beige-and-grey-go-together,,PENDING,LINK,1,2.9,80%,57.4,AI Suggestion
what colours go with grey walls,https://aboutwallart.com/blogs/news-articles-home-decor-inspiration/what-colour-goes-with-grey-walls-essential-tips,,PENDING,KEEP,728,5.0,80%,85.0,AI Suggestion
what colours go with grey walls,https://aboutwallart.com/blogs/news-articles-home-decor-inspiration/how-to-decorate-with-greige-colours-the-blend-of-grey-beige,,PENDING,LINK,21,8.8,60%,47.5,AI Suggestion
professional office wall art,https://aboutwallart.com/blogs/news-articles-home-decor-inspiration/art-for-offices-inspiring-ideas-for-every-workspace,,PENDING,KEEP,101,7.8,75%,79.7,AI Suggestion
professional office wall art,https://aboutwallart.com/blogs/news-articles-home-decor-inspiration/what-is-the-3-5-7-rule-in-decorating,,PENDING,LINK,1489,2.8,50%,72.2,AI Suggestion
professional office wall art,https://aboutwallart.com/blogs/news-articles-home-decor-inspiration/do-beige-and-grey-go-together-heres-how-to-make-it-work,,PENDING,LINK,1362,4.3,50%,70.7,AI Suggestion
professional office wall art,https://aboutwallart.com/blogs/news-articles-home-decor-inspiration/what-colour-goes-with-grey-walls-essential-tips,,PENDING,LINK,728,5.0,50%,70.0,AI Suggestion
professional office wall art,https://aboutwallart.com/blogs/news-articles-home-decor-inspiration/stylish-behind-toilet-decor-5-ideas-to-transform-your-small-bathroom,,PENDING,LINK,242,5.3,50%,69.7,AI Suggestion
professional office wall art,https://aboutwallart.com/blogs/news-articles-home-decor-inspiration/choosing-the-right-art-for-grey-walls,,PENDING,PENDING,213,5.7,50%,69.3,AI Suggestion
professional office wall art,https://aboutwallart.com/blogs/news-articles-home-decor-inspiration/moisture-resistant-restroom-wall-art-what-actually-works,,PENDING,PENDING,538,5.8,50%,69.2,AI Suggestion
professional office wall art,https://aboutwallart.com/blogs/news-articles-home-decor-inspiration/how-bedroom-wall-art-ideas-can-impact-your-quality-of-rest,,PENDING,PENDING,107,6.1,50%,68.9,AI Suggestion
professional office wall art,https://aboutwallart.com/blogs/news-articles-home-decor-inspiration/old-money-style-interiors-classic-design-trends,,PENDING,PENDING,299,6.4,50%,68.6,AI Suggestion
professional office wall art,https://aboutwallart.com/blogs/news-articles-home-decor-inspiration/wall-art-for-high-ceilings-7-creative-ideas,,PENDING,PENDING,288,6.4,50%,68.6,AI Suggestion
studio apartment design ideas,https://aboutwallart.com/blogs/news-articles-home-decor-inspiration/small-studio-apartment-decor-10-genius-tips-and-hacks,,PENDING,KEEP,98,7.2,50%,67.2,AI Suggestion
studio apartment design ideas,https://aboutwallart.com/blogs/news-articles-home-decor-inspiration/studio-apartment-ideas-small-space-design-solutions-for-2026,,PENDING,LINK,4,4.3,100%,66.9,AI Suggestion
studio apartment design ideas,https://aboutwallart.com/blogs/news-articles-home-decor-inspiration/tiny-studio-apartment-ideas-small-space-design-solutions-for-2026,,PENDING,LINK,1,6.0,100%,64.3,AI Suggestion
studio apartment design ideas,https://aboutwallart.com/blogs/news-articles-home-decor-inspiration/designing-a-kids-playroom-childrens-playroom-ideas,,PENDING,LINK,31,8.2,50%,46.1,AI Suggestion
studio apartment design ideas,https://aboutwallart.com/blogs/news-articles-home-decor-inspiration/art-moderne-home-decor-streamlined-1930s-inspired-design-ideas-1,,PENDING,LINK,26,8.9,50%,43.8,AI Suggestion
studio apartment design ideas,https://aboutwallart.com/blogs/news-articles-home-decor-inspiration/creative-office-wall-design-ideas-to-inspire-productivity,,PENDING,PENDING,18,9.1,50%,41.3,AI Suggestion
studio apartment design ideas,https://aboutwallart.com/blogs/news-articles-home-decor-inspiration/designing-a-clutter-free-kids-playroom-childrens-playroom-ideas?_pos=7&_sid=e3c44c775&_ss=r,,PENDING,PENDING,2,5.8,50%,39.8,AI Suggestion
studio apartment design ideas,https://aboutwallart.com/blogs/news-articles-home-decor-inspiration/never-too-small-wall-decoration-office-ideas-for-apartments,,PENDING,PENDING,7,7.3,50%,39.8,AI Suggestion
studio apartment design ideas,https://aboutwallart.com/blogs/news-articles-home-decor-inspiration/apartment-interior-renovation-checklist-planning-design-trends-cost-factors,,PENDING,PENDING,3,6.6,50%,39.3,AI Suggestion
studio apartment design ideas,https://aboutwallart.com/blogs/news-articles-home-decor-inspiration/interior-design-ideas-for-bedrooms-creating-your-sanctuary,,PENDING,PENDING,5,7.9,50%,38.6,AI Suggestion
picture for living room,https://aboutwallart.com/collections/framed-wall-pictures-for-living-room,,PENDING,KEEP,198,7.8,100%,92.2,AI Suggestion
picture for living room,https://aboutwallart.com/blogs/news-articles-home-decor-inspiration/stylish-behind-toilet-decor-5-ideas-to-transform-your-small-bathroom,,PENDING,LINK,242,5.3,50%,69.7,AI Suggestion
picture for living room,https://aboutwallart.com/blogs/news-articles-home-decor-inspiration/wall-art-pictures-for-living-room-grounded-neutral-colours,,PENDING,LINK,17,7.5,100%,67.6,AI Suggestion
picture for living room,https://aboutwallart.com/products/floral-large-wall-prints-for-a-living-room-set-of-3-wall-art-prints,,PENDING,LINK,64,9.1,75%,67.6,AI Suggestion
picture for living room,https://aboutwallart.com/blogs/news-articles-home-decor-inspiration/how-i-used-canvas-pictures-for-living-rooms,,PENDING,REPURPOSE,20,9.0,100%,67.0,AI Suggestion
picture for living room,https://aboutwallart.com/blogs/news-articles-home-decor-inspiration/bathroom-art-ideas-to-transform-your-bathroom-into-an-oasis,,PENDING,PENDING,225,8.4,50%,66.6,AI Suggestion
picture for living room,https://aboutwallart.com/products/wall-picture-for-living-room-set-of-3-japanese-art-prints?variant=55161206079868,,PENDING,PENDING,6,5.7,100%,66.1,AI Suggestion
picture for living room,https://aboutwallart.com/products/big-pictures-for-living-room-set-of-2-wall-art,,PENDING,PENDING,7,6.4,100%,65.7,AI Suggestion
picture for living room,https://aboutwallart.com/products/wall-picture-for-living-room-set-of-3-japanese-art-prints?variant=55161205260668,,PENDING,PENDING,1,5.2,100%,65.1,AI Suggestion
picture for living room,https://aboutwallart.com/products/large-living-room-pictures-set-of-3-wall-art-prints,,PENDING,PENDING,47,6.6,75%,65.0,AI Suggestion
does beige go with grey,https://aboutwallart.com/blogs/news-articles-home-decor-inspiration/do-beige-and-grey-go-together-heres-how-to-make-it-work,,PENDING,KEEP,1362,4.3,50%,70.7,AI Suggestion
does beige go with grey,https://aboutwallart.com/blogs/news-articles-home-decor-inspiration/what-colour-goes-with-grey-walls-essential-tips,,PENDING,LINK,728,5.0,50%,70.0,AI Suggestion
does beige go with grey,https://aboutwallart.com/blogs/news-articles-home-decor-inspiration/how-to-decorate-with-greige-colours-the-blend-of-grey-beige,,PENDING,LINK,21,8.8,75%,55.0,AI Suggestion
does beige go with grey,https://aboutwallart.com/blogs/home-decor-inspiration/do-beige-and-grey-go-together,,PENDING,LINK,1,2.9,50%,42.4,AI Suggestion
does beige go with grey,https://aboutwallart.com/blogs/news-articles-home-decor-inspiration/colors-that-go-with-grey-perfect-combinations-for-home-decor,,PENDING,LINK,12,13.1,50%,35.6,AI Suggestion
bathroom artwork ideas,https://aboutwallart.com/blogs/news-articles-home-decor-inspiration/stylish-behind-toilet-decor-5-ideas-to-transform-your-small-bathroom,,PENDING,KEEP,242,5.3,67%,78.0,AI Suggestion
bathroom artwork ideas,https://aboutwallart.com/blogs/news-articles-home-decor-inspiration/decorating-above-toilet-stylish-ideas-to-elevate-your-bathroom,,PENDING,LINK,139,6.5,67%,76.8,AI Suggestion
bathroom artwork ideas,https://aboutwallart.com/blogs/news-articles-home-decor-inspiration/bathroom-art-ideas-to-transform-your-bathroom-into-an-oasis,,PENDING,LINK,225,8.4,67%,74.9,AI Suggestion
bathroom artwork ideas,https://aboutwallart.com/blogs/news-articles-home-decor-inspiration/bathroom-wall-decor-ideas-for-spa-like-spaces,,PENDING,LINK,26,8.1,67%,53.1,AI Suggestion
bathroom artwork ideas,https://aboutwallart.com/products/bathroom-artwork-prints-set-of-3-framed-wall-art-prints?pr_prod_strat=pinned&pr_rec_id=2502a320f&pr_rec_pid=8167972241694&pr_ref_pid=8167972897054&pr_seq=uniform,,PENDING,LINK,2,1.0,67%,52.9,AI Suggestion
bathroom artwork ideas,https://aboutwallart.com/products/modern-bathroom-wall-decor-ideas-set-of-3-wall-art-prints?pr_prod_strat=e5_desc&pr_rec_id=0793c8f3f&pr_rec_pid=8517977899294&pr_ref_pid=8807650459934&pr_seq=uniform,,PENDING,PENDING,1,1.2,67%,52.4,AI Suggestion
bathroom artwork ideas,https://aboutwallart.com/products/modern-bathroom-wall-decor-ideas-set-of-3-wall-art-prints,,PENDING,PENDING,13,6.1,67%,51.2,AI Suggestion
bathroom artwork ideas,https://aboutwallart.com/blogs/news-articles-home-decor-inspiration/stylish-powder-room-bathroom-decorating-ideas-to-elevate-your-space,,PENDING,PENDING,19,8.3,67%,50.8,AI Suggestion
bathroom artwork ideas,https://aboutwallart.com/products/bathroom-artwork-prints-set-of-3-framed-wall-art-prints,,PENDING,PENDING,5,6.0,67%,48.8,AI Suggestion
bathroom artwork ideas,https://aboutwallart.com/blogs/news-articles-home-decor-inspiration/toilet-decor-ideas-to-instantly-upgrade-a-small-bathroom,,PENDING,PENDING,9,8.1,67%,47.9,AI Suggestion
fireplace art,https://aboutwallart.com/collections/above-fireplaces,,PENDING,KEEP,164,7.3,100%,92.7,AI Suggestion
fireplace art,https://aboutwallart.com/blogs/news-articles-home-decor-inspiration/what-is-the-3-5-7-rule-in-decorating,,PENDING,LINK,1489,2.8,50%,72.2,AI Suggestion
fireplace art,https://aboutwallart.com/blogs/news-articles-home-decor-inspiration/do-beige-and-grey-go-together-heres-how-to-make-it-work,,PENDING,LINK,1362,4.3,50%,70.7,AI Suggestion
fireplace art,https://aboutwallart.com/blogs/news-articles-home-decor-inspiration/what-colour-goes-with-grey-walls-essential-tips,,PENDING,LINK,728,5.0,50%,70.0,AI Suggestion
fireplace art,https://aboutwallart.com/blogs/news-articles-home-decor-inspiration/stylish-behind-toilet-decor-5-ideas-to-transform-your-small-bathroom,,PENDING,LINK,242,5.3,50%,69.7,AI Suggestion
fireplace art,https://aboutwallart.com/blogs/news-articles-home-decor-inspiration/choosing-the-right-art-for-grey-walls,,PENDING,PENDING,213,5.7,50%,69.3,AI Suggestion
fireplace art,https://aboutwallart.com/blogs/news-articles-home-decor-inspiration/moisture-resistant-restroom-wall-art-what-actually-works,,PENDING,PENDING,538,5.8,50%,69.2,AI Suggestion
fireplace art,https://aboutwallart.com/blogs/news-articles-home-decor-inspiration/how-bedroom-wall-art-ideas-can-impact-your-quality-of-rest,,PENDING,PENDING,107,6.1,50%,68.9,AI Suggestion
fireplace art,https://aboutwallart.com/blogs/news-articles-home-decor-inspiration/old-money-style-interiors-classic-design-trends,,PENDING,PENDING,299,6.4,50%,68.6,AI Suggestion
fireplace art,https://aboutwallart.com/blogs/news-articles-home-decor-inspiration/wall-art-for-high-ceilings-7-creative-ideas,,PENDING,PENDING,288,6.4,50%,68.6,AI Suggestion
art for above fireplace,https://aboutwallart.com/collections/above-fireplaces,,PENDING,KEEP,164,7.3,75%,80.2,AI Suggestion
art for above fireplace,https://aboutwallart.com/blogs/news-articles-home-decor-inspiration/stylish-behind-toilet-decor-5-ideas-to-transform-your-small-bathroom,,PENDING,LINK,242,5.3,50%,69.7,AI Suggestion
art for above fireplace,https://aboutwallart.com/blogs/news-articles-home-decor-inspiration/choosing-the-right-art-for-grey-walls,,PENDING,LINK,213,5.7,50%,69.3,AI Suggestion
art for above fireplace,https://aboutwallart.com/blogs/news-articles-home-decor-inspiration/wall-art-for-high-ceilings-7-creative-ideas,,PENDING,LINK,288,6.4,50%,68.6,AI Suggestion
art for above fireplace,https://aboutwallart.com/blogs/news-articles-home-decor-inspiration/the-case-for-empty-spaces-when-less-truly-is-more,,PENDING,LINK,102,6.5,50%,68.5,AI Suggestion
art for above fireplace,https://aboutwallart.com/blogs/news-articles-home-decor-inspiration/decorating-above-toilet-stylish-ideas-to-elevate-your-bathroom,,PENDING,PENDING,139,6.5,50%,68.5,AI Suggestion
art for above fireplace,https://aboutwallart.com/blogs/news-articles-home-decor-inspiration/art-for-offices-inspiring-ideas-for-every-workspace,,PENDING,PENDING,101,7.8,50%,67.2,AI Suggestion
art for above fireplace,https://aboutwallart.com/collections/framed-wall-pictures-for-living-room,,PENDING,PENDING,198,7.8,50%,67.2,AI Suggestion
art for above fireplace,https://aboutwallart.com/blogs/news-articles-home-decor-inspiration/bathroom-art-ideas-to-transform-your-bathroom-into-an-oasis,,PENDING,PENDING,225,8.4,50%,66.6,AI Suggestion
art for above fireplace,https://aboutwallart.com/blogs/news-articles-home-decor-inspiration/determining-what-frame-size-do-i-need-for-my-space,,PENDING,PENDING,200,9.1,50%,65.9,AI Suggestion
framed botanical prints set of 3,https://aboutwallart.com/products/botanical-bathroom-art-framed-set-of-3-wall-prints,,PENDING,KEEP,18,9.1,100%,66.3,AI Suggestion
framed botanical prints set of 3,https://aboutwallart.com/products/bedroom-framed-prints-set-of-3-wall-art-prints,,PENDING,LINK,45,6.5,75%,64.5,AI Suggestion
framed botanical prints set of 3,https://aboutwallart.com/products/bathroom-pictures-framed-set-of-3-botanical-wall-art-prints,,PENDING,LINK,2,6.3,100%,64.3,AI Suggestion
framed botanical prints set of 3,https://aboutwallart.com/products/bathroom-pictures-framed-set-of-3-botanical-gold-wall-art-prints?variant=49280531104030&currency=GBP,,PENDING,LINK,1,7.4,100%,62.9,AI Suggestion
framed botanical prints set of 3,https://aboutwallart.com/products/bathroom-pictures-framed-set-of-3-botanical-gold-wall-art-prints?variant=55160616321404&country=GB&currency=GBP,,PENDING,LINK,1,8.7,100%,61.6,AI Suggestion
framed botanical prints set of 3,https://aboutwallart.com/products/bathroom-pictures-framed-set-of-3-botanical-wall-art-prints?variant=55160615862652,,PENDING,PENDING,1,9.7,100%,60.6,AI Suggestion
framed botanical prints set of 3,https://aboutwallart.com/products/wall-art-neutral-set-of-3-framed-wall-art-prints,,PENDING,PENDING,29,7.6,75%,58.6,AI Suggestion
framed botanical prints set of 3,https://aboutwallart.com/products/botanical-prints-set-of-3-wall-art-prints?pr_prod_strat=pinned&pr_rec_id=44cd18ee2&pr_rec_pid=8167978565918&pr_ref_pid=8167978205470&pr_seq=uniform,,PENDING,PENDING,3,1.0,75%,57.4,AI Suggestion
framed botanical prints set of 3,https://aboutwallart.com/products/bathroom-artwork-prints-set-of-3-framed-wall-art-prints?pr_prod_strat=pinned&pr_rec_id=2502a320f&pr_rec_pid=8167972241694&pr_ref_pid=8167972897054&pr_seq=uniform,,PENDING,PENDING,2,1.0,75%,57.1,AI Suggestion
framed botanical prints set of 3,https://aboutwallart.com/products/office-wall-decorations-set-of-3-framed-wall-art-prints?pr_prod_strat=use_description&pr_rec_id=3499e27c1&pr_rec_pid=8167998587166&pr_ref_pid=8167999963422&pr_seq=uniform,,PENDING,PENDING,2,1.3,75%,56.9,AI Suggestion
wall art trends 2026,https://aboutwallart.com/blogs/news-articles-home-decor-inspiration/my-guide-to-the-top-interior-decorating-trends-2026,,PENDING,KEEP,101,7.7,100%,92.3,AI Suggestion
wall art trends 2026,https://aboutwallart.com/blogs/news-articles-home-decor-inspiration/old-money-style-interiors-classic-design-trends,,PENDING,LINK,299,6.4,75%,81.1,AI Suggestion
wall art trends 2026,https://aboutwallart.com/blogs/news-articles-home-decor-inspiration/what-is-the-3-5-7-rule-in-decorating,,PENDING,LINK,1489,2.8,50%,72.2,AI Suggestion
wall art trends 2026,https://aboutwallart.com/blogs/news-articles-home-decor-inspiration/do-beige-and-grey-go-together-heres-how-to-make-it-work,,PENDING,LINK,1362,4.3,50%,70.7,AI Suggestion
wall art trends 2026,https://aboutwallart.com/blogs/news-articles-home-decor-inspiration/what-colour-goes-with-grey-walls-essential-tips,,PENDING,LINK,728,5.0,50%,70.0,AI Suggestion
wall art trends 2026,https://aboutwallart.com/blogs/news-articles-home-decor-inspiration/stylish-behind-toilet-decor-5-ideas-to-transform-your-small-bathroom,,PENDING,PENDING,242,5.3,50%,69.7,AI Suggestion
wall art trends 2026,https://aboutwallart.com/blogs/news-articles-home-decor-inspiration/choosing-the-right-art-for-grey-walls,,PENDING,PENDING,213,5.7,50%,69.3,AI Suggestion
wall art trends 2026,https://aboutwallart.com/blogs/news-articles-home-decor-inspiration/moisture-resistant-restroom-wall-art-what-actually-works,,PENDING,PENDING,538,5.8,50%,69.2,AI Suggestion
wall art trends 2026,https://aboutwallart.com/blogs/news-articles-home-decor-inspiration/how-bedroom-wall-art-ideas-can-impact-your-quality-of-rest,,PENDING,PENDING,107,6.1,50%,68.9,AI Suggestion
wall art trends 2026,https://aboutwallart.com/blogs/news-articles-home-decor-inspiration/kitchen-wall-art-expert-interior-design-tips-trends-2026,,PENDING,PENDING,15,5.9,100%,68.6,AI Suggestion
waterproof bathroom art,https://aboutwallart.com/blogs/news-articles-home-decor-inspiration/stylish-behind-toilet-decor-5-ideas-to-transform-your-small-bathroom,,PENDING,KEEP,242,5.3,67%,78.0,AI Suggestion
waterproof bathroom art,https://aboutwallart.com/blogs/news-articles-home-decor-inspiration/decorating-above-toilet-stylish-ideas-to-elevate-your-bathroom,,PENDING,LINK,139,6.5,67%,76.8,AI Suggestion
waterproof bathroom art,https://aboutwallart.com/blogs/news-articles-home-decor-inspiration/bathroom-art-ideas-to-transform-your-bathroom-into-an-oasis,,PENDING,LINK,225,8.4,67%,74.9,AI Suggestion
waterproof bathroom art,https://aboutwallart.com/blogs/news-articles-home-decor-inspiration/bathroom-wall-decor-ideas-for-spa-like-spaces,,PENDING,LINK,26,8.1,67%,53.1,AI Suggestion
waterproof bathroom art,https://aboutwallart.com/products/bathroom-artwork-prints-set-of-3-framed-wall-art-prints?pr_prod_strat=pinned&pr_rec_id=2502a320f&pr_rec_pid=8167972241694&pr_ref_pid=8167972897054&pr_seq=uniform,,PENDING,LINK,2,1.0,67%,52.9,AI Suggestion
waterproof bathroom art,https://aboutwallart.com/products/framed-art-for-bathroom-set-of-3-green-botanical-wall-art?variant=47153193156894,,PENDING,PENDING,1,1.1,67%,52.5,AI Suggestion
waterproof bathroom art,https://aboutwallart.com/products/art-prints-for-the-bathroom-set-of-3-wall-art-prints?pr_prod_strat=e5_desc&pr_rec_id=2d9082061&pr_rec_pid=8167974273310&pr_ref_pid=8167974076702&pr_seq=uniform,,PENDING,PENDING,1,1.2,67%,52.4,AI Suggestion
waterproof bathroom art,https://aboutwallart.com/products/modern-bathroom-wall-decor-ideas-set-of-3-wall-art-prints?pr_prod_strat=e5_desc&pr_rec_id=0793c8f3f&pr_rec_pid=8517977899294&pr_ref_pid=8807650459934&pr_seq=uniform,,PENDING,PENDING,1,1.2,67%,52.4,AI Suggestion
waterproof bathroom art,https://aboutwallart.com/products/art-for-a-bathrooms-set-of-3-framed-wall-art?pr_prod_strat=e5_desc&pr_rec_id=2d9082061&pr_rec_pid=8566718071070&pr_ref_pid=8167974076702&pr_seq=uniform,,PENDING,PENDING,1,1.3,67%,52.3,AI Suggestion
waterproof bathroom art,https://aboutwallart.com/products/art-prints-for-the-bathroom-set-of-3-wall-art-prints?pr_prod_strat=pinned&pr_rec_id=7cfe23379&pr_rec_pid=8167974273310&pr_ref_pid=9013683388702&pr_seq=uniform,,PENDING,PENDING,2,1.8,67%,52.1,AI Suggestion
bedroom wall art,https://aboutwallart.com/blogs/news-articles-home-decor-inspiration/how-bedroom-wall-art-ideas-can-impact-your-quality-of-rest,,PENDING,KEEP,107,6.1,100%,93.9,AI Suggestion
bedroom wall art,https://aboutwallart.com/blogs/news-articles-home-decor-inspiration/what-is-the-3-5-7-rule-in-decorating,,PENDING,LINK,1489,2.8,67%,80.5,AI Suggestion
bedroom wall art,https://aboutwallart.com/blogs/news-articles-home-decor-inspiration/coastal-decor-bedroom-ideas-how-to-style-it,,PENDING,REPURPOSE,57,7.9,100%,79.2,AI Suggestion
bedroom wall art,https://aboutwallart.com/blogs/news-articles-home-decor-inspiration/do-beige-and-grey-go-together-heres-how-to-make-it-work,,PENDING,LINK,1362,4.3,67%,79.1,AI Suggestion
bedroom wall art,https://aboutwallart.com/blogs/news-articles-home-decor-inspiration/what-colour-goes-with-grey-walls-essential-tips,,PENDING,LINK,728,5.0,67%,78.3,AI Suggestion
bedroom wall art,https://aboutwallart.com/blogs/news-articles-home-decor-inspiration/stylish-behind-toilet-decor-5-ideas-to-transform-your-small-bathroom,,PENDING,PENDING,242,5.3,67%,78.0,AI Suggestion
bedroom wall art,https://aboutwallart.com/blogs/news-articles-home-decor-inspiration/choosing-the-right-art-for-grey-walls,,PENDING,PENDING,213,5.7,67%,77.6,AI Suggestion
bedroom wall art,https://aboutwallart.com/blogs/news-articles-home-decor-inspiration/moisture-resistant-restroom-wall-art-what-actually-works,,PENDING,PENDING,538,5.8,67%,77.5,AI Suggestion
bedroom wall art,https://aboutwallart.com/products/bedroom-framed-prints-set-of-3-wall-art-prints,,PENDING,PENDING,45,6.5,100%,77.0,AI Suggestion
bedroom wall art,https://aboutwallart.com/blogs/news-articles-home-decor-inspiration/old-money-style-interiors-classic-design-trends,,PENDING,PENDING,299,6.4,67%,77.0,AI Suggestion
unique wall art for living room,https://aboutwallart.com/collections/framed-wall-pictures-for-living-room,,PENDING,KEEP,198,7.8,83%,83.8,AI Suggestion
unique wall art for living room,https://aboutwallart.com/blogs/news-articles-home-decor-inspiration/stylish-behind-toilet-decor-5-ideas-to-transform-your-small-bathroom,,PENDING,LINK,242,5.3,67%,78.0,AI Suggestion
unique wall art for living room,https://aboutwallart.com/blogs/news-articles-home-decor-inspiration/bathroom-art-ideas-to-transform-your-bathroom-into-an-oasis,,PENDING,LINK,225,8.4,67%,74.9,AI Suggestion
unique wall art for living room,https://aboutwallart.com/products/floral-large-wall-prints-for-a-living-room-set-of-3-wall-art-prints,,PENDING,REPURPOSE,64,9.1,83%,71.8,AI Suggestion
unique wall art for living room,https://aboutwallart.com/blogs/news-articles-home-decor-inspiration/choosing-the-right-art-for-grey-walls,,PENDING,LINK,213,5.7,50%,69.3,AI Suggestion
unique wall art for living room,https://aboutwallart.com/blogs/news-articles-home-decor-inspiration/moisture-resistant-restroom-wall-art-what-actually-works,,PENDING,PENDING,538,5.8,50%,69.2,AI Suggestion
unique wall art for living room,https://aboutwallart.com/blogs/news-articles-home-decor-inspiration/how-bedroom-wall-art-ideas-can-impact-your-quality-of-rest,,PENDING,PENDING,107,6.1,50%,68.9,AI Suggestion
unique wall art for living room,https://aboutwallart.com/blogs/news-articles-home-decor-inspiration/wall-art-for-high-ceilings-7-creative-ideas,,PENDING,PENDING,288,6.4,50%,68.6,AI Suggestion
unique wall art for living room,https://aboutwallart.com/blogs/news-articles-home-decor-inspiration/the-case-for-empty-spaces-when-less-truly-is-more,,PENDING,PENDING,102,6.5,50%,68.5,AI Suggestion
unique wall art for living room,https://aboutwallart.com/blogs/news-articles-home-decor-inspiration/decorating-above-toilet-stylish-ideas-to-elevate-your-bathroom,,PENDING,PENDING,139,6.5,50%,68.5,AI Suggestion
bathroom wall decor,https://aboutwallart.com/blogs/news-articles-home-decor-inspiration/stylish-behind-toilet-decor-5-ideas-to-transform-your-small-bathroom,,PENDING,KEEP,242,5.3,100%,94.7,AI Suggestion
bathroom wall decor,https://aboutwallart.com/blogs/news-articles-home-decor-inspiration/decorating-above-toilet-stylish-ideas-to-elevate-your-bathroom,,PENDING,REPURPOSE,139,6.5,100%,93.5,AI Suggestion
bathroom wall decor,https://aboutwallart.com/blogs/news-articles-home-decor-inspiration/bathroom-art-ideas-to-transform-your-bathroom-into-an-oasis,,PENDING,REPURPOSE,225,8.4,100%,91.6,AI Suggestion
bathroom wall decor,https://aboutwallart.com/blogs/news-articles-home-decor-inspiration/what-is-the-3-5-7-rule-in-decorating,,PENDING,LINK,1489,2.8,67%,80.5,AI Suggestion
bathroom wall decor,https://aboutwallart.com/blogs/news-articles-home-decor-inspiration/do-beige-and-grey-go-together-heres-how-to-make-it-work,,PENDING,LINK,1362,4.3,67%,79.1,AI Suggestion
bathroom wall decor,https://aboutwallart.com/blogs/news-articles-home-decor-inspiration/what-colour-goes-with-grey-walls-essential-tips,,PENDING,PENDING,728,5.0,67%,78.3,AI Suggestion
bathroom wall decor,https://aboutwallart.com/blogs/news-articles-home-decor-inspiration/choosing-the-right-art-for-grey-walls,,PENDING,PENDING,213,5.7,67%,77.6,AI Suggestion
bathroom wall decor,https://aboutwallart.com/blogs/news-articles-home-decor-inspiration/moisture-resistant-restroom-wall-art-what-actually-works,,PENDING,PENDING,538,5.8,67%,77.5,AI Suggestion
bathroom wall decor,https://aboutwallart.com/blogs/news-articles-home-decor-inspiration/how-bedroom-wall-art-ideas-can-impact-your-quality-of-rest,,PENDING,PENDING,107,6.1,67%,77.2,AI Suggestion
bathroom wall decor,https://aboutwallart.com/blogs/news-articles-home-decor-inspiration/old-money-style-interiors-classic-design-trends,,PENDING,PENDING,299,6.4,67%,77.0,AI Suggestion
teal wall art,https://aboutwallart.com/blogs/news-articles-home-decor-inspiration/what-is-the-3-5-7-rule-in-decorating,,PENDING,KEEP,1489,2.8,67%,80.5,AI Suggestion
teal wall art,https://aboutwallart.com/blogs/news-articles-home-decor-inspiration/do-beige-and-grey-go-together-heres-how-to-make-it-work,,PENDING,LINK,1362,4.3,67%,79.1,AI Suggestion
teal wall art,https://aboutwallart.com/blogs/news-articles-home-decor-inspiration/what-colour-goes-with-grey-walls-essential-tips,,PENDING,LINK,728,5.0,67%,78.3,AI Suggestion
teal wall art,https://aboutwallart.com/blogs/news-articles-home-decor-inspiration/stylish-behind-toilet-decor-5-ideas-to-transform-your-small-bathroom,,PENDING,LINK,242,5.3,67%,78.0,AI Suggestion
teal wall art,https://aboutwallart.com/blogs/news-articles-home-decor-inspiration/choosing-the-right-art-for-grey-walls,,PENDING,LINK,213,5.7,67%,77.6,AI Suggestion
teal wall art,https://aboutwallart.com/blogs/news-articles-home-decor-inspiration/moisture-resistant-restroom-wall-art-what-actually-works,,PENDING,PENDING,538,5.8,67%,77.5,AI Suggestion
teal wall art,https://aboutwallart.com/blogs/news-articles-home-decor-inspiration/how-bedroom-wall-art-ideas-can-impact-your-quality-of-rest,,PENDING,PENDING,107,6.1,67%,77.2,AI Suggestion
teal wall art,https://aboutwallart.com/blogs/news-articles-home-decor-inspiration/old-money-style-interiors-classic-design-trends,,PENDING,PENDING,299,6.4,67%,77.0,AI Suggestion
teal wall art,https://aboutwallart.com/blogs/news-articles-home-decor-inspiration/wall-art-for-high-ceilings-7-creative-ideas,,PENDING,PENDING,288,6.4,67%,76.9,AI Suggestion
teal wall art,https://aboutwallart.com/blogs/news-articles-home-decor-inspiration/cherry-blossom-art-japan-understanding-the-deep-symbolism,,PENDING,PENDING,114,6.4,67%,76.9,AI Suggestion
pictures for living room wall,https://aboutwallart.com/collections/framed-wall-pictures-for-living-room,,PENDING,KEEP,198,7.8,100%,92.2,AI Suggestion
pictures for living room wall,https://aboutwallart.com/blogs/news-articles-home-decor-inspiration/stylish-behind-toilet-decor-5-ideas-to-transform-your-small-bathroom,,PENDING,LINK,242,5.3,60%,74.7,AI Suggestion
pictures for living room wall,https://aboutwallart.com/blogs/news-articles-home-decor-inspiration/bathroom-art-ideas-to-transform-your-bathroom-into-an-oasis,,PENDING,LINK,225,8.4,60%,71.6,AI Suggestion
pictures for living room wall,https://aboutwallart.com/products/floral-large-wall-prints-for-a-living-room-set-of-3-wall-art-prints,,PENDING,REPURPOSE,64,9.1,80%,70.1,AI Suggestion
pictures for living room wall,https://aboutwallart.com/blogs/news-articles-home-decor-inspiration/wall-art-pictures-for-living-room-grounded-neutral-colours,,PENDING,LINK,17,7.5,100%,67.6,AI Suggestion
pictures for living room wall,https://aboutwallart.com/products/large-living-room-pictures-set-of-3-wall-art-prints,,PENDING,PENDING,47,6.6,80%,67.5,AI Suggestion
pictures for living room wall,https://aboutwallart.com/blogs/news-articles-home-decor-inspiration/how-i-used-canvas-pictures-for-living-rooms,,PENDING,PENDING,20,9.0,100%,67.0,AI Suggestion
pictures for living room wall,https://aboutwallart.com/products/big-pictures-for-living-room-set-of-2-wall-art,,PENDING,PENDING,7,6.4,100%,65.7,AI Suggestion
pictures for living room wall,https://aboutwallart.com/products/london-wall-pictures-for-living-room-ideas-set-of-3-wall-art-prints,,PENDING,PENDING,8,7.6,100%,64.8,AI Suggestion
pictures for living room wall,https://aboutwallart.com/blogs/news-articles-home-decor-inspiration/canvas-paintings-for-living-room,,PENDING,PENDING,43,9.4,80%,63.5,AI Suggestion
bedroom wall art ideas,https://aboutwallart.com/blogs/news-articles-home-decor-inspiration/how-bedroom-wall-art-ideas-can-impact-your-quality-of-rest,,PENDING,KEEP,107,6.1,100%,93.9,AI Suggestion
bedroom wall art ideas,https://aboutwallart.com/blogs/news-articles-home-decor-inspiration/stylish-behind-toilet-decor-5-ideas-to-transform-your-small-bathroom,,PENDING,LINK,242,5.3,75%,82.2,AI Suggestion
bedroom wall art ideas,https://aboutwallart.com/blogs/news-articles-home-decor-inspiration/wall-art-for-high-ceilings-7-creative-ideas,,PENDING,LINK,288,6.4,75%,81.1,AI Suggestion
bedroom wall art ideas,https://aboutwallart.com/blogs/news-articles-home-decor-inspiration/decorating-above-toilet-stylish-ideas-to-elevate-your-bathroom,,PENDING,LINK,139,6.5,75%,81.0,AI Suggestion
bedroom wall art ideas,https://aboutwallart.com/blogs/news-articles-home-decor-inspiration/masculine-home-decor-stylish-ideas-to-elevate-any-modern-space,,PENDING,LINK,145,7.2,75%,80.3,AI Suggestion
bedroom wall art ideas,https://aboutwallart.com/blogs/news-articles-home-decor-inspiration/art-for-offices-inspiring-ideas-for-every-workspace,,PENDING,PENDING,101,7.8,75%,79.7,AI Suggestion
bedroom wall art ideas,https://aboutwallart.com/blogs/news-articles-home-decor-inspiration/coastal-decor-bedroom-ideas-how-to-style-it,,PENDING,PENDING,57,7.9,100%,79.2,AI Suggestion
bedroom wall art ideas,https://aboutwallart.com/blogs/news-articles-home-decor-inspiration/bathroom-art-ideas-to-transform-your-bathroom-into-an-oasis,,PENDING,PENDING,225,8.4,75%,79.1,AI Suggestion
bedroom wall art ideas,https://aboutwallart.com/blogs/news-articles-home-decor-inspiration/what-is-the-3-5-7-rule-in-decorating,,PENDING,PENDING,1489,2.8,50%,72.2,AI Suggestion
bedroom wall art ideas,https://aboutwallart.com/blogs/news-articles-home-decor-inspiration/top-8-hallway-art-ideas-to-transform-your-space,,PENDING,PENDING,75,8.7,75%,71.3,AI Suggestion
cherry blossom wall art,https://aboutwallart.com/blogs/news-articles-home-decor-inspiration/cherry-blossom-art-japan-understanding-the-deep-symbolism,,PENDING,KEEP,114,6.4,100%,93.6,AI Suggestion
cherry blossom wall art,https://aboutwallart.com/blogs/news-articles-home-decor-inspiration/what-is-the-3-5-7-rule-in-decorating,,PENDING,LINK,1489,2.8,50%,72.2,AI Suggestion
cherry blossom wall art,https://aboutwallart.com/blogs/news-articles-home-decor-inspiration/do-beige-and-grey-go-together-heres-how-to-make-it-work,,PENDING,LINK,1362,4.3,50%,70.7,AI Suggestion
cherry blossom wall art,https://aboutwallart.com/blogs/news-articles-home-decor-inspiration/what-colour-goes-with-grey-walls-essential-tips,,PENDING,LINK,728,5.0,50%,70.0,AI Suggestion
cherry blossom wall art,https://aboutwallart.com/products/cherry-blossoms-wall-art-for-home-office-set-of-2?pr_prod_strat=pinned&pr_rec_id=3f3d85dbc&pr_rec_pid=8167992262942&pr_ref_pid=8167992099102&pr_seq=uniform,,PENDING,LINK,3,1.0,100%,69.9,AI Suggestion
cherry blossom wall art,https://aboutwallart.com/blogs/news-articles-home-decor-inspiration/stylish-behind-toilet-decor-5-ideas-to-transform-your-small-bathroom,,PENDING,PENDING,242,5.3,50%,69.7,AI Suggestion
cherry blossom wall art,https://aboutwallart.com/blogs/news-articles-home-decor-inspiration/choosing-the-right-art-for-grey-walls,,PENDING,PENDING,213,5.7,50%,69.3,AI Suggestion
cherry blossom wall art,https://aboutwallart.com/blogs/news-articles-home-decor-inspiration/moisture-resistant-restroom-wall-art-what-actually-works,,PENDING,PENDING,538,5.8,50%,69.2,AI Suggestion
cherry blossom wall art,https://aboutwallart.com/blogs/news-articles-home-decor-inspiration/how-bedroom-wall-art-ideas-can-impact-your-quality-of-rest,,PENDING,PENDING,107,6.1,50%,68.9,AI Suggestion
cherry blossom wall art,https://aboutwallart.com/blogs/news-articles-home-decor-inspiration/old-money-style-interiors-classic-design-trends,,PENDING,PENDING,299,6.4,50%,68.6,AI Suggestion
3 5 7 rule,https://aboutwallart.com/blogs/news-articles-home-decor-inspiration/what-is-the-3-5-7-rule-in-decorating,,PENDING,KEEP,1489,2.8,100%,97.2,AI Suggestion
3 5 7 rule,https://aboutwallart.com/blogs/news-articles-home-decor-inspiration/design-principles-in-art-simple-rules-for-better-wall-displays,,PENDING,LINK,3,5.1,100%,65.8,AI Suggestion
old money interior,https://aboutwallart.com/blogs/news-articles-home-decor-inspiration/old-money-style-interiors-classic-design-trends,,PENDING,KEEP,299,6.4,100%,93.6,AI Suggestion
old money interior,https://aboutwallart.com/pages/old-money-home-decor,,PENDING,LINK,26,7.6,67%,53.5,AI Suggestion
modern islamic wall art,https://aboutwallart.com/blogs/news-articles-home-decor-inspiration/masculine-home-decor-stylish-ideas-to-elevate-any-modern-space,,PENDING,KEEP,145,7.2,75%,80.3,AI Suggestion
modern islamic wall art,https://aboutwallart.com/collections/wall-islamic-art,,PENDING,LINK,102,11.4,75%,76.1,AI Suggestion
modern islamic wall art,https://aboutwallart.com/blogs/news-articles-home-decor-inspiration/what-is-the-3-5-7-rule-in-decorating,,PENDING,LINK,1489,2.8,50%,72.2,AI Suggestion
modern islamic wall art,https://aboutwallart.com/blogs/news-articles-home-decor-inspiration/do-beige-and-grey-go-together-heres-how-to-make-it-work,,PENDING,LINK,1362,4.3,50%,70.7,AI Suggestion
modern islamic wall art,https://aboutwallart.com/blogs/news-articles-home-decor-inspiration/what-colour-goes-with-grey-walls-essential-tips,,PENDING,LINK,728,5.0,50%,70.0,AI Suggestion
modern islamic wall art,https://aboutwallart.com/blogs/news-articles-home-decor-inspiration/stylish-behind-toilet-decor-5-ideas-to-transform-your-small-bathroom,,PENDING,PENDING,242,5.3,50%,69.7,AI Suggestion
modern islamic wall art,https://aboutwallart.com/blogs/news-articles-home-decor-inspiration/choosing-the-right-art-for-grey-walls,,PENDING,PENDING,213,5.7,50%,69.3,AI Suggestion
modern islamic wall art,https://aboutwallart.com/blogs/news-articles-home-decor-inspiration/moisture-resistant-restroom-wall-art-what-actually-works,,PENDING,PENDING,538,5.8,50%,69.2,AI Suggestion
modern islamic wall art,https://aboutwallart.com/blogs/news-articles-home-decor-inspiration/how-bedroom-wall-art-ideas-can-impact-your-quality-of-rest,,PENDING,PENDING,107,6.1,50%,68.9,AI Suggestion
modern islamic wall art,https://aboutwallart.com/blogs/news-articles-home-decor-inspiration/old-money-style-interiors-classic-design-trends,,PENDING,PENDING,299,6.4,50%,68.6,AI Suggestion
set of 3 wall art for bedroom,https://aboutwallart.com/blogs/news-articles-home-decor-inspiration/stylish-behind-toilet-decor-5-ideas-to-transform-your-small-bathroom,,PENDING,KEEP,242,5.3,60%,74.7,AI Suggestion
set of 3 wall art for bedroom,https://aboutwallart.com/blogs/news-articles-home-decor-inspiration/choosing-the-right-art-for-grey-walls,,PENDING,LINK,213,5.7,60%,74.3,AI Suggestion
set of 3 wall art for bedroom,https://aboutwallart.com/blogs/news-articles-home-decor-inspiration/how-bedroom-wall-art-ideas-can-impact-your-quality-of-rest,,PENDING,LINK,107,6.1,60%,73.9,AI Suggestion
set of 3 wall art for bedroom,https://aboutwallart.com/blogs/news-articles-home-decor-inspiration/wall-art-for-high-ceilings-7-creative-ideas,,PENDING,LINK,288,6.4,60%,73.6,AI Suggestion
set of 3 wall art for bedroom,https://aboutwallart.com/blogs/news-articles-home-decor-inspiration/the-case-for-empty-spaces-when-less-truly-is-more,,PENDING,LINK,102,6.5,60%,73.5,AI Suggestion
set of 3 wall art for bedroom,https://aboutwallart.com/blogs/news-articles-home-decor-inspiration/art-for-offices-inspiring-ideas-for-every-workspace,,PENDING,PENDING,101,7.8,60%,72.2,AI Suggestion
set of 3 wall art for bedroom,https://aboutwallart.com/collections/framed-wall-pictures-for-living-room,,PENDING,PENDING,198,7.8,60%,72.2,AI Suggestion
set of 3 wall art for bedroom,https://aboutwallart.com/blogs/news-articles-home-decor-inspiration/bathroom-art-ideas-to-transform-your-bathroom-into-an-oasis,,PENDING,PENDING,225,8.4,60%,71.6,AI Suggestion
set of 3 wall art for bedroom,https://aboutwallart.com/blogs/news-articles-home-decor-inspiration/determining-what-frame-size-do-i-need-for-my-space,,PENDING,PENDING,200,9.1,60%,70.9,AI Suggestion
set of 3 wall art for bedroom,https://aboutwallart.com/products/floral-large-wall-prints-for-a-living-room-set-of-3-wall-art-prints,,PENDING,PENDING,64,9.1,80%,70.1,AI Suggestion
old money house interior,https://aboutwallart.com/blogs/news-articles-home-decor-inspiration/old-money-style-interiors-classic-design-trends,,PENDING,KEEP,299,6.4,75%,81.1,AI Suggestion
old money house interior,https://aboutwallart.com/pages/old-money-home-decor,,PENDING,LINK,26,7.6,50%,45.2,AI Suggestion
old money house interior,https://aboutwallart.com/blogs/news-articles-home-decor-inspiration/transform-your-interior-design-of-house-how-wall-art-creates-a-calm-home,,PENDING,LINK,1,10.7,50%,34.6,AI Suggestion
old money house interior,https://aboutwallart.com/products/white-gold-vanity-desk-with-mirror-led-lighting-2-drawers-modern-dresser-dressing-table-makeup-table-for-bedroom-household-home,,PENDING,LINK,1,10.7,50%,34.6,AI Suggestion
small studio design ideas,https://aboutwallart.com/blogs/news-articles-home-decor-inspiration/stylish-behind-toilet-decor-5-ideas-to-transform-your-small-bathroom,,PENDING,KEEP,242,5.3,50%,69.7,AI Suggestion
small studio design ideas,https://aboutwallart.com/blogs/news-articles-home-decor-inspiration/small-studio-apartment-decor-10-genius-tips-and-hacks,,PENDING,LINK,98,7.2,50%,67.2,AI Suggestion
small studio design ideas,https://aboutwallart.com/blogs/news-articles-home-decor-inspiration/studio-apartment-ideas-small-space-design-solutions-for-2026,,PENDING,LINK,4,4.3,100%,66.9,AI Suggestion
small studio design ideas,https://aboutwallart.com/blogs/news-articles-home-decor-inspiration/tiny-studio-apartment-ideas-small-space-design-solutions-for-2026,,PENDING,LINK,1,6.0,100%,64.3,AI Suggestion
small studio design ideas,https://aboutwallart.com/blogs/news-articles-home-decor-inspiration/designing-a-kids-playroom-childrens-playroom-ideas,,PENDING,LINK,31,8.2,50%,46.1,AI Suggestion
small studio design ideas,https://aboutwallart.com/blogs/news-articles-home-decor-inspiration/art-moderne-home-decor-streamlined-1930s-inspired-design-ideas-1,,PENDING,PENDING,26,8.9,50%,43.8,AI Suggestion
small studio design ideas,https://aboutwallart.com/blogs/news-articles-home-decor-inspiration/creative-office-wall-design-ideas-to-inspire-productivity,,PENDING,PENDING,18,9.1,50%,41.3,AI Suggestion
small studio design ideas,https://aboutwallart.com/blogs/news-articles-home-decor-inspiration/multi-use-room-ideas-smart-zoning-for-small-homes,,PENDING,PENDING,13,7.6,50%,41.3,AI Suggestion
small studio design ideas,https://aboutwallart.com/blogs/news-articles-home-decor-inspiration/designing-a-clutter-free-kids-playroom-childrens-playroom-ideas?_pos=7&_sid=e3c44c775&_ss=r,,PENDING,PENDING,2,5.8,50%,39.8,AI Suggestion
small studio design ideas,https://aboutwallart.com/blogs/news-articles-home-decor-inspiration/never-too-small-wall-decoration-office-ideas-for-apartments,,PENDING,PENDING,7,7.3,50%,39.8,AI Suggestion
colors that go with grey walls,https://aboutwallart.com/blogs/news-articles-home-decor-inspiration/what-colour-goes-with-grey-walls-essential-tips,,PENDING,KEEP,728,5.0,60%,75.0,AI Suggestion
colors that go with grey walls,https://aboutwallart.com/blogs/news-articles-home-decor-inspiration/colors-that-go-with-grey-perfect-combinations-for-home-decor,,PENDING,LINK,12,13.1,80%,50.6,AI Suggestion
livingroom pictures,https://aboutwallart.com/collections/framed-wall-pictures-for-living-room,,PENDING,KEEP,198,7.8,50%,67.2,AI Suggestion
livingroom pictures,https://aboutwallart.com/products/3-pictures-above-bed-set-of-3-framed-wall-art,,PENDING,LINK,48,4.7,50%,54.7,AI Suggestion
livingroom pictures,https://aboutwallart.com/products/large-living-room-pictures-set-of-3-wall-art-prints,,PENDING,LINK,47,6.6,50%,52.5,AI Suggestion
livingroom pictures,https://aboutwallart.com/products/large-frames-for-pictures-in-sizes-a4-a3-a2-20x30-in,,PENDING,LINK,21,5.2,50%,46.1,AI Suggestion
livingroom pictures,https://aboutwallart.com/products/bedroom-pictures-for-wall-set-of-3-art-prints?pr_prod_strat=pinned&pr_rec_id=f27b2b090&pr_rec_pid=8167995736350&pr_ref_pid=8167994065182&pr_seq=uniform,,PENDING,LINK,1,1.2,50%,44.1,AI Suggestion
livingroom pictures,https://aboutwallart.com/products/wall-pictures-for-lounge-room-set-of-2-italian-lifestyle-wall-art-prints?variant=55748669211004&country=GB&currency=GBP,,PENDING,PENDING,1,2.0,50%,43.3,AI Suggestion
livingroom pictures,https://aboutwallart.com/blogs/news-articles-home-decor-inspiration/wall-art-pictures-for-living-room-grounded-neutral-colours,,PENDING,PENDING,17,7.5,50%,42.6,AI Suggestion
livingroom pictures,https://aboutwallart.com/products/laundry-room-pictures-set-of-2-wall-art-prints,,PENDING,PENDING,7,4.5,50%,42.6,AI Suggestion
livingroom pictures,https://aboutwallart.com/products/bedroom-pictures-for-wall-set-of-3-art-prints?variant=55160765251964,,PENDING,PENDING,1,3.1,50%,42.2,AI Suggestion
livingroom pictures,https://aboutwallart.com/blogs/news-articles-home-decor-inspiration/how-i-used-canvas-pictures-for-living-rooms,,PENDING,PENDING,20,9.0,50%,42.0,AI Suggestion
behind toilet wall ideas,https://aboutwallart.com/blogs/news-articles-home-decor-inspiration/stylish-behind-toilet-decor-5-ideas-to-transform-your-small-bathroom,,PENDING,KEEP,242,5.3,100%,94.7,AI Suggestion
behind toilet wall ideas,https://aboutwallart.com/blogs/news-articles-home-decor-inspiration/decorating-above-toilet-stylish-ideas-to-elevate-your-bathroom,,PENDING,LINK,139,6.5,75%,81.0,AI Suggestion
behind toilet wall ideas,https://aboutwallart.com/blogs/news-articles-home-decor-inspiration/how-bedroom-wall-art-ideas-can-impact-your-quality-of-rest,,PENDING,LINK,107,6.1,50%,68.9,AI Suggestion
behind toilet wall ideas,https://aboutwallart.com/blogs/news-articles-home-decor-inspiration/wall-art-for-high-ceilings-7-creative-ideas,,PENDING,LINK,288,6.4,50%,68.6,AI Suggestion
behind toilet wall ideas,https://aboutwallart.com/blogs/news-articles-home-decor-inspiration/masculine-home-decor-stylish-ideas-to-elevate-any-modern-space,,PENDING,LINK,145,7.2,50%,67.8,AI Suggestion
behind toilet wall ideas,https://aboutwallart.com/blogs/news-articles-home-decor-inspiration/art-for-offices-inspiring-ideas-for-every-workspace,,PENDING,PENDING,101,7.8,50%,67.2,AI Suggestion
behind toilet wall ideas,https://aboutwallart.com/blogs/news-articles-home-decor-inspiration/bathroom-art-ideas-to-transform-your-bathroom-into-an-oasis,,PENDING,PENDING,225,8.4,50%,66.6,AI Suggestion
behind toilet wall ideas,https://aboutwallart.com/blogs/news-articles-home-decor-inspiration/top-8-hallway-art-ideas-to-transform-your-space,,PENDING,PENDING,75,8.7,50%,58.8,AI Suggestion
behind toilet wall ideas,https://aboutwallart.com/blogs/news-articles-home-decor-inspiration/asian-home-decor-ideas-for-tranquil-nature-led-interiors,,PENDING,PENDING,66,8.6,50%,56.2,AI Suggestion
behind toilet wall ideas,https://aboutwallart.com/blogs/news-articles-home-decor-inspiration/coastal-decor-bedroom-ideas-how-to-style-it,,PENDING,PENDING,57,7.9,50%,54.2,AI Suggestion
home decor + write for us,https://aboutwallart.com/blogs/news-articles-home-decor-inspiration/stylish-behind-toilet-decor-5-ideas-to-transform-your-small-bathroom,,PENDING,KEEP,242,5.3,75%,82.2,AI Suggestion
home decor + write for us,https://aboutwallart.com/blogs/news-articles-home-decor-inspiration/choosing-the-right-art-for-grey-walls,,PENDING,LINK,213,5.7,75%,81.8,AI Suggestion
home decor + write for us,https://aboutwallart.com/blogs/news-articles-home-decor-inspiration/wall-art-for-high-ceilings-7-creative-ideas,,PENDING,LINK,288,6.4,75%,81.1,AI Suggestion
home decor + write for us,https://aboutwallart.com/blogs/news-articles-home-decor-inspiration/the-case-for-empty-spaces-when-less-truly-is-more,,PENDING,LINK,102,6.5,75%,81.0,AI Suggestion
home decor + write for us,https://aboutwallart.com/blogs/news-articles-home-decor-inspiration/art-for-offices-inspiring-ideas-for-every-workspace,,PENDING,LINK,101,7.8,75%,79.7,AI Suggestion
home decor + write for us,https://aboutwallart.com/blogs/news-articles-home-decor-inspiration/bathroom-art-ideas-to-transform-your-bathroom-into-an-oasis,,PENDING,PENDING,225,8.4,75%,79.1,AI Suggestion
home decor + write for us,https://aboutwallart.com/blogs/news-articles-home-decor-inspiration/determining-what-frame-size-do-i-need-for-my-space,,PENDING,PENDING,200,9.1,75%,78.4,AI Suggestion
home decor + write for us,https://aboutwallart.com/blogs/news-articles-home-decor-inspiration/how-to-hang-wall-art-for-stairs-without-a-straight-wall,,PENDING,PENDING,84,6.8,75%,76.0,AI Suggestion
home decor + write for us,https://aboutwallart.com/blogs/news-articles-home-decor-inspiration/decor-for-nursery-wall-that-stimulates-without-overwhelming,,PENDING,PENDING,76,7.8,75%,72.5,AI Suggestion
home decor + write for us,https://aboutwallart.com/blogs/news-articles-home-decor-inspiration/what-is-the-3-5-7-rule-in-decorating,,PENDING,PENDING,1489,2.8,50%,72.2,AI Suggestion
wall art types,https://aboutwallart.com/blogs/news-articles-home-decor-inspiration/types-of-wall-art,,PENDING,KEEP,209,6.6,100%,93.4,AI Suggestion
wall art types,https://aboutwallart.com/blogs/news-articles-home-decor-inspiration/how-to-mix-and-blend-different-art-style-types,,PENDING,REPURPOSE,107,7.7,100%,92.3,AI Suggestion
wall art types,https://aboutwallart.com/blogs/news-articles-home-decor-inspiration/what-is-the-3-5-7-rule-in-decorating,,PENDING,LINK,1489,2.8,67%,80.5,AI Suggestion
wall art types,https://aboutwallart.com/blogs/news-articles-home-decor-inspiration/do-beige-and-grey-go-together-heres-how-to-make-it-work,,PENDING,LINK,1362,4.3,67%,79.1,AI Suggestion
wall art types,https://aboutwallart.com/blogs/news-articles-home-decor-inspiration/what-colour-goes-with-grey-walls-essential-tips,,PENDING,LINK,728,5.0,67%,78.3,AI Suggestion
wall art types,https://aboutwallart.com/blogs/news-articles-home-decor-inspiration/stylish-behind-toilet-decor-5-ideas-to-transform-your-small-bathroom,,PENDING,PENDING,242,5.3,67%,78.0,AI Suggestion
wall art types,https://aboutwallart.com/blogs/news-articles-home-decor-inspiration/choosing-the-right-art-for-grey-walls,,PENDING,PENDING,213,5.7,67%,77.6,AI Suggestion
wall art types,https://aboutwallart.com/blogs/news-articles-home-decor-inspiration/moisture-resistant-restroom-wall-art-what-actually-works,,PENDING,PENDING,538,5.8,67%,77.5,AI Suggestion
wall art types,https://aboutwallart.com/blogs/news-articles-home-decor-inspiration/how-bedroom-wall-art-ideas-can-impact-your-quality-of-rest,,PENDING,PENDING,107,6.1,67%,77.2,AI Suggestion
wall art types,https://aboutwallart.com/blogs/news-articles-home-decor-inspiration/old-money-style-interiors-classic-design-trends,,PENDING,PENDING,299,6.4,67%,77.0,AI Suggestion
types of wall art painting,https://aboutwallart.com/blogs/news-articles-home-decor-inspiration/types-of-wall-art,,PENDING,KEEP,209,6.6,75%,80.9,AI Suggestion
types of wall art painting,https://aboutwallart.com/blogs/news-articles-home-decor-inspiration/how-to-mix-and-blend-different-art-style-types,,PENDING,LINK,107,7.7,75%,79.8,AI Suggestion
types of wall art painting,https://aboutwallart.com/blogs/news-articles-home-decor-inspiration/what-is-the-3-5-7-rule-in-decorating,,PENDING,LINK,1489,2.8,50%,72.2,AI Suggestion
types of wall art painting,https://aboutwallart.com/blogs/news-articles-home-decor-inspiration/do-beige-and-grey-go-together-heres-how-to-make-it-work,,PENDING,LINK,1362,4.3,50%,70.7,AI Suggestion
types of wall art painting,https://aboutwallart.com/blogs/news-articles-home-decor-inspiration/what-colour-goes-with-grey-walls-essential-tips,,PENDING,LINK,728,5.0,50%,70.0,AI Suggestion
types of wall art painting,https://aboutwallart.com/blogs/news-articles-home-decor-inspiration/stylish-behind-toilet-decor-5-ideas-to-transform-your-small-bathroom,,PENDING,PENDING,242,5.3,50%,69.7,AI Suggestion
types of wall art painting,https://aboutwallart.com/blogs/news-articles-home-decor-inspiration/choosing-the-right-art-for-grey-walls,,PENDING,PENDING,213,5.7,50%,69.3,AI Suggestion
types of wall art painting,https://aboutwallart.com/blogs/news-articles-home-decor-inspiration/moisture-resistant-restroom-wall-art-what-actually-works,,PENDING,PENDING,538,5.8,50%,69.2,AI Suggestion
types of wall art painting,https://aboutwallart.com/blogs/news-articles-home-decor-inspiration/how-bedroom-wall-art-ideas-can-impact-your-quality-of-rest,,PENDING,PENDING,107,6.1,50%,68.9,AI Suggestion
types of wall art painting,https://aboutwallart.com/blogs/news-articles-home-decor-inspiration/old-money-style-interiors-classic-design-trends,,PENDING,PENDING,299,6.4,50%,68.6,AI Suggestion
waterproof wall art for bathroom,https://aboutwallart.com/blogs/news-articles-home-decor-inspiration/stylish-behind-toilet-decor-5-ideas-to-transform-your-small-bathroom,,PENDING,KEEP,242,5.3,80%,84.7,AI Suggestion
waterproof wall art for bathroom,https://aboutwallart.com/blogs/news-articles-home-decor-inspiration/bathroom-art-ideas-to-transform-your-bathroom-into-an-oasis,,PENDING,REPURPOSE,225,8.4,80%,81.6,AI Suggestion
waterproof wall art for bathroom,https://aboutwallart.com/blogs/news-articles-home-decor-inspiration/choosing-the-right-art-for-grey-walls,,PENDING,LINK,213,5.7,60%,74.3,AI Suggestion
waterproof wall art for bathroom,https://aboutwallart.com/blogs/news-articles-home-decor-inspiration/wall-art-for-high-ceilings-7-creative-ideas,,PENDING,LINK,288,6.4,60%,73.6,AI Suggestion
waterproof wall art for bathroom,https://aboutwallart.com/blogs/news-articles-home-decor-inspiration/the-case-for-empty-spaces-when-less-truly-is-more,,PENDING,LINK,102,6.5,60%,73.5,AI Suggestion
waterproof wall art for bathroom,https://aboutwallart.com/blogs/news-articles-home-decor-inspiration/decorating-above-toilet-stylish-ideas-to-elevate-your-bathroom,,PENDING,PENDING,139,6.5,60%,73.5,AI Suggestion
waterproof wall art for bathroom,https://aboutwallart.com/blogs/news-articles-home-decor-inspiration/art-for-offices-inspiring-ideas-for-every-workspace,,PENDING,PENDING,101,7.8,60%,72.2,AI Suggestion
waterproof wall art for bathroom,https://aboutwallart.com/collections/framed-wall-pictures-for-living-room,,PENDING,PENDING,198,7.8,60%,72.2,AI Suggestion
waterproof wall art for bathroom,https://aboutwallart.com/blogs/news-articles-home-decor-inspiration/determining-what-frame-size-do-i-need-for-my-space,,PENDING,PENDING,200,9.1,60%,70.9,AI Suggestion
waterproof wall art for bathroom,https://aboutwallart.com/pages/write-for-us,,PENDING,PENDING,496,11.1,60%,68.9,AI Suggestion
write for us home interior,https://aboutwallart.com/blogs/news-articles-home-decor-inspiration/stylish-behind-toilet-decor-5-ideas-to-transform-your-small-bathroom,,PENDING,KEEP,242,5.3,50%,69.7,AI Suggestion
write for us home interior,https://aboutwallart.com/blogs/news-articles-home-decor-inspiration/choosing-the-right-art-for-grey-walls,,PENDING,LINK,213,5.7,50%,69.3,AI Suggestion
write for us home interior,https://aboutwallart.com/blogs/news-articles-home-decor-inspiration/asian-home-decor-ideas-for-tranquil-nature-led-interiors,,PENDING,LINK,66,8.6,75%,68.7,AI Suggestion
write for us home interior,https://aboutwallart.com/blogs/news-articles-home-decor-inspiration/old-money-style-interiors-classic-design-trends,,PENDING,LINK,299,6.4,50%,68.6,AI Suggestion
write for us home interior,https://aboutwallart.com/blogs/news-articles-home-decor-inspiration/wall-art-for-high-ceilings-7-creative-ideas,,PENDING,LINK,288,6.4,50%,68.6,AI Suggestion
write for us home interior,https://aboutwallart.com/blogs/news-articles-home-decor-inspiration/the-case-for-empty-spaces-when-less-truly-is-more,,PENDING,PENDING,102,6.5,50%,68.5,AI Suggestion
write for us home interior,https://aboutwallart.com/blogs/news-articles-home-decor-inspiration/my-guide-to-the-top-interior-decorating-trends-2026,,PENDING,PENDING,101,7.7,50%,67.3,AI Suggestion
write for us home interior,https://aboutwallart.com/blogs/news-articles-home-decor-inspiration/art-for-offices-inspiring-ideas-for-every-workspace,,PENDING,PENDING,101,7.8,50%,67.2,AI Suggestion
write for us home interior,https://aboutwallart.com/blogs/news-articles-home-decor-inspiration/bathroom-art-ideas-to-transform-your-bathroom-into-an-oasis,,PENDING,PENDING,225,8.4,50%,66.6,AI Suggestion
write for us home interior,https://aboutwallart.com/blogs/news-articles-home-decor-inspiration/determining-what-frame-size-do-i-need-for-my-space,,PENDING,PENDING,200,9.1,50%,65.9,AI Suggestion
bathroom safe artwork,https://aboutwallart.com/products/bathroom-artwork-prints-set-of-3-framed-wall-art-prints?pr_prod_strat=pinned&pr_rec_id=2502a320f&pr_rec_pid=8167972241694&pr_ref_pid=8167972897054&pr_seq=uniform,,PENDING,KEEP,2,1.0,67%,52.9,AI Suggestion
bathroom safe artwork,https://aboutwallart.com/products/bathroom-artwork-prints-set-of-3-framed-wall-art-prints,,PENDING,LINK,5,6.0,67%,48.8,AI Suggestion
art for bathroom humidity,https://aboutwallart.com/blogs/news-articles-home-decor-inspiration/stylish-behind-toilet-decor-5-ideas-to-transform-your-small-bathroom,,PENDING,KEEP,242,5.3,75%,82.2,AI Suggestion
art for bathroom humidity,https://aboutwallart.com/blogs/news-articles-home-decor-inspiration/bathroom-art-ideas-to-transform-your-bathroom-into-an-oasis,,PENDING,LINK,225,8.4,75%,79.1,AI Suggestion
art for bathroom humidity,https://aboutwallart.com/blogs/news-articles-home-decor-inspiration/choosing-the-right-art-for-grey-walls,,PENDING,LINK,213,5.7,50%,69.3,AI Suggestion
art for bathroom humidity,https://aboutwallart.com/blogs/news-articles-home-decor-inspiration/wall-art-for-high-ceilings-7-creative-ideas,,PENDING,LINK,288,6.4,50%,68.6,AI Suggestion
art for bathroom humidity,https://aboutwallart.com/blogs/news-articles-home-decor-inspiration/the-case-for-empty-spaces-when-less-truly-is-more,,PENDING,LINK,102,6.5,50%,68.5,AI Suggestion
art for bathroom humidity,https://aboutwallart.com/blogs/news-articles-home-decor-inspiration/decorating-above-toilet-stylish-ideas-to-elevate-your-bathroom,,PENDING,PENDING,139,6.5,50%,68.5,AI Suggestion
art for bathroom humidity,https://aboutwallart.com/blogs/news-articles-home-decor-inspiration/art-for-offices-inspiring-ideas-for-every-workspace,,PENDING,PENDING,101,7.8,50%,67.2,AI Suggestion
art for bathroom humidity,https://aboutwallart.com/collections/framed-wall-pictures-for-living-room,,PENDING,PENDING,198,7.8,50%,67.2,AI Suggestion
art for bathroom humidity,https://aboutwallart.com/blogs/news-articles-home-decor-inspiration/determining-what-frame-size-do-i-need-for-my-space,,PENDING,PENDING,200,9.1,50%,65.9,AI Suggestion
art for bathroom humidity,https://aboutwallart.com/pages/write-for-us,,PENDING,PENDING,496,11.1,50%,63.9,AI Suggestion
write for us art,https://aboutwallart.com/pages/write-for-us,,PENDING,KEEP,496,11.1,100%,88.9,AI Suggestion
write for us art,https://aboutwallart.com/blogs/news-articles-home-decor-inspiration/stylish-behind-toilet-decor-5-ideas-to-transform-your-small-bathroom,,PENDING,LINK,242,5.3,67%,78.0,AI Suggestion
write for us art,https://aboutwallart.com/blogs/news-articles-home-decor-inspiration/choosing-the-right-art-for-grey-walls,,PENDING,LINK,213,5.7,67%,77.6,AI Suggestion
write for us art,https://aboutwallart.com/blogs/news-articles-home-decor-inspiration/wall-art-for-high-ceilings-7-creative-ideas,,PENDING,LINK,288,6.4,67%,76.9,AI Suggestion
write for us art,https://aboutwallart.com/blogs/news-articles-home-decor-inspiration/the-case-for-empty-spaces-when-less-truly-is-more,,PENDING,LINK,102,6.5,67%,76.8,AI Suggestion
write for us art,https://aboutwallart.com/blogs/news-articles-home-decor-inspiration/art-for-offices-inspiring-ideas-for-every-workspace,,PENDING,PENDING,101,7.8,67%,75.5,AI Suggestion
write for us art,https://aboutwallart.com/collections/framed-wall-pictures-for-living-room,,PENDING,PENDING,198,7.8,67%,75.5,AI Suggestion
write for us art,https://aboutwallart.com/blogs/news-articles-home-decor-inspiration/bathroom-art-ideas-to-transform-your-bathroom-into-an-oasis,,PENDING,PENDING,225,8.4,67%,74.9,AI Suggestion
write for us art,https://aboutwallart.com/blogs/news-articles-home-decor-inspiration/determining-what-frame-size-do-i-need-for-my-space,,PENDING,PENDING,200,9.1,67%,74.2,AI Suggestion
write for us art,https://aboutwallart.com/blogs/news-articles-home-decor-inspiration/how-to-hang-wall-art-for-stairs-without-a-straight-wall,,PENDING,PENDING,84,6.8,67%,71.8,AI Suggestion
japanese wall art,https://aboutwallart.com/blogs/news-articles-home-decor-inspiration/what-is-the-3-5-7-rule-in-decorating,,PENDING,KEEP,1489,2.8,67%,80.5,AI Suggestion
japanese wall art,https://aboutwallart.com/blogs/news-articles-home-decor-inspiration/do-beige-and-grey-go-together-heres-how-to-make-it-work,,PENDING,LINK,1362,4.3,67%,79.1,AI Suggestion
japanese wall art,https://aboutwallart.com/blogs/news-articles-home-decor-inspiration/what-colour-goes-with-grey-walls-essential-tips,,PENDING,LINK,728,5.0,67%,78.3,AI Suggestion
japanese wall art,https://aboutwallart.com/blogs/news-articles-home-decor-inspiration/stylish-behind-toilet-decor-5-ideas-to-transform-your-small-bathroom,,PENDING,LINK,242,5.3,67%,78.0,AI Suggestion
japanese wall art,https://aboutwallart.com/blogs/news-articles-home-decor-inspiration/choosing-the-right-art-for-grey-walls,,PENDING,LINK,213,5.7,67%,77.6,AI Suggestion
japanese wall art,https://aboutwallart.com/blogs/news-articles-home-decor-inspiration/moisture-resistant-restroom-wall-art-what-actually-works,,PENDING,PENDING,538,5.8,67%,77.5,AI Suggestion
japanese wall art,https://aboutwallart.com/blogs/news-articles-home-decor-inspiration/how-bedroom-wall-art-ideas-can-impact-your-quality-of-rest,,PENDING,PENDING,107,6.1,67%,77.2,AI Suggestion
japanese wall art,https://aboutwallart.com/blogs/news-articles-home-decor-inspiration/old-money-style-interiors-classic-design-trends,,PENDING,PENDING,299,6.4,67%,77.0,AI Suggestion
japanese wall art,https://aboutwallart.com/blogs/news-articles-home-decor-inspiration/wall-art-for-high-ceilings-7-creative-ideas,,PENDING,PENDING,288,6.4,67%,76.9,AI Suggestion
japanese wall art,https://aboutwallart.com/blogs/news-articles-home-decor-inspiration/cherry-blossom-art-japan-understanding-the-deep-symbolism,,PENDING,PENDING,114,6.4,67%,76.9,AI Suggestion
wall art for bedroom,https://aboutwallart.com/blogs/news-articles-home-decor-inspiration/stylish-behind-toilet-decor-5-ideas-to-transform-your-small-bathroom,,PENDING,KEEP,242,5.3,75%,82.2,AI Suggestion
wall art for bedroom,https://aboutwallart.com/blogs/news-articles-home-decor-inspiration/choosing-the-right-art-for-grey-walls,,PENDING,LINK,213,5.7,75%,81.8,AI Suggestion
wall art for bedroom,https://aboutwallart.com/blogs/news-articles-home-decor-inspiration/how-bedroom-wall-art-ideas-can-impact-your-quality-of-rest,,PENDING,LINK,107,6.1,75%,81.4,AI Suggestion
wall art for bedroom,https://aboutwallart.com/blogs/news-articles-home-decor-inspiration/wall-art-for-high-ceilings-7-creative-ideas,,PENDING,LINK,288,6.4,75%,81.1,AI Suggestion
wall art for bedroom,https://aboutwallart.com/blogs/news-articles-home-decor-inspiration/the-case-for-empty-spaces-when-less-truly-is-more,,PENDING,LINK,102,6.5,75%,81.0,AI Suggestion
wall art for bedroom,https://aboutwallart.com/blogs/news-articles-home-decor-inspiration/art-for-offices-inspiring-ideas-for-every-workspace,,PENDING,PENDING,101,7.8,75%,79.7,AI Suggestion
wall art for bedroom,https://aboutwallart.com/collections/framed-wall-pictures-for-living-room,,PENDING,PENDING,198,7.8,75%,79.7,AI Suggestion
wall art for bedroom,https://aboutwallart.com/blogs/news-articles-home-decor-inspiration/bathroom-art-ideas-to-transform-your-bathroom-into-an-oasis,,PENDING,PENDING,225,8.4,75%,79.1,AI Suggestion
wall art for bedroom,https://aboutwallart.com/blogs/news-articles-home-decor-inspiration/determining-what-frame-size-do-i-need-for-my-space,,PENDING,PENDING,200,9.1,75%,78.4,AI Suggestion
wall art for bedroom,https://aboutwallart.com/pages/write-for-us,,PENDING,PENDING,496,11.1,75%,76.4,AI Suggestion
office artwork,https://aboutwallart.com/blogs/news-articles-home-decor-inspiration/art-for-offices-inspiring-ideas-for-every-workspace,,PENDING,KEEP,101,7.8,50%,67.2,AI Suggestion
office artwork,https://aboutwallart.com/products/office-artwork-ideas-set-of-3-wall-art-prints?variant=55856593863036&country=GB&currency=GBP,,PENDING,LINK,1,6.7,100%,63.6,AI Suggestion
office artwork,https://aboutwallart.com/collections/office-wall-artwork?page=10,,PENDING,LINK,1,9.1,100%,61.2,AI Suggestion
office artwork,https://aboutwallart.com/products/office-artwork-ideas-set-of-3-wall-art-prints?variant=55161850790268&country=GB&currency=GBP,,PENDING,LINK,1,11.5,100%,58.8,AI Suggestion
office artwork,https://aboutwallart.com/collections/office-wall-artwork,,PENDING,LINK,22,18.5,100%,58.1,AI Suggestion
office artwork,https://aboutwallart.com/collections/office-wall-artwork?page=5,,PENDING,PENDING,5,14.4,100%,57.1,AI Suggestion
office artwork,https://aboutwallart.com/blogs/news-articles-home-decor-inspiration/office-decor-ideas-10,,PENDING,PENDING,59,10.9,50%,51.8,AI Suggestion
office artwork,https://aboutwallart.com/products/cherry-blossoms-wall-art-for-home-office-set-of-2?pr_prod_strat=pinned&pr_rec_id=3f3d85dbc&pr_rec_pid=8167992262942&pr_ref_pid=8167992099102&pr_seq=uniform,,PENDING,PENDING,3,1.0,50%,44.9,AI Suggestion
office artwork,https://aboutwallart.com/products/bathroom-artwork-prints-set-of-3-framed-wall-art-prints?pr_prod_strat=pinned&pr_rec_id=2502a320f&pr_rec_pid=8167972241694&pr_ref_pid=8167972897054&pr_seq=uniform,,PENDING,PENDING,2,1.0,50%,44.6,AI Suggestion
office artwork,https://aboutwallart.com/products/office-wall-decorations-set-of-3-framed-wall-art-prints?pr_prod_strat=use_description&pr_rec_id=3499e27c1&pr_rec_pid=8167998587166&pr_ref_pid=8167999963422&pr_seq=uniform,,PENDING,PENDING,2,1.3,50%,44.4,AI Suggestion
unique wall art,https://aboutwallart.com/blogs/news-articles-home-decor-inspiration/what-is-the-3-5-7-rule-in-decorating,,PENDING,KEEP,1489,2.8,67%,80.5,AI Suggestion
unique wall art,https://aboutwallart.com/blogs/news-articles-home-decor-inspiration/do-beige-and-grey-go-together-heres-how-to-make-it-work,,PENDING,LINK,1362,4.3,67%,79.1,AI Suggestion
unique wall art,https://aboutwallart.com/blogs/news-articles-home-decor-inspiration/what-colour-goes-with-grey-walls-essential-tips,,PENDING,LINK,728,5.0,67%,78.3,AI Suggestion
unique wall art,https://aboutwallart.com/blogs/news-articles-home-decor-inspiration/stylish-behind-toilet-decor-5-ideas-to-transform-your-small-bathroom,,PENDING,LINK,242,5.3,67%,78.0,AI Suggestion
unique wall art,https://aboutwallart.com/blogs/news-articles-home-decor-inspiration/choosing-the-right-art-for-grey-walls,,PENDING,LINK,213,5.7,67%,77.6,AI Suggestion
unique wall art,https://aboutwallart.com/blogs/news-articles-home-decor-inspiration/moisture-resistant-restroom-wall-art-what-actually-works,,PENDING,PENDING,538,5.8,67%,77.5,AI Suggestion
unique wall art,https://aboutwallart.com/blogs/news-articles-home-decor-inspiration/how-bedroom-wall-art-ideas-can-impact-your-quality-of-rest,,PENDING,PENDING,107,6.1,67%,77.2,AI Suggestion
unique wall art,https://aboutwallart.com/blogs/news-articles-home-decor-inspiration/old-money-style-interiors-classic-design-trends,,PENDING,PENDING,299,6.4,67%,77.0,AI Suggestion
unique wall art,https://aboutwallart.com/blogs/news-articles-home-decor-inspiration/wall-art-for-high-ceilings-7-creative-ideas,,PENDING,PENDING,288,6.4,67%,76.9,AI Suggestion
unique wall art,https://aboutwallart.com/blogs/news-articles-home-decor-inspiration/cherry-blossom-art-japan-understanding-the-deep-symbolism,,PENDING,PENDING,114,6.4,67%,76.9,AI Suggestion
studio room design,https://aboutwallart.com/blogs/news-articles-home-decor-inspiration/designing-a-kids-playroom-childrens-playroom-ideas,,PENDING,KEEP,31,8.2,67%,54.4,AI Suggestion
studio room design,https://aboutwallart.com/blogs/news-articles-home-decor-inspiration/master-botanical-themed-bedroom-like-a-professional-designer,,PENDING,LINK,19,6.8,67%,52.2,AI Suggestion
studio room design,https://aboutwallart.com/blogs/news-articles-home-decor-inspiration/studio-apartment-ideas-small-space-design-solutions-for-2026,,PENDING,LINK,4,4.3,67%,50.2,AI Suggestion
studio room design,https://aboutwallart.com/blogs/news-articles-home-decor-inspiration/how-to-design-lounge-room-that-feels-effortlessly-stylish,,PENDING,LINK,3,4.9,67%,49.3,AI Suggestion
studio room design,https://aboutwallart.com/blogs/news-articles-home-decor-inspiration/hanging-framed-pictures-in-living-room-a-design-guide,,PENDING,LINK,4,6.1,67%,48.5,AI Suggestion
studio room design,https://aboutwallart.com/blogs/news-articles-home-decor-inspiration/designing-a-clutter-free-kids-playroom-childrens-playroom-ideas?_pos=7&_sid=e3c44c775&_ss=r,,PENDING,LINK,2,5.8,67%,48.2,AI Suggestion
studio room design,https://aboutwallart.com/blogs/news-articles-home-decor-inspiration/tiny-studio-apartment-ideas-small-space-design-solutions-for-2026,,PENDING,PENDING,1,6.0,67%,47.6,AI Suggestion
studio room design,https://aboutwallart.com/blogs/news-articles-home-decor-inspiration/interior-design-ideas-for-bedrooms-creating-your-sanctuary,,PENDING,PENDING,5,7.9,67%,46.9,AI Suggestion
studio room design,https://aboutwallart.com/blogs/news-articles-home-decor-inspiration/fresh-ideas-for-sitting-room-designs-to-transform-your-space,,PENDING,PENDING,1,6.7,67%,46.9,AI Suggestion
studio room design,https://aboutwallart.com/blogs/news-articles-home-decor-inspiration/mistakes-in-colour-schemes-living-room-designers-avoid/,,PENDING,PENDING,1,6.8,67%,46.9,AI Suggestion
hallway art,https://aboutwallart.com/blogs/news-articles-home-decor-inspiration/top-8-hallway-art-ideas-to-transform-your-space,,PENDING,KEEP,75,8.7,100%,83.8,AI Suggestion
hallway art,https://aboutwallart.com/blogs/news-articles-home-decor-inspiration/corridor-decor-ideas-transforming-your-hallways-with-style,,PENDING,REPURPOSE,37,7.3,100%,73.8,AI Suggestion
hallway art,https://aboutwallart.com/blogs/news-articles-home-decor-inspiration/what-is-the-3-5-7-rule-in-decorating,,PENDING,LINK,1489,2.8,50%,72.2,AI Suggestion
hallway art,https://aboutwallart.com/blogs/news-articles-home-decor-inspiration/do-beige-and-grey-go-together-heres-how-to-make-it-work,,PENDING,LINK,1362,4.3,50%,70.7,AI Suggestion
hallway art,https://aboutwallart.com/blogs/news-articles-home-decor-inspiration/what-colour-goes-with-grey-walls-essential-tips,,PENDING,LINK,728,5.0,50%,70.0,AI Suggestion
hallway art,https://aboutwallart.com/blogs/news-articles-home-decor-inspiration/stylish-behind-toilet-decor-5-ideas-to-transform-your-small-bathroom,,PENDING,PENDING,242,5.3,50%,69.7,AI Suggestion
hallway art,https://aboutwallart.com/blogs/news-articles-home-decor-inspiration/choosing-the-right-art-for-grey-walls,,PENDING,PENDING,213,5.7,50%,69.3,AI Suggestion
hallway art,https://aboutwallart.com/blogs/news-articles-home-decor-inspiration/moisture-resistant-restroom-wall-art-what-actually-works,,PENDING,PENDING,538,5.8,50%,69.2,AI Suggestion
hallway art,https://aboutwallart.com/blogs/news-articles-home-decor-inspiration/how-bedroom-wall-art-ideas-can-impact-your-quality-of-rest,,PENDING,PENDING,107,6.1,50%,68.9,AI Suggestion
hallway art,https://aboutwallart.com/blogs/news-articles-home-decor-inspiration/old-money-style-interiors-classic-design-trends,,PENDING,PENDING,299,6.4,50%,68.6,AI Suggestion
asian home decor,https://aboutwallart.com/blogs/news-articles-home-decor-inspiration/asian-home-decor-ideas-for-tranquil-nature-led-interiors,,PENDING,KEEP,66,8.6,100%,81.2,AI Suggestion
asian home decor,https://aboutwallart.com/blogs/news-articles-home-decor-inspiration/what-is-the-3-5-7-rule-in-decorating,,PENDING,LINK,1489,2.8,67%,80.5,AI Suggestion
asian home decor,https://aboutwallart.com/blogs/news-articles-home-decor-inspiration/do-beige-and-grey-go-together-heres-how-to-make-it-work,,PENDING,LINK,1362,4.3,67%,79.1,AI Suggestion
asian home decor,https://aboutwallart.com/blogs/news-articles-home-decor-inspiration/what-colour-goes-with-grey-walls-essential-tips,,PENDING,LINK,728,5.0,67%,78.3,AI Suggestion
asian home decor,https://aboutwallart.com/blogs/news-articles-home-decor-inspiration/stylish-behind-toilet-decor-5-ideas-to-transform-your-small-bathroom,,PENDING,LINK,242,5.3,67%,78.0,AI Suggestion
asian home decor,https://aboutwallart.com/blogs/news-articles-home-decor-inspiration/choosing-the-right-art-for-grey-walls,,PENDING,PENDING,213,5.7,67%,77.6,AI Suggestion
asian home decor,https://aboutwallart.com/blogs/news-articles-home-decor-inspiration/moisture-resistant-restroom-wall-art-what-actually-works,,PENDING,PENDING,538,5.8,67%,77.5,AI Suggestion
asian home decor,https://aboutwallart.com/blogs/news-articles-home-decor-inspiration/how-bedroom-wall-art-ideas-can-impact-your-quality-of-rest,,PENDING,PENDING,107,6.1,67%,77.2,AI Suggestion
asian home decor,https://aboutwallart.com/blogs/news-articles-home-decor-inspiration/old-money-style-interiors-classic-design-trends,,PENDING,PENDING,299,6.4,67%,77.0,AI Suggestion
asian home decor,https://aboutwallart.com/blogs/news-articles-home-decor-inspiration/wall-art-for-high-ceilings-7-creative-ideas,,PENDING,PENDING,288,6.4,67%,76.9,AI Suggestion
old money decor,https://aboutwallart.com/blogs/news-articles-home-decor-inspiration/old-money-style-interiors-classic-design-trends,,PENDING,KEEP,299,6.4,100%,93.6,AI Suggestion
old money decor,https://aboutwallart.com/pages/old-money-home-decor,,PENDING,REPURPOSE,26,7.6,100%,70.2,AI Suggestion
old money decor,https://aboutwallart.com/products/bathroom-decor-in-black-an-gold-set-of-3-framed-wall-art,,PENDING,LINK,10,4.8,67%,51.5,AI Suggestion
old money decor,https://aboutwallart.com/blogs/news-articles-home-decor-inspiration/bold-vs-muted-color-trends,,PENDING,LINK,13,6.6,67%,50.6,AI Suggestion
old money decor,https://aboutwallart.com/products/bathroom-decor-in-black-an-gold-set-of-3-framed-wall-art?variant=55849616245116,,PENDING,LINK,1,4.1,67%,49.6,AI Suggestion
old money decor,https://aboutwallart.com/products/bathroom-decor-in-black-an-gold-set-of-3-framed-wall-art?variant=55849616310652,,PENDING,PENDING,1,5.9,67%,47.8,AI Suggestion
3-5-7 rule,https://aboutwallart.com/blogs/news-articles-home-decor-inspiration/what-is-the-3-5-7-rule-in-decorating,,PENDING,KEEP,1489,2.8,100%,97.2,AI Suggestion
3-5-7 rule,https://aboutwallart.com/blogs/news-articles-home-decor-inspiration/design-principles-in-art-simple-rules-for-better-wall-displays,,PENDING,LINK,3,5.1,50%,40.8,AI Suggestion
luxury classy bathroom wall art,https://aboutwallart.com/blogs/news-articles-home-decor-inspiration/stylish-behind-toilet-decor-5-ideas-to-transform-your-small-bathroom,,PENDING,KEEP,242,5.3,60%,74.7,AI Suggestion
luxury classy bathroom wall art,https://aboutwallart.com/blogs/news-articles-home-decor-inspiration/decorating-above-toilet-stylish-ideas-to-elevate-your-bathroom,,PENDING,LINK,139,6.5,60%,73.5,AI Suggestion
luxury classy bathroom wall art,https://aboutwallart.com/blogs/news-articles-home-decor-inspiration/bathroom-art-ideas-to-transform-your-bathroom-into-an-oasis,,PENDING,LINK,225,8.4,60%,71.6,AI Suggestion
luxury classy bathroom wall art,https://aboutwallart.com/products/classy-bathroom-wall-art-set-of-3-framed-bathroom-prints?pr_prod_strat=pinned&pr_rec_id=9ac792107&pr_rec_pid=8167972667678&pr_ref_pid=8167972897054&pr_seq=uniform,,PENDING,LINK,2,2.9,80%,57.7,AI Suggestion
luxury classy bathroom wall art,https://aboutwallart.com/products/classy-bathroom-wall-art-uk-set-of-3-wall-art-prints,,PENDING,LINK,6,5.0,80%,56.8,AI Suggestion
luxury classy bathroom wall art,https://aboutwallart.com/products/classy-bathroom-wall-art-uk-set-of-3-wall-art-prints?variant=55850459234684&country=GB&currency=GBP,,PENDING,PENDING,1,4.6,80%,55.7,AI Suggestion
luxury classy bathroom wall art,https://aboutwallart.com/products/classy-bathroom-wall-art-set-of-3-framed-bathroom-prints,,PENDING,PENDING,4,5.5,80%,55.7,AI Suggestion
luxury classy bathroom wall art,https://aboutwallart.com/products/classy-bathroom-wall-art-uk-set-of-3-wall-art-prints?variant=55160716132732&country=GB&currency=GBP,,PENDING,PENDING,1,5.0,80%,55.3,AI Suggestion
luxury classy bathroom wall art,https://aboutwallart.com/products/classy-bathroom-wall-art-set-of-3-framed-bathroom-prints?variant=55160860574076&country=GB&currency=GBP,,PENDING,PENDING,1,6.3,80%,54.0,AI Suggestion
luxury classy bathroom wall art,https://aboutwallart.com/products/classy-bathroom-wall-art-set-of-3-framed-bathroom-prints?variant=55160860344700&country=GB&currency=GBP,,PENDING,PENDING,2,7.5,80%,53.1,AI Suggestion
hallway art ideas,https://aboutwallart.com/blogs/news-articles-home-decor-inspiration/top-8-hallway-art-ideas-to-transform-your-space,,PENDING,KEEP,75,8.7,100%,83.8,AI Suggestion
hallway art ideas,https://aboutwallart.com/blogs/news-articles-home-decor-inspiration/stylish-behind-toilet-decor-5-ideas-to-transform-your-small-bathroom,,PENDING,LINK,242,5.3,67%,78.0,AI Suggestion
hallway art ideas,https://aboutwallart.com/blogs/news-articles-home-decor-inspiration/how-bedroom-wall-art-ideas-can-impact-your-quality-of-rest,,PENDING,LINK,107,6.1,67%,77.2,AI Suggestion
hallway art ideas,https://aboutwallart.com/blogs/news-articles-home-decor-inspiration/wall-art-for-high-ceilings-7-creative-ideas,,PENDING,LINK,288,6.4,67%,76.9,AI Suggestion
hallway art ideas,https://aboutwallart.com/blogs/news-articles-home-decor-inspiration/decorating-above-toilet-stylish-ideas-to-elevate-your-bathroom,,PENDING,LINK,139,6.5,67%,76.8,AI Suggestion
hallway art ideas,https://aboutwallart.com/blogs/news-articles-home-decor-inspiration/masculine-home-decor-stylish-ideas-to-elevate-any-modern-space,,PENDING,PENDING,145,7.2,67%,76.2,AI Suggestion
hallway art ideas,https://aboutwallart.com/blogs/news-articles-home-decor-inspiration/art-for-offices-inspiring-ideas-for-every-workspace,,PENDING,PENDING,101,7.8,67%,75.5,AI Suggestion
hallway art ideas,https://aboutwallart.com/blogs/news-articles-home-decor-inspiration/bathroom-art-ideas-to-transform-your-bathroom-into-an-oasis,,PENDING,PENDING,225,8.4,67%,74.9,AI Suggestion
hallway art ideas,https://aboutwallart.com/blogs/news-articles-home-decor-inspiration/corridor-decor-ideas-transforming-your-hallways-with-style,,PENDING,PENDING,37,7.3,100%,73.8,AI Suggestion
hallway art ideas,https://aboutwallart.com/blogs/news-articles-home-decor-inspiration/asian-home-decor-ideas-for-tranquil-nature-led-interiors,,PENDING,PENDING,66,8.6,67%,64.5,AI Suggestion
what colours go with grey walls bedroom,https://aboutwallart.com/blogs/news-articles-home-decor-inspiration/what-colour-goes-with-grey-walls-essential-tips,,PENDING,KEEP,728,5.0,67%,78.3,AI Suggestion
what colours go with grey walls bedroom,https://aboutwallart.com/blogs/news-articles-home-decor-inspiration/how-to-decorate-with-greige-colours-the-blend-of-grey-beige,,PENDING,LINK,21,8.8,50%,42.5,AI Suggestion
japanese cherry blossom wall art,https://aboutwallart.com/blogs/news-articles-home-decor-inspiration/cherry-blossom-art-japan-understanding-the-deep-symbolism,,PENDING,KEEP,114,6.4,80%,83.6,AI Suggestion
japanese cherry blossom wall art,https://aboutwallart.com/products/japanese-cherry-blossom-art-set-of-3-wall-art-prints?variant=55161344491900&country=GB&currency=GBP,,PENDING,LINK,1,3.4,100%,66.9,AI Suggestion
japanese cherry blossom wall art,https://aboutwallart.com/products/japanese-cherry-blossom-tree-set-of-3-framed-wall-art,,PENDING,LINK,8,6.5,100%,65.9,AI Suggestion
japanese cherry blossom wall art,https://aboutwallart.com/products/japanese-cherry-blossom-tree-set-of-3-framed-wall-art?variant=55849274245500,,PENDING,LINK,1,6.7,100%,63.6,AI Suggestion
japanese cherry blossom wall art,https://aboutwallart.com/blogs/news-articles-home-decor-inspiration/japanese-cherry-blossom-art-for-small-spaces-and-apartments,,PENDING,LINK,2,7.1,100%,63.5,AI Suggestion
japanese cherry blossom wall art,https://aboutwallart.com/products/japanese-cherry-blossom-art-set-of-3-wall-art-prints,,PENDING,PENDING,5,9.8,100%,61.7,AI Suggestion
japanese cherry blossom wall art,https://aboutwallart.com/products/cherry-blossoms-wall-art-for-home-office-set-of-2?pr_prod_strat=pinned&pr_rec_id=3f3d85dbc&pr_rec_pid=8167992262942&pr_ref_pid=8167992099102&pr_seq=uniform,,PENDING,PENDING,3,1.0,80%,59.9,AI Suggestion
japanese cherry blossom wall art,https://aboutwallart.com/products/cherry-blossoms-wall-art-for-home-office-set-of-2?variant=46492065628446,,PENDING,PENDING,1,3.8,80%,56.5,AI Suggestion
japanese cherry blossom wall art,https://aboutwallart.com/products/cherry-blossoms-wall-art-for-home-office-set-of-2?variant=55848511373692,,PENDING,PENDING,1,8.2,80%,52.1,AI Suggestion
japanese cherry blossom wall art,https://aboutwallart.com/products/cherry-blossoms-wall-art-for-home-office-set-of-2,,PENDING,PENDING,3,9.6,80%,51.3,AI Suggestion
pictures for the living room,https://aboutwallart.com/collections/framed-wall-pictures-for-living-room,,PENDING,KEEP,198,7.8,80%,82.2,AI Suggestion
pictures for the living room,https://aboutwallart.com/products/living-room-pictures-for-the-walls-set-of-3-art-prints,,PENDING,LINK,6,10.0,100%,61.8,AI Suggestion
pictures for the living room,https://aboutwallart.com/products/floral-large-wall-prints-for-a-living-room-set-of-3-wall-art-prints,,PENDING,LINK,64,9.1,60%,60.1,AI Suggestion
pictures for the living room,https://aboutwallart.com/blogs/news-articles-home-decor-inspiration/wall-art-pictures-for-living-room-grounded-neutral-colours,,PENDING,LINK,17,7.5,80%,57.6,AI Suggestion
pictures for the living room,https://aboutwallart.com/products/large-living-room-pictures-set-of-3-wall-art-prints,,PENDING,LINK,47,6.6,60%,57.5,AI Suggestion
pictures for the living room,https://aboutwallart.com/blogs/news-articles-home-decor-inspiration/how-i-used-canvas-pictures-for-living-rooms,,PENDING,PENDING,20,9.0,80%,57.0,AI Suggestion
pictures for the living room,https://aboutwallart.com/products/big-pictures-for-living-room-set-of-2-wall-art,,PENDING,PENDING,7,6.4,80%,55.7,AI Suggestion
pictures for the living room,https://aboutwallart.com/products/london-wall-pictures-for-living-room-ideas-set-of-3-wall-art-prints,,PENDING,PENDING,8,7.6,80%,54.8,AI Suggestion
pictures for the living room,https://aboutwallart.com/blogs/news-articles-home-decor-inspiration/wall-arts-for-living-room-the-dilemma-of-wallpaper-vs-art,,PENDING,PENDING,4,7.3,80%,53.9,AI Suggestion
pictures for the living room,https://aboutwallart.com/products/gold-artwork-for-living-room-set-of-3-feathers-wall-art-prints?variant=55160323375484&country=GB&currency=GBP,,PENDING,PENDING,1,6.8,80%,53.5,AI Suggestion
french country wall decor,https://aboutwallart.com/blogs/news-articles-home-decor-inspiration/what-is-the-3-5-7-rule-in-decorating,,PENDING,KEEP,1489,2.8,50%,72.2,AI Suggestion
french country wall decor,https://aboutwallart.com/blogs/news-articles-home-decor-inspiration/do-beige-and-grey-go-together-heres-how-to-make-it-work,,PENDING,LINK,1362,4.3,50%,70.7,AI Suggestion
french country wall decor,https://aboutwallart.com/blogs/news-articles-home-decor-inspiration/what-colour-goes-with-grey-walls-essential-tips,,PENDING,LINK,728,5.0,50%,70.0,AI Suggestion
french country wall decor,https://aboutwallart.com/blogs/news-articles-home-decor-inspiration/stylish-behind-toilet-decor-5-ideas-to-transform-your-small-bathroom,,PENDING,LINK,242,5.3,50%,69.7,AI Suggestion
french country wall decor,https://aboutwallart.com/blogs/news-articles-home-decor-inspiration/choosing-the-right-art-for-grey-walls,,PENDING,LINK,213,5.7,50%,69.3,AI Suggestion
french country wall decor,https://aboutwallart.com/blogs/news-articles-home-decor-inspiration/moisture-resistant-restroom-wall-art-what-actually-works,,PENDING,PENDING,538,5.8,50%,69.2,AI Suggestion
french country wall decor,https://aboutwallart.com/blogs/news-articles-home-decor-inspiration/how-bedroom-wall-art-ideas-can-impact-your-quality-of-rest,,PENDING,PENDING,107,6.1,50%,68.9,AI Suggestion
french country wall decor,https://aboutwallart.com/blogs/news-articles-home-decor-inspiration/old-money-style-interiors-classic-design-trends,,PENDING,PENDING,299,6.4,50%,68.6,AI Suggestion
french country wall decor,https://aboutwallart.com/blogs/news-articles-home-decor-inspiration/wall-art-for-high-ceilings-7-creative-ideas,,PENDING,PENDING,288,6.4,50%,68.6,AI Suggestion
french country wall decor,https://aboutwallart.com/blogs/news-articles-home-decor-inspiration/cherry-blossom-art-japan-understanding-the-deep-symbolism,,PENDING,PENDING,114,6.4,50%,68.6,AI Suggestion
classy bathroom wall art uk,https://aboutwallart.com/blogs/news-articles-home-decor-inspiration/stylish-behind-toilet-decor-5-ideas-to-transform-your-small-bathroom,,PENDING,KEEP,242,5.3,75%,82.2,AI Suggestion
classy bathroom wall art uk,https://aboutwallart.com/blogs/news-articles-home-decor-inspiration/decorating-above-toilet-stylish-ideas-to-elevate-your-bathroom,,PENDING,LINK,139,6.5,75%,81.0,AI Suggestion
classy bathroom wall art uk,https://aboutwallart.com/blogs/news-articles-home-decor-inspiration/bathroom-art-ideas-to-transform-your-bathroom-into-an-oasis,,PENDING,LINK,225,8.4,75%,79.1,AI Suggestion
classy bathroom wall art uk,https://aboutwallart.com/blogs/news-articles-home-decor-inspiration/what-is-the-3-5-7-rule-in-decorating,,PENDING,LINK,1489,2.8,50%,72.2,AI Suggestion
classy bathroom wall art uk,https://aboutwallart.com/blogs/news-articles-home-decor-inspiration/do-beige-and-grey-go-together-heres-how-to-make-it-work,,PENDING,LINK,1362,4.3,50%,70.7,AI Suggestion
classy bathroom wall art uk,https://aboutwallart.com/blogs/news-articles-home-decor-inspiration/what-colour-goes-with-grey-walls-essential-tips,,PENDING,PENDING,728,5.0,50%,70.0,AI Suggestion
classy bathroom wall art uk,https://aboutwallart.com/blogs/news-articles-home-decor-inspiration/choosing-the-right-art-for-grey-walls,,PENDING,PENDING,213,5.7,50%,69.3,AI Suggestion
classy bathroom wall art uk,https://aboutwallart.com/blogs/news-articles-home-decor-inspiration/moisture-resistant-restroom-wall-art-what-actually-works,,PENDING,PENDING,538,5.8,50%,69.2,AI Suggestion
classy bathroom wall art uk,https://aboutwallart.com/blogs/news-articles-home-decor-inspiration/how-bedroom-wall-art-ideas-can-impact-your-quality-of-rest,,PENDING,PENDING,107,6.1,50%,68.9,AI Suggestion
classy bathroom wall art uk,https://aboutwallart.com/blogs/news-articles-home-decor-inspiration/old-money-style-interiors-classic-design-trends,,PENDING,PENDING,299,6.4,50%,68.6,AI Suggestion
3 pictures above bed,https://aboutwallart.com/products/3-pictures-above-bed-set-of-3-framed-wall-art,,PENDING,KEEP,48,4.7,100%,79.7,AI Suggestion
3 pictures above bed,https://aboutwallart.com/products/3-pictures-above-bed-set-of-3-framed-wall-art?variant=55160998855036&country=GB&currency=GBP,,PENDING,LINK,4,6.1,100%,65.1,AI Suggestion
3 pictures above bed,https://aboutwallart.com/products/3-pictures-above-bed-set-of-3-framed-wall-art?variant=55160998789500&country=GB&currency=GBP,,PENDING,LINK,4,7.0,100%,64.2,AI Suggestion
3 pictures above bed,https://aboutwallart.com/products/3-pictures-above-bed-set-of-3-framed-wall-art?variant=55850603053436,,PENDING,LINK,1,9.8,100%,60.5,AI Suggestion
3 pictures above bed,https://aboutwallart.com/products/bedroom-pictures-for-wall-set-of-3-art-prints?pr_prod_strat=pinned&pr_rec_id=f27b2b090&pr_rec_pid=8167995736350&pr_ref_pid=8167994065182&pr_seq=uniform,,PENDING,LINK,1,1.2,67%,52.5,AI Suggestion
3 pictures above bed,https://aboutwallart.com/cdn/shop/files/3-pictures-above-bed-set-of-3-framed-wall-art-996001.jpg?v=1749592343&width=1946,,PENDING,PENDING,1,18.3,100%,52.0,AI Suggestion
3 pictures above bed,https://aboutwallart.com/products/bedroom-pictures-for-wall-set-of-3-art-prints?variant=55160765251964,,PENDING,PENDING,1,3.1,67%,50.5,AI Suggestion
3 pictures above bed,https://aboutwallart.com/products/bedroom-pictures-for-wall-set-of-3-art-prints?variant=55849798271356,,PENDING,PENDING,3,4.1,67%,50.1,AI Suggestion
3 pictures above bed,https://aboutwallart.com/products/bedroom-pictures-for-wall-set-of-3-art-prints?variant=55856616702332&country=GB&currency=GBP,,PENDING,PENDING,1,3.6,67%,50.0,AI Suggestion
3 pictures above bed,https://aboutwallart.com/products/bedroom-pictures-for-wall-set-of-3-art-prints?variant=55849797779836&country=GB&currency=GBP,,PENDING,PENDING,1,3.8,67%,49.8,AI Suggestion
old money furniture,https://aboutwallart.com/blogs/news-articles-home-decor-inspiration/old-money-style-interiors-classic-design-trends,,PENDING,KEEP,299,6.4,67%,77.0,AI Suggestion
old money furniture,https://aboutwallart.com/pages/old-money-home-decor,,PENDING,LINK,26,7.6,67%,53.5,AI Suggestion
what colour goes with light grey,https://aboutwallart.com/blogs/news-articles-home-decor-inspiration/what-colour-goes-with-grey-walls-essential-tips,,PENDING,KEEP,728,5.0,83%,86.7,AI Suggestion
what colour goes with light grey,https://aboutwallart.com/blogs/news-articles-home-decor-inspiration/what-to-do-when-your-home-lacks-natural-light-decorate-with-living-room-wall-hangings,,PENDING,LINK,30,8.4,50%,45.6,AI Suggestion
what colour goes with light grey,https://aboutwallart.com/blogs/news-articles-home-decor-inspiration/how-to-decorate-with-greige-colours-the-blend-of-grey-beige,,PENDING,LINK,21,8.8,50%,42.5,AI Suggestion
types of wall art prints,https://aboutwallart.com/blogs/news-articles-home-decor-inspiration/types-of-wall-art,,PENDING,KEEP,209,6.6,75%,80.9,AI Suggestion
types of wall art prints,https://aboutwallart.com/blogs/news-articles-home-decor-inspiration/how-to-mix-and-blend-different-art-style-types,,PENDING,LINK,107,7.7,75%,79.8,AI Suggestion
types of wall art prints,https://aboutwallart.com/blogs/news-articles-home-decor-inspiration/what-is-the-3-5-7-rule-in-decorating,,PENDING,LINK,1489,2.8,50%,72.2,AI Suggestion
types of wall art prints,https://aboutwallart.com/blogs/news-articles-home-decor-inspiration/do-beige-and-grey-go-together-heres-how-to-make-it-work,,PENDING,LINK,1362,4.3,50%,70.7,AI Suggestion
types of wall art prints,https://aboutwallart.com/blogs/news-articles-home-decor-inspiration/what-colour-goes-with-grey-walls-essential-tips,,PENDING,LINK,728,5.0,50%,70.0,AI Suggestion
types of wall art prints,https://aboutwallart.com/blogs/news-articles-home-decor-inspiration/stylish-behind-toilet-decor-5-ideas-to-transform-your-small-bathroom,,PENDING,PENDING,242,5.3,50%,69.7,AI Suggestion
types of wall art prints,https://aboutwallart.com/blogs/news-articles-home-decor-inspiration/choosing-the-right-art-for-grey-walls,,PENDING,PENDING,213,5.7,50%,69.3,AI Suggestion
types of wall art prints,https://aboutwallart.com/blogs/news-articles-home-decor-inspiration/moisture-resistant-restroom-wall-art-what-actually-works,,PENDING,PENDING,538,5.8,50%,69.2,AI Suggestion
types of wall art prints,https://aboutwallart.com/blogs/news-articles-home-decor-inspiration/transforming-spaces-the-power-of-japan-prints-and-feng-shui,,PENDING,PENDING,64,7.8,75%,68.9,AI Suggestion
types of wall art prints,https://aboutwallart.com/blogs/news-articles-home-decor-inspiration/how-bedroom-wall-art-ideas-can-impact-your-quality-of-rest,,PENDING,PENDING,107,6.1,50%,68.9,AI Suggestion
relaxing wall art for bedroom,https://aboutwallart.com/blogs/news-articles-home-decor-inspiration/stylish-behind-toilet-decor-5-ideas-to-transform-your-small-bathroom,,PENDING,KEEP,242,5.3,60%,74.7,AI Suggestion
relaxing wall art for bedroom,https://aboutwallart.com/blogs/news-articles-home-decor-inspiration/choosing-the-right-art-for-grey-walls,,PENDING,LINK,213,5.7,60%,74.3,AI Suggestion
relaxing wall art for bedroom,https://aboutwallart.com/blogs/news-articles-home-decor-inspiration/how-bedroom-wall-art-ideas-can-impact-your-quality-of-rest,,PENDING,LINK,107,6.1,60%,73.9,AI Suggestion
relaxing wall art for bedroom,https://aboutwallart.com/blogs/news-articles-home-decor-inspiration/wall-art-for-high-ceilings-7-creative-ideas,,PENDING,LINK,288,6.4,60%,73.6,AI Suggestion
relaxing wall art for bedroom,https://aboutwallart.com/blogs/news-articles-home-decor-inspiration/the-case-for-empty-spaces-when-less-truly-is-more,,PENDING,LINK,102,6.5,60%,73.5,AI Suggestion
relaxing wall art for bedroom,https://aboutwallart.com/blogs/news-articles-home-decor-inspiration/art-for-offices-inspiring-ideas-for-every-workspace,,PENDING,PENDING,101,7.8,60%,72.2,AI Suggestion
relaxing wall art for bedroom,https://aboutwallart.com/collections/framed-wall-pictures-for-living-room,,PENDING,PENDING,198,7.8,60%,72.2,AI Suggestion
relaxing wall art for bedroom,https://aboutwallart.com/blogs/news-articles-home-decor-inspiration/bathroom-art-ideas-to-transform-your-bathroom-into-an-oasis,,PENDING,PENDING,225,8.4,60%,71.6,AI Suggestion
relaxing wall art for bedroom,https://aboutwallart.com/blogs/news-articles-home-decor-inspiration/determining-what-frame-size-do-i-need-for-my-space,,PENDING,PENDING,200,9.1,60%,70.9,AI Suggestion
relaxing wall art for bedroom,https://aboutwallart.com/pages/write-for-us,,PENDING,PENDING,496,11.1,60%,68.9,AI Suggestion
japandi home decor,https://aboutwallart.com/blogs/news-articles-home-decor-inspiration/what-is-the-3-5-7-rule-in-decorating,,PENDING,KEEP,1489,2.8,67%,80.5,AI Suggestion
japandi home decor,https://aboutwallart.com/blogs/news-articles-home-decor-inspiration/do-beige-and-grey-go-together-heres-how-to-make-it-work,,PENDING,LINK,1362,4.3,67%,79.1,AI Suggestion
japandi home decor,https://aboutwallart.com/blogs/news-articles-home-decor-inspiration/what-colour-goes-with-grey-walls-essential-tips,,PENDING,LINK,728,5.0,67%,78.3,AI Suggestion
japandi home decor,https://aboutwallart.com/blogs/news-articles-home-decor-inspiration/stylish-behind-toilet-decor-5-ideas-to-transform-your-small-bathroom,,PENDING,LINK,242,5.3,67%,78.0,AI Suggestion
japandi home decor,https://aboutwallart.com/blogs/news-articles-home-decor-inspiration/choosing-the-right-art-for-grey-walls,,PENDING,LINK,213,5.7,67%,77.6,AI Suggestion
japandi home decor,https://aboutwallart.com/blogs/news-articles-home-decor-inspiration/moisture-resistant-restroom-wall-art-what-actually-works,,PENDING,PENDING,538,5.8,67%,77.5,AI Suggestion
japandi home decor,https://aboutwallart.com/blogs/news-articles-home-decor-inspiration/how-bedroom-wall-art-ideas-can-impact-your-quality-of-rest,,PENDING,PENDING,107,6.1,67%,77.2,AI Suggestion
japandi home decor,https://aboutwallart.com/blogs/news-articles-home-decor-inspiration/old-money-style-interiors-classic-design-trends,,PENDING,PENDING,299,6.4,67%,77.0,AI Suggestion
japandi home decor,https://aboutwallart.com/blogs/news-articles-home-decor-inspiration/wall-art-for-high-ceilings-7-creative-ideas,,PENDING,PENDING,288,6.4,67%,76.9,AI Suggestion
japandi home decor,https://aboutwallart.com/blogs/news-articles-home-decor-inspiration/cherry-blossom-art-japan-understanding-the-deep-symbolism,,PENDING,PENDING,114,6.4,67%,76.9,AI Suggestion
black and white art styles,https://aboutwallart.com/blogs/news-articles-home-decor-inspiration/black-and-white-art-styles-and-how-to-use-them-at-home,,PENDING,KEEP,24,7.5,100%,69.7,AI Suggestion
black and white art styles,https://aboutwallart.com/blogs/news-articles-home-decor-inspiration/creating-a-retreat-with-black-and-white-wall-art-for-bedroom,,PENDING,REPURPOSE,36,7.5,80%,63.3,AI Suggestion
black and white art styles,https://aboutwallart.com/products/new-york-white-and-black-art-for-living-room-set-of-3-wall-art-prints,,PENDING,LINK,18,6.4,80%,59.0,AI Suggestion
black and white art styles,https://aboutwallart.com/products/black-and-white-japanese-art-set-of-3-wall-art-prints,,PENDING,LINK,10,4.4,80%,58.6,AI Suggestion
black and white art styles,https://aboutwallart.com/products/white-and-black-prints-set-of-3-wall-art-prints?variant=55161173279100&country=GB&currency=GBP&utm_medium=product_sync&utm_source=google&utm_content=sag_organic&utm_campaign=sag_organic,,PENDING,LINK,2,2.5,80%,58.1,AI Suggestion
black and white art styles,https://aboutwallart.com/products/manhattan-black-and-white-prints-set-of-3-wall-art-prints,,PENDING,PENDING,7,5.7,80%,56.4,AI Suggestion
black and white art styles,https://aboutwallart.com/products/artistic-black-and-white-wall-pictures-set-of-3-art-prints?variant=55849743352188,,PENDING,PENDING,1,4.2,80%,56.1,AI Suggestion
black and white art styles,https://aboutwallart.com/products/white-and-black-wall-art-set-of-3-prints?variant=55849557328252,,PENDING,PENDING,1,4.5,80%,55.8,AI Suggestion
black and white art styles,https://aboutwallart.com/products/white-and-black-wall-art-set-of-3-prints,,PENDING,PENDING,4,6.2,80%,55.0,AI Suggestion
black and white art styles,https://aboutwallart.com/blogs/news-articles-home-decor-inspiration/black-and-white-magic-creating-galleries-framed-wall-art,,PENDING,PENDING,2,5.7,80%,55.0,AI Suggestion
colour that goes with grey,https://aboutwallart.com/blogs/news-articles-home-decor-inspiration/what-colour-goes-with-grey-walls-essential-tips,,PENDING,KEEP,728,5.0,80%,85.0,AI Suggestion
colour that goes with grey,https://aboutwallart.com/blogs/news-articles-home-decor-inspiration/how-to-decorate-with-greige-colours-the-blend-of-grey-beige,,PENDING,LINK,21,8.8,60%,47.5,AI Suggestion
colour that goes with grey,https://aboutwallart.com/blogs/news-articles-home-decor-inspiration/colors-that-go-with-grey-perfect-combinations-for-home-decor,,PENDING,LINK,12,13.1,60%,40.6,AI Suggestion
waterproof wall art,https://aboutwallart.com/blogs/news-articles-home-decor-inspiration/what-is-the-3-5-7-rule-in-decorating,,PENDING,KEEP,1489,2.8,67%,80.5,AI Suggestion
waterproof wall art,https://aboutwallart.com/blogs/news-articles-home-decor-inspiration/do-beige-and-grey-go-together-heres-how-to-make-it-work,,PENDING,LINK,1362,4.3,67%,79.1,AI Suggestion
waterproof wall art,https://aboutwallart.com/blogs/news-articles-home-decor-inspiration/what-colour-goes-with-grey-walls-essential-tips,,PENDING,LINK,728,5.0,67%,78.3,AI Suggestion
waterproof wall art,https://aboutwallart.com/blogs/news-articles-home-decor-inspiration/stylish-behind-toilet-decor-5-ideas-to-transform-your-small-bathroom,,PENDING,LINK,242,5.3,67%,78.0,AI Suggestion
waterproof wall art,https://aboutwallart.com/blogs/news-articles-home-decor-inspiration/choosing-the-right-art-for-grey-walls,,PENDING,LINK,213,5.7,67%,77.6,AI Suggestion
waterproof wall art,https://aboutwallart.com/blogs/news-articles-home-decor-inspiration/moisture-resistant-restroom-wall-art-what-actually-works,,PENDING,PENDING,538,5.8,67%,77.5,AI Suggestion
waterproof wall art,https://aboutwallart.com/blogs/news-articles-home-decor-inspiration/how-bedroom-wall-art-ideas-can-impact-your-quality-of-rest,,PENDING,PENDING,107,6.1,67%,77.2,AI Suggestion
waterproof wall art,https://aboutwallart.com/blogs/news-articles-home-decor-inspiration/old-money-style-interiors-classic-design-trends,,PENDING,PENDING,299,6.4,67%,77.0,AI Suggestion
waterproof wall art,https://aboutwallart.com/blogs/news-articles-home-decor-inspiration/wall-art-for-high-ceilings-7-creative-ideas,,PENDING,PENDING,288,6.4,67%,76.9,AI Suggestion
waterproof wall art,https://aboutwallart.com/blogs/news-articles-home-decor-inspiration/cherry-blossom-art-japan-understanding-the-deep-symbolism,,PENDING,PENDING,114,6.4,67%,76.9,AI Suggestion
high ceiling wall decor ideas,https://aboutwallart.com/blogs/news-articles-home-decor-inspiration/wall-art-for-high-ceilings-7-creative-ideas,,PENDING,KEEP,288,6.4,100%,93.6,AI Suggestion
high ceiling wall decor ideas,https://aboutwallart.com/blogs/news-articles-home-decor-inspiration/stylish-behind-toilet-decor-5-ideas-to-transform-your-small-bathroom,,PENDING,LINK,242,5.3,60%,74.7,AI Suggestion
high ceiling wall decor ideas,https://aboutwallart.com/blogs/news-articles-home-decor-inspiration/how-bedroom-wall-art-ideas-can-impact-your-quality-of-rest,,PENDING,LINK,107,6.1,60%,73.9,AI Suggestion
high ceiling wall decor ideas,https://aboutwallart.com/blogs/news-articles-home-decor-inspiration/decorating-above-toilet-stylish-ideas-to-elevate-your-bathroom,,PENDING,LINK,139,6.5,60%,73.5,AI Suggestion
high ceiling wall decor ideas,https://aboutwallart.com/blogs/news-articles-home-decor-inspiration/masculine-home-decor-stylish-ideas-to-elevate-any-modern-space,,PENDING,LINK,145,7.2,60%,72.8,AI Suggestion
high ceiling wall decor ideas,https://aboutwallart.com/blogs/news-articles-home-decor-inspiration/art-for-offices-inspiring-ideas-for-every-workspace,,PENDING,PENDING,101,7.8,60%,72.2,AI Suggestion
high ceiling wall decor ideas,https://aboutwallart.com/blogs/news-articles-home-decor-inspiration/bathroom-art-ideas-to-transform-your-bathroom-into-an-oasis,,PENDING,PENDING,225,8.4,60%,71.6,AI Suggestion
high ceiling wall decor ideas,https://aboutwallart.com/blogs/news-articles-home-decor-inspiration/top-8-hallway-art-ideas-to-transform-your-space,,PENDING,PENDING,75,8.7,60%,63.8,AI Suggestion
high ceiling wall decor ideas,https://aboutwallart.com/blogs/news-articles-home-decor-inspiration/asian-home-decor-ideas-for-tranquil-nature-led-interiors,,PENDING,PENDING,66,8.6,60%,61.2,AI Suggestion
high ceiling wall decor ideas,https://aboutwallart.com/blogs/news-articles-home-decor-inspiration/coastal-decor-bedroom-ideas-how-to-style-it,,PENDING,PENDING,57,7.9,60%,59.2,AI Suggestion
3-5-7 rule interior design,https://aboutwallart.com/blogs/news-articles-home-decor-inspiration/what-is-the-3-5-7-rule-in-decorating,,PENDING,KEEP,1489,2.8,50%,72.2,AI Suggestion
3-5-7 rule interior design,https://aboutwallart.com/blogs/news-articles-home-decor-inspiration/old-money-style-interiors-classic-design-trends,,PENDING,LINK,299,6.4,50%,68.6,AI Suggestion
3-5-7 rule interior design,https://aboutwallart.com/blogs/news-articles-home-decor-inspiration/understanding-art-in-interior-design,,PENDING,LINK,34,10.0,50%,45.2,AI Suggestion
3-5-7 rule interior design,https://aboutwallart.com/blogs/news-articles-home-decor-inspiration/kitchen-wall-art-expert-interior-design-tips-trends-2026,,PENDING,LINK,15,5.9,50%,43.6,AI Suggestion
3-5-7 rule interior design,https://aboutwallart.com/blogs/news-articles-home-decor-inspiration/design-principles-in-art-simple-rules-for-better-wall-displays,,PENDING,LINK,3,5.1,50%,40.8,AI Suggestion
3-5-7 rule interior design,https://aboutwallart.com/products/japandi-interior-design-set-of-3-wall-art-prints,,PENDING,PENDING,7,6.5,50%,40.6,AI Suggestion
3-5-7 rule interior design,https://aboutwallart.com/collections/biophilic-interior-design?page=3,,PENDING,PENDING,3,5.9,50%,40.0,AI Suggestion
3-5-7 rule interior design,https://aboutwallart.com/products/japandi-interior-design-set-of-3-wall-art-prints?variant=55161848725884,,PENDING,PENDING,1,5.6,50%,39.7,AI Suggestion
3-5-7 rule interior design,https://aboutwallart.com/blogs/news-articles-home-decor-inspiration/apartment-interior-renovation-checklist-planning-design-trends-cost-factors,,PENDING,PENDING,3,6.6,50%,39.3,AI Suggestion
3-5-7 rule interior design,https://aboutwallart.com/blogs/news-articles-home-decor-inspiration/a-guide-to-a-different-type-of-interior-design-for-a-calming-home,,PENDING,PENDING,3,6.7,50%,39.2,AI Suggestion
décoration islamique,https://aboutwallart.com/products/office-wall-decorations-set-of-3-framed-wall-art-prints?pr_prod_strat=use_description&pr_rec_id=3499e27c1&pr_rec_pid=8167998587166&pr_ref_pid=8167999963422&pr_seq=uniform,,PENDING,KEEP,2,1.3,50%,44.4,AI Suggestion
décoration islamique,https://aboutwallart.com/products/ramadan-mubarak-decorations-for-bedroom-set-of-3-wall-art-prints?variant=55160762761596&country=GB&currency=GBP,,PENDING,LINK,1,3.6,50%,41.7,AI Suggestion
décoration islamique,https://aboutwallart.com/products/bathroom-wall-decoration-set-of-2-framed-wall-art-prints,,PENDING,LINK,1,4.7,50%,40.6,AI Suggestion
décoration islamique,https://aboutwallart.com/blogs/news-articles-home-decor-inspiration/never-too-small-wall-decoration-office-ideas-for-apartments,,PENDING,LINK,7,7.3,50%,39.8,AI Suggestion
décoration islamique,https://aboutwallart.com/blogs/news-articles-home-decor-inspiration/creative-toilet-decorations-to-elevate-your-small-bathroom,,PENDING,LINK,7,7.4,50%,39.7,AI Suggestion
décoration islamique,https://aboutwallart.com/products/ramadan-decoration-ideas-set-of-3-wall-art-prints,,PENDING,PENDING,2,7.0,50%,38.6,AI Suggestion
décoration islamique,https://aboutwallart.com/blogs/news-articles-home-decor-inspiration/main-bedroom-decoration-ideas-for-comfort-and-style,,PENDING,PENDING,1,7.6,50%,37.7,AI Suggestion
décoration islamique,https://aboutwallart.com/products/coffee-shop-decorations-set-of-3-wall-art-prints,,PENDING,PENDING,3,8.3,50%,37.5,AI Suggestion
décoration islamique,https://aboutwallart.com/products/eid-mubarak-decorations-wall-art-print?pr_prod_strat=copurchase_transfer_learning&pr_rec_id=fe19bae29&pr_rec_pid=8167986626846&pr_ref_pid=8167982137630&pr_seq=uniform,,PENDING,PENDING,1,8.7,50%,36.6,AI Suggestion
décoration islamique,https://aboutwallart.com/blogs/news-articles-home-decor-inspiration/creative-childrens-room-wall-decorations,,PENDING,PENDING,2,9.3,50%,36.4,AI Suggestion
old money style interior design,https://aboutwallart.com/blogs/news-articles-home-decor-inspiration/old-money-style-interiors-classic-design-trends,,PENDING,KEEP,299,6.4,100%,93.6,AI Suggestion
old money style interior design,https://aboutwallart.com/blogs/news-articles-home-decor-inspiration/list-of-interior-design-styles-find-the-perfect-look-for-your-home,,PENDING,LINK,4,13.6,60%,37.6,AI Suggestion
wall decor trends 2026,https://aboutwallart.com/blogs/news-articles-home-decor-inspiration/my-guide-to-the-top-interior-decorating-trends-2026,,PENDING,KEEP,101,7.7,100%,92.3,AI Suggestion
wall decor trends 2026,https://aboutwallart.com/blogs/news-articles-home-decor-inspiration/old-money-style-interiors-classic-design-trends,,PENDING,LINK,299,6.4,75%,81.1,AI Suggestion
wall decor trends 2026,https://aboutwallart.com/blogs/news-articles-home-decor-inspiration/what-is-the-3-5-7-rule-in-decorating,,PENDING,LINK,1489,2.8,50%,72.2,AI Suggestion
wall decor trends 2026,https://aboutwallart.com/blogs/news-articles-home-decor-inspiration/do-beige-and-grey-go-together-heres-how-to-make-it-work,,PENDING,LINK,1362,4.3,50%,70.7,AI Suggestion
wall decor trends 2026,https://aboutwallart.com/blogs/news-articles-home-decor-inspiration/what-colour-goes-with-grey-walls-essential-tips,,PENDING,LINK,728,5.0,50%,70.0,AI Suggestion
wall decor trends 2026,https://aboutwallart.com/blogs/news-articles-home-decor-inspiration/stylish-behind-toilet-decor-5-ideas-to-transform-your-small-bathroom,,PENDING,PENDING,242,5.3,50%,69.7,AI Suggestion
wall decor trends 2026,https://aboutwallart.com/blogs/news-articles-home-decor-inspiration/choosing-the-right-art-for-grey-walls,,PENDING,PENDING,213,5.7,50%,69.3,AI Suggestion
wall decor trends 2026,https://aboutwallart.com/blogs/news-articles-home-decor-inspiration/moisture-resistant-restroom-wall-art-what-actually-works,,PENDING,PENDING,538,5.8,50%,69.2,AI Suggestion
wall decor trends 2026,https://aboutwallart.com/blogs/news-articles-home-decor-inspiration/how-bedroom-wall-art-ideas-can-impact-your-quality-of-rest,,PENDING,PENDING,107,6.1,50%,68.9,AI Suggestion
wall decor trends 2026,https://aboutwallart.com/blogs/news-articles-home-decor-inspiration/kitchen-wall-art-expert-interior-design-tips-trends-2026,,PENDING,PENDING,15,5.9,100%,68.6,AI Suggestion
black and gold bathroom wall decor,https://aboutwallart.com/blogs/news-articles-home-decor-inspiration/do-beige-and-grey-go-together-heres-how-to-make-it-work,,PENDING,KEEP,1362,4.3,50%,70.7,AI Suggestion
black and gold bathroom wall decor,https://aboutwallart.com/blogs/news-articles-home-decor-inspiration/stylish-behind-toilet-decor-5-ideas-to-transform-your-small-bathroom,,PENDING,LINK,242,5.3,50%,69.7,AI Suggestion
black and gold bathroom wall decor,https://aboutwallart.com/blogs/news-articles-home-decor-inspiration/cherry-blossom-art-japan-understanding-the-deep-symbolism,,PENDING,LINK,114,6.4,50%,68.6,AI Suggestion
black and gold bathroom wall decor,https://aboutwallart.com/blogs/news-articles-home-decor-inspiration/decorating-above-toilet-stylish-ideas-to-elevate-your-bathroom,,PENDING,LINK,139,6.5,50%,68.5,AI Suggestion
black and gold bathroom wall decor,https://aboutwallart.com/blogs/news-articles-home-decor-inspiration/understanding-art-color-meaning-emotions-symbolism,,PENDING,LINK,138,7.3,50%,67.8,AI Suggestion
black and gold bathroom wall decor,https://aboutwallart.com/blogs/news-articles-home-decor-inspiration/how-to-mix-and-blend-different-art-style-types,,PENDING,PENDING,107,7.7,50%,67.3,AI Suggestion
black and gold bathroom wall decor,https://aboutwallart.com/blogs/news-articles-home-decor-inspiration/small-studio-apartment-decor-10-genius-tips-and-hacks,,PENDING,PENDING,98,7.2,50%,67.2,AI Suggestion
black and gold bathroom wall decor,https://aboutwallart.com/blogs/news-articles-home-decor-inspiration/bathroom-art-ideas-to-transform-your-bathroom-into-an-oasis,,PENDING,PENDING,225,8.4,50%,66.6,AI Suggestion
black and gold bathroom wall decor,https://aboutwallart.com/products/bathroom-decor-in-black-an-gold-set-of-3-framed-wall-art,,PENDING,PENDING,10,4.8,83%,59.9,AI Suggestion
black and gold bathroom wall decor,https://aboutwallart.com/products/bathroom-decor-in-black-an-gold-set-of-3-framed-wall-art?variant=55849616245116,,PENDING,PENDING,1,4.1,83%,57.9,AI Suggestion
colours and emotions in art,https://aboutwallart.com/blogs/news-articles-home-decor-inspiration/understanding-art-color-meaning-emotions-symbolism,,PENDING,KEEP,138,7.3,75%,80.3,AI Suggestion
colours and emotions in art,https://aboutwallart.com/blogs/news-articles-home-decor-inspiration/do-beige-and-grey-go-together-heres-how-to-make-it-work,,PENDING,LINK,1362,4.3,50%,70.7,AI Suggestion
colours and emotions in art,https://aboutwallart.com/blogs/news-articles-home-decor-inspiration/cherry-blossom-art-japan-understanding-the-deep-symbolism,,PENDING,LINK,114,6.4,50%,68.6,AI Suggestion
colours and emotions in art,https://aboutwallart.com/blogs/news-articles-home-decor-inspiration/how-to-mix-and-blend-different-art-style-types,,PENDING,LINK,107,7.7,50%,67.3,AI Suggestion
colours and emotions in art,https://aboutwallart.com/blogs/news-articles-home-decor-inspiration/small-studio-apartment-decor-10-genius-tips-and-hacks,,PENDING,LINK,98,7.2,50%,67.2,AI Suggestion
colours and emotions in art,https://aboutwallart.com/blogs/news-articles-home-decor-inspiration/transforming-spaces-the-power-of-japan-prints-and-feng-shui,,PENDING,PENDING,64,7.8,50%,56.4,AI Suggestion
colours and emotions in art,https://aboutwallart.com/blogs/news-articles-home-decor-inspiration/kitchen-trends-for-2026-colours-layouts-and-must-have-features/,,PENDING,PENDING,5,6.6,75%,52.4,AI Suggestion
colours and emotions in art,https://aboutwallart.com/blogs/news-articles-home-decor-inspiration/kitchen-trends-for-2026-colours-layouts-and-must-have-features,,PENDING,PENDING,2,6.9,75%,51.2,AI Suggestion
colours and emotions in art,https://aboutwallart.com/blogs/news-articles-home-decor-inspiration/japandi-home-decor-a-calm-blend-of-east-meets-west,,PENDING,PENDING,40,7.7,50%,49.3,AI Suggestion
colours and emotions in art,https://aboutwallart.com/blogs/news-articles-home-decor-inspiration/using-black-accents-to-add-drama-and-depth-to-your-home,,PENDING,PENDING,34,6.3,50%,48.9,AI Suggestion
old money interior design style,https://aboutwallart.com/blogs/news-articles-home-decor-inspiration/old-money-style-interiors-classic-design-trends,,PENDING,KEEP,299,6.4,100%,93.6,AI Suggestion
old money interior design style,https://aboutwallart.com/blogs/news-articles-home-decor-inspiration/list-of-interior-design-styles-find-the-perfect-look-for-your-home,,PENDING,LINK,4,13.6,60%,37.6,AI Suggestion
waterproof frames for bathroom,https://aboutwallart.com/blogs/news-articles-home-decor-inspiration/stylish-behind-toilet-decor-5-ideas-to-transform-your-small-bathroom,,PENDING,KEEP,242,5.3,50%,69.7,AI Suggestion
waterproof frames for bathroom,https://aboutwallart.com/blogs/news-articles-home-decor-inspiration/bathroom-art-ideas-to-transform-your-bathroom-into-an-oasis,,PENDING,LINK,225,8.4,50%,66.6,AI Suggestion
waterproof frames for bathroom,https://aboutwallart.com/products/large-frames-for-pictures-in-sizes-a4-a3-a2-20x30-in,,PENDING,LINK,21,5.2,50%,46.1,AI Suggestion
waterproof frames for bathroom,https://aboutwallart.com/blogs/news-articles-home-decor-inspiration/bathroom-wall-decor-ideas-for-spa-like-spaces,,PENDING,LINK,26,8.1,50%,44.7,AI Suggestion
waterproof frames for bathroom,https://aboutwallart.com/products/bathroom-artwork-prints-set-of-3-framed-wall-art-prints?pr_prod_strat=pinned&pr_rec_id=2502a320f&pr_rec_pid=8167972241694&pr_ref_pid=8167972897054&pr_seq=uniform,,PENDING,LINK,2,1.0,50%,44.6,AI Suggestion
waterproof frames for bathroom,https://aboutwallart.com/products/framed-art-for-bathroom-set-of-3-green-botanical-wall-art?variant=47153193156894,,PENDING,PENDING,1,1.1,50%,44.2,AI Suggestion
waterproof frames for bathroom,https://aboutwallart.com/products/art-prints-for-the-bathroom-set-of-3-wall-art-prints?pr_prod_strat=e5_desc&pr_rec_id=2d9082061&pr_rec_pid=8167974273310&pr_ref_pid=8167974076702&pr_seq=uniform,,PENDING,PENDING,1,1.2,50%,44.1,AI Suggestion
waterproof frames for bathroom,https://aboutwallart.com/products/modern-bathroom-wall-decor-ideas-set-of-3-wall-art-prints?pr_prod_strat=e5_desc&pr_rec_id=0793c8f3f&pr_rec_pid=8517977899294&pr_ref_pid=8807650459934&pr_seq=uniform,,PENDING,PENDING,1,1.2,50%,44.1,AI Suggestion
waterproof frames for bathroom,https://aboutwallart.com/products/art-for-a-bathrooms-set-of-3-framed-wall-art?pr_prod_strat=e5_desc&pr_rec_id=2d9082061&pr_rec_pid=8566718071070&pr_ref_pid=8167974076702&pr_seq=uniform,,PENDING,PENDING,1,1.3,50%,44.0,AI Suggestion
waterproof frames for bathroom,https://aboutwallart.com/products/art-prints-for-the-bathroom-set-of-3-wall-art-prints?pr_prod_strat=pinned&pr_rec_id=7cfe23379&pr_rec_pid=8167974273310&pr_ref_pid=9013683388702&pr_seq=uniform,,PENDING,PENDING,2,1.8,50%,43.8,AI Suggestion
what is the 3 5 7 rule in interior design,https://aboutwallart.com/blogs/news-articles-home-decor-inspiration/what-is-the-3-5-7-rule-in-decorating,,PENDING,KEEP,1489,2.8,60%,77.2,AI Suggestion
what is the 3 5 7 rule in interior design,https://aboutwallart.com/blogs/news-articles-home-decor-inspiration/what-are-the-key-home-interior-trends-2026-for-living-rooms,,PENDING,LINK,5,9.0,60%,42.5,AI Suggestion
what is the 3 5 7 rule in interior design,https://aboutwallart.com/blogs/news-articles-home-decor-inspiration/top-interior-design-trends-to-watch-for-in-the-coming-year,,PENDING,LINK,1,8.8,60%,41.5,AI Suggestion
what is the 3 5 7 rule in interior design,https://aboutwallart.com/blogs/news-articles-home-decor-inspiration/balancing-function-and-aesthetics-a-guide-to-practical-interior-design,,PENDING,LINK,1,10.5,60%,39.8,AI Suggestion
what is the 3 5 7 rule in interior design,https://aboutwallart.com/blogs/news-articles-home-decor-inspiration/list-of-interior-design-styles-find-the-perfect-look-for-your-home,,PENDING,LINK,4,13.6,60%,37.6,AI Suggestion
2026 wall art trends,https://aboutwallart.com/blogs/news-articles-home-decor-inspiration/my-guide-to-the-top-interior-decorating-trends-2026,,PENDING,KEEP,101,7.7,100%,92.3,AI Suggestion
2026 wall art trends,https://aboutwallart.com/blogs/news-articles-home-decor-inspiration/old-money-style-interiors-classic-design-trends,,PENDING,LINK,299,6.4,75%,81.1,AI Suggestion
2026 wall art trends,https://aboutwallart.com/blogs/news-articles-home-decor-inspiration/what-is-the-3-5-7-rule-in-decorating,,PENDING,LINK,1489,2.8,50%,72.2,AI Suggestion
2026 wall art trends,https://aboutwallart.com/blogs/news-articles-home-decor-inspiration/do-beige-and-grey-go-together-heres-how-to-make-it-work,,PENDING,LINK,1362,4.3,50%,70.7,AI Suggestion
2026 wall art trends,https://aboutwallart.com/blogs/news-articles-home-decor-inspiration/what-colour-goes-with-grey-walls-essential-tips,,PENDING,LINK,728,5.0,50%,70.0,AI Suggestion
2026 wall art trends,https://aboutwallart.com/blogs/news-articles-home-decor-inspiration/stylish-behind-toilet-decor-5-ideas-to-transform-your-small-bathroom,,PENDING,PENDING,242,5.3,50%,69.7,AI Suggestion
2026 wall art trends,https://aboutwallart.com/blogs/news-articles-home-decor-inspiration/choosing-the-right-art-for-grey-walls,,PENDING,PENDING,213,5.7,50%,69.3,AI Suggestion
2026 wall art trends,https://aboutwallart.com/blogs/news-articles-home-decor-inspiration/moisture-resistant-restroom-wall-art-what-actually-works,,PENDING,PENDING,538,5.8,50%,69.2,AI Suggestion
2026 wall art trends,https://aboutwallart.com/blogs/news-articles-home-decor-inspiration/how-bedroom-wall-art-ideas-can-impact-your-quality-of-rest,,PENDING,PENDING,107,6.1,50%,68.9,AI Suggestion
2026 wall art trends,https://aboutwallart.com/blogs/news-articles-home-decor-inspiration/kitchen-wall-art-expert-interior-design-tips-trends-2026,,PENDING,PENDING,15,5.9,100%,68.6,AI Suggestion
bathroom safe wall art,https://aboutwallart.com/blogs/news-articles-home-decor-inspiration/stylish-behind-toilet-decor-5-ideas-to-transform-your-small-bathroom,,PENDING,KEEP,242,5.3,75%,82.2,AI Suggestion
bathroom safe wall art,https://aboutwallart.com/blogs/news-articles-home-decor-inspiration/decorating-above-toilet-stylish-ideas-to-elevate-your-bathroom,,PENDING,LINK,139,6.5,75%,81.0,AI Suggestion
bathroom safe wall art,https://aboutwallart.com/blogs/news-articles-home-decor-inspiration/bathroom-art-ideas-to-transform-your-bathroom-into-an-oasis,,PENDING,LINK,225,8.4,75%,79.1,AI Suggestion
bathroom safe wall art,https://aboutwallart.com/blogs/news-articles-home-decor-inspiration/what-is-the-3-5-7-rule-in-decorating,,PENDING,LINK,1489,2.8,50%,72.2,AI Suggestion
bathroom safe wall art,https://aboutwallart.com/blogs/news-articles-home-decor-inspiration/do-beige-and-grey-go-together-heres-how-to-make-it-work,,PENDING,LINK,1362,4.3,50%,70.7,AI Suggestion
bathroom safe wall art,https://aboutwallart.com/blogs/news-articles-home-decor-inspiration/what-colour-goes-with-grey-walls-essential-tips,,PENDING,PENDING,728,5.0,50%,70.0,AI Suggestion
bathroom safe wall art,https://aboutwallart.com/blogs/news-articles-home-decor-inspiration/choosing-the-right-art-for-grey-walls,,PENDING,PENDING,213,5.7,50%,69.3,AI Suggestion
bathroom safe wall art,https://aboutwallart.com/blogs/news-articles-home-decor-inspiration/moisture-resistant-restroom-wall-art-what-actually-works,,PENDING,PENDING,538,5.8,50%,69.2,AI Suggestion
bathroom safe wall art,https://aboutwallart.com/blogs/news-articles-home-decor-inspiration/how-bedroom-wall-art-ideas-can-impact-your-quality-of-rest,,PENDING,PENDING,107,6.1,50%,68.9,AI Suggestion
bathroom safe wall art,https://aboutwallart.com/blogs/news-articles-home-decor-inspiration/old-money-style-interiors-classic-design-trends,,PENDING,PENDING,299,6.4,50%,68.6,AI Suggestion
décoration,https://aboutwallart.com/products/office-wall-decorations-set-of-3-framed-wall-art-prints?pr_prod_strat=use_description&pr_rec_id=3499e27c1&pr_rec_pid=8167998587166&pr_ref_pid=8167999963422&pr_seq=uniform,,PENDING,KEEP,2,1.3,100%,69.3,AI Suggestion
décoration,https://aboutwallart.com/products/ramadan-mubarak-decorations-for-bedroom-set-of-3-wall-art-prints?variant=55160762761596&country=GB&currency=GBP,,PENDING,LINK,1,3.6,100%,66.7,AI Suggestion
décoration,https://aboutwallart.com/products/bathroom-wall-decoration-set-of-2-framed-wall-art-prints,,PENDING,LINK,1,4.7,100%,65.6,AI Suggestion
décoration,https://aboutwallart.com/blogs/news-articles-home-decor-inspiration/never-too-small-wall-decoration-office-ideas-for-apartments,,PENDING,LINK,7,7.3,100%,64.8,AI Suggestion
décoration,https://aboutwallart.com/blogs/news-articles-home-decor-inspiration/creative-toilet-decorations-to-elevate-your-small-bathroom,,PENDING,LINK,7,7.4,100%,64.7,AI Suggestion
décoration,https://aboutwallart.com/products/ramadan-decoration-ideas-set-of-3-wall-art-prints,,PENDING,PENDING,2,7.0,100%,63.6,AI Suggestion
décoration,https://aboutwallart.com/blogs/news-articles-home-decor-inspiration/main-bedroom-decoration-ideas-for-comfort-and-style,,PENDING,PENDING,1,7.6,100%,62.7,AI Suggestion
décoration,https://aboutwallart.com/products/coffee-shop-decorations-set-of-3-wall-art-prints,,PENDING,PENDING,3,8.3,100%,62.5,AI Suggestion
décoration,https://aboutwallart.com/products/eid-mubarak-decorations-wall-art-print?pr_prod_strat=copurchase_transfer_learning&pr_rec_id=fe19bae29&pr_rec_pid=8167986626846&pr_ref_pid=8167982137630&pr_seq=uniform,,PENDING,PENDING,1,8.7,100%,61.6,AI Suggestion
décoration,https://aboutwallart.com/blogs/news-articles-home-decor-inspiration/creative-childrens-room-wall-decorations,,PENDING,PENDING,2,9.3,100%,61.4,AI Suggestion
living room decor ideas,https://aboutwallart.com/blogs/news-articles-home-decor-inspiration/stylish-behind-toilet-decor-5-ideas-to-transform-your-small-bathroom,,PENDING,KEEP,242,5.3,75%,82.2,AI Suggestion
living room decor ideas,https://aboutwallart.com/blogs/news-articles-home-decor-inspiration/how-bedroom-wall-art-ideas-can-impact-your-quality-of-rest,,PENDING,LINK,107,6.1,75%,81.4,AI Suggestion
living room decor ideas,https://aboutwallart.com/blogs/news-articles-home-decor-inspiration/decorating-above-toilet-stylish-ideas-to-elevate-your-bathroom,,PENDING,LINK,139,6.5,75%,81.0,AI Suggestion
living room decor ideas,https://aboutwallart.com/blogs/news-articles-home-decor-inspiration/bathroom-art-ideas-to-transform-your-bathroom-into-an-oasis,,PENDING,LINK,225,8.4,75%,79.1,AI Suggestion
living room decor ideas,https://aboutwallart.com/blogs/news-articles-home-decor-inspiration/moisture-resistant-restroom-wall-art-what-actually-works,,PENDING,LINK,538,5.8,50%,69.2,AI Suggestion
living room decor ideas,https://aboutwallart.com/blogs/news-articles-home-decor-inspiration/wall-art-for-high-ceilings-7-creative-ideas,,PENDING,PENDING,288,6.4,50%,68.6,AI Suggestion
living room decor ideas,https://aboutwallart.com/blogs/news-articles-home-decor-inspiration/masculine-home-decor-stylish-ideas-to-elevate-any-modern-space,,PENDING,PENDING,145,7.2,50%,67.8,AI Suggestion
living room decor ideas,https://aboutwallart.com/blogs/news-articles-home-decor-inspiration/art-for-offices-inspiring-ideas-for-every-workspace,,PENDING,PENDING,101,7.8,50%,67.2,AI Suggestion
living room decor ideas,https://aboutwallart.com/collections/framed-wall-pictures-for-living-room,,PENDING,PENDING,198,7.8,50%,67.2,AI Suggestion
living room decor ideas,https://aboutwallart.com/blogs/news-articles-home-decor-inspiration/coastal-decor-bedroom-ideas-how-to-style-it,,PENDING,PENDING,57,7.9,75%,66.7,AI Suggestion
living room wall decor ideas,https://aboutwallart.com/blogs/news-articles-home-decor-inspiration/stylish-behind-toilet-decor-5-ideas-to-transform-your-small-bathroom,,PENDING,KEEP,242,5.3,80%,84.7,AI Suggestion
living room wall decor ideas,https://aboutwallart.com/blogs/news-articles-home-decor-inspiration/how-bedroom-wall-art-ideas-can-impact-your-quality-of-rest,,PENDING,REPURPOSE,107,6.1,80%,83.9,AI Suggestion
living room wall decor ideas,https://aboutwallart.com/blogs/news-articles-home-decor-inspiration/decorating-above-toilet-stylish-ideas-to-elevate-your-bathroom,,PENDING,REPURPOSE,139,6.5,80%,83.5,AI Suggestion
living room wall decor ideas,https://aboutwallart.com/blogs/news-articles-home-decor-inspiration/bathroom-art-ideas-to-transform-your-bathroom-into-an-oasis,,PENDING,REPURPOSE,225,8.4,80%,81.6,AI Suggestion
living room wall decor ideas,https://aboutwallart.com/blogs/news-articles-home-decor-inspiration/moisture-resistant-restroom-wall-art-what-actually-works,,PENDING,LINK,538,5.8,60%,74.2,AI Suggestion
living room wall decor ideas,https://aboutwallart.com/blogs/news-articles-home-decor-inspiration/wall-art-for-high-ceilings-7-creative-ideas,,PENDING,PENDING,288,6.4,60%,73.6,AI Suggestion
living room wall decor ideas,https://aboutwallart.com/blogs/news-articles-home-decor-inspiration/masculine-home-decor-stylish-ideas-to-elevate-any-modern-space,,PENDING,PENDING,145,7.2,60%,72.8,AI Suggestion
living room wall decor ideas,https://aboutwallart.com/blogs/news-articles-home-decor-inspiration/art-for-offices-inspiring-ideas-for-every-workspace,,PENDING,PENDING,101,7.8,60%,72.2,AI Suggestion
living room wall decor ideas,https://aboutwallart.com/collections/framed-wall-pictures-for-living-room,,PENDING,PENDING,198,7.8,60%,72.2,AI Suggestion
living room wall decor ideas,https://aboutwallart.com/blogs/news-articles-home-decor-inspiration/coastal-decor-bedroom-ideas-how-to-style-it,,PENDING,PENDING,57,7.9,80%,69.2,AI Suggestion
office decor ideas,https://aboutwallart.com/blogs/news-articles-home-decor-inspiration/art-for-offices-inspiring-ideas-for-every-workspace,,PENDING,KEEP,101,7.8,100%,92.2,AI Suggestion
office decor ideas,https://aboutwallart.com/blogs/news-articles-home-decor-inspiration/stylish-behind-toilet-decor-5-ideas-to-transform-your-small-bathroom,,PENDING,LINK,242,5.3,67%,78.0,AI Suggestion
office decor ideas,https://aboutwallart.com/blogs/news-articles-home-decor-inspiration/how-bedroom-wall-art-ideas-can-impact-your-quality-of-rest,,PENDING,LINK,107,6.1,67%,77.2,AI Suggestion
office decor ideas,https://aboutwallart.com/blogs/news-articles-home-decor-inspiration/wall-art-for-high-ceilings-7-creative-ideas,,PENDING,LINK,288,6.4,67%,76.9,AI Suggestion
office decor ideas,https://aboutwallart.com/blogs/news-articles-home-decor-inspiration/decorating-above-toilet-stylish-ideas-to-elevate-your-bathroom,,PENDING,LINK,139,6.5,67%,76.8,AI Suggestion
office decor ideas,https://aboutwallart.com/blogs/news-articles-home-decor-inspiration/office-decor-ideas-10,,PENDING,PENDING,59,10.9,100%,76.8,AI Suggestion
office decor ideas,https://aboutwallart.com/blogs/news-articles-home-decor-inspiration/masculine-home-decor-stylish-ideas-to-elevate-any-modern-space,,PENDING,PENDING,145,7.2,67%,76.2,AI Suggestion
office decor ideas,https://aboutwallart.com/blogs/news-articles-home-decor-inspiration/bathroom-art-ideas-to-transform-your-bathroom-into-an-oasis,,PENDING,PENDING,225,8.4,67%,74.9,AI Suggestion
office decor ideas,https://aboutwallart.com/blogs/news-articles-home-decor-inspiration/top-8-hallway-art-ideas-to-transform-your-space,,PENDING,PENDING,75,8.7,67%,67.1,AI Suggestion
office decor ideas,https://aboutwallart.com/products/wall-decor-ideas-for-office-set-of-3-wall-art-prints,,PENDING,PENDING,12,6.5,100%,67.1,AI Suggestion
wall art for living room,https://aboutwallart.com/collections/framed-wall-pictures-for-living-room,,PENDING,KEEP,198,7.8,100%,92.2,AI Suggestion
wall art for living room,https://aboutwallart.com/blogs/news-articles-home-decor-inspiration/stylish-behind-toilet-decor-5-ideas-to-transform-your-small-bathroom,,PENDING,REPURPOSE,242,5.3,80%,84.7,AI Suggestion
wall art for living room,https://aboutwallart.com/blogs/news-articles-home-decor-inspiration/bathroom-art-ideas-to-transform-your-bathroom-into-an-oasis,,PENDING,REPURPOSE,225,8.4,80%,81.6,AI Suggestion
wall art for living room,https://aboutwallart.com/products/floral-large-wall-prints-for-a-living-room-set-of-3-wall-art-prints,,PENDING,REPURPOSE,64,9.1,100%,80.1,AI Suggestion
wall art for living room,https://aboutwallart.com/blogs/news-articles-home-decor-inspiration/choosing-the-right-art-for-grey-walls,,PENDING,LINK,213,5.7,60%,74.3,AI Suggestion
wall art for living room,https://aboutwallart.com/blogs/news-articles-home-decor-inspiration/moisture-resistant-restroom-wall-art-what-actually-works,,PENDING,PENDING,538,5.8,60%,74.2,AI Suggestion
wall art for living room,https://aboutwallart.com/blogs/news-articles-home-decor-inspiration/how-bedroom-wall-art-ideas-can-impact-your-quality-of-rest,,PENDING,PENDING,107,6.1,60%,73.9,AI Suggestion
wall art for living room,https://aboutwallart.com/blogs/news-articles-home-decor-inspiration/wall-art-for-high-ceilings-7-creative-ideas,,PENDING,PENDING,288,6.4,60%,73.6,AI Suggestion
wall art for living room,https://aboutwallart.com/blogs/news-articles-home-decor-inspiration/the-case-for-empty-spaces-when-less-truly-is-more,,PENDING,PENDING,102,6.5,60%,73.5,AI Suggestion
wall art for living room,https://aboutwallart.com/blogs/news-articles-home-decor-inspiration/decorating-above-toilet-stylish-ideas-to-elevate-your-bathroom,,PENDING,PENDING,139,6.5,60%,73.5,AI Suggestion
living room wall art,https://aboutwallart.com/collections/framed-wall-pictures-for-living-room,,PENDING,KEEP,198,7.8,100%,92.2,AI Suggestion
living room wall art,https://aboutwallart.com/blogs/news-articles-home-decor-inspiration/stylish-behind-toilet-decor-5-ideas-to-transform-your-small-bathroom,,PENDING,LINK,242,5.3,75%,82.2,AI Suggestion
living room wall art,https://aboutwallart.com/blogs/news-articles-home-decor-inspiration/moisture-resistant-restroom-wall-art-what-actually-works,,PENDING,LINK,538,5.8,75%,81.7,AI Suggestion
living room wall art,https://aboutwallart.com/blogs/news-articles-home-decor-inspiration/how-bedroom-wall-art-ideas-can-impact-your-quality-of-rest,,PENDING,LINK,107,6.1,75%,81.4,AI Suggestion
living room wall art,https://aboutwallart.com/blogs/news-articles-home-decor-inspiration/decorating-above-toilet-stylish-ideas-to-elevate-your-bathroom,,PENDING,LINK,139,6.5,75%,81.0,AI Suggestion
living room wall art,https://aboutwallart.com/products/floral-large-wall-prints-for-a-living-room-set-of-3-wall-art-prints,,PENDING,PENDING,64,9.1,100%,80.1,AI Suggestion
living room wall art,https://aboutwallart.com/blogs/news-articles-home-decor-inspiration/bathroom-art-ideas-to-transform-your-bathroom-into-an-oasis,,PENDING,PENDING,225,8.4,75%,79.1,AI Suggestion
living room wall art,https://aboutwallart.com/products/large-living-room-pictures-set-of-3-wall-art-prints,,PENDING,PENDING,47,6.6,100%,77.5,AI Suggestion
living room wall art,https://aboutwallart.com/blogs/news-articles-home-decor-inspiration/canvas-paintings-for-living-room,,PENDING,PENDING,43,9.4,100%,73.5,AI Suggestion
living room wall art,https://aboutwallart.com/blogs/news-articles-home-decor-inspiration/what-is-the-3-5-7-rule-in-decorating,,PENDING,PENDING,1489,2.8,50%,72.2,AI Suggestion
office wall art,https://aboutwallart.com/blogs/news-articles-home-decor-inspiration/art-for-offices-inspiring-ideas-for-every-workspace,,PENDING,KEEP,101,7.8,100%,92.2,AI Suggestion
office wall art,https://aboutwallart.com/blogs/news-articles-home-decor-inspiration/what-is-the-3-5-7-rule-in-decorating,,PENDING,LINK,1489,2.8,67%,80.5,AI Suggestion
office wall art,https://aboutwallart.com/blogs/news-articles-home-decor-inspiration/do-beige-and-grey-go-together-heres-how-to-make-it-work,,PENDING,LINK,1362,4.3,67%,79.1,AI Suggestion
office wall art,https://aboutwallart.com/blogs/news-articles-home-decor-inspiration/what-colour-goes-with-grey-walls-essential-tips,,PENDING,LINK,728,5.0,67%,78.3,AI Suggestion
office wall art,https://aboutwallart.com/blogs/news-articles-home-decor-inspiration/stylish-behind-toilet-decor-5-ideas-to-transform-your-small-bathroom,,PENDING,LINK,242,5.3,67%,78.0,AI Suggestion
office wall art,https://aboutwallart.com/blogs/news-articles-home-decor-inspiration/choosing-the-right-art-for-grey-walls,,PENDING,PENDING,213,5.7,67%,77.6,AI Suggestion
office wall art,https://aboutwallart.com/blogs/news-articles-home-decor-inspiration/moisture-resistant-restroom-wall-art-what-actually-works,,PENDING,PENDING,538,5.8,67%,77.5,AI Suggestion
office wall art,https://aboutwallart.com/blogs/news-articles-home-decor-inspiration/how-bedroom-wall-art-ideas-can-impact-your-quality-of-rest,,PENDING,PENDING,107,6.1,67%,77.2,AI Suggestion
office wall art,https://aboutwallart.com/blogs/news-articles-home-decor-inspiration/old-money-style-interiors-classic-design-trends,,PENDING,PENDING,299,6.4,67%,77.0,AI Suggestion
office wall art,https://aboutwallart.com/blogs/news-articles-home-decor-inspiration/wall-art-for-high-ceilings-7-creative-ideas,,PENDING,PENDING,288,6.4,67%,76.9,AI Suggestion
living room art,https://aboutwallart.com/collections/framed-wall-pictures-for-living-room,,PENDING,KEEP,198,7.8,100%,92.2,AI Suggestion
living room art,https://aboutwallart.com/products/floral-large-wall-prints-for-a-living-room-set-of-3-wall-art-prints,,PENDING,REPURPOSE,64,9.1,100%,80.1,AI Suggestion
living room art,https://aboutwallart.com/blogs/news-articles-home-decor-inspiration/stylish-behind-toilet-decor-5-ideas-to-transform-your-small-bathroom,,PENDING,LINK,242,5.3,67%,78.0,AI Suggestion
living room art,https://aboutwallart.com/products/large-living-room-pictures-set-of-3-wall-art-prints,,PENDING,REPURPOSE,47,6.6,100%,77.5,AI Suggestion
living room art,https://aboutwallart.com/blogs/news-articles-home-decor-inspiration/moisture-resistant-restroom-wall-art-what-actually-works,,PENDING,LINK,538,5.8,67%,77.5,AI Suggestion
living room art,https://aboutwallart.com/blogs/news-articles-home-decor-inspiration/how-bedroom-wall-art-ideas-can-impact-your-quality-of-rest,,PENDING,PENDING,107,6.1,67%,77.2,AI Suggestion
living room art,https://aboutwallart.com/blogs/news-articles-home-decor-inspiration/decorating-above-toilet-stylish-ideas-to-elevate-your-bathroom,,PENDING,PENDING,139,6.5,67%,76.8,AI Suggestion
living room art,https://aboutwallart.com/blogs/news-articles-home-decor-inspiration/bathroom-art-ideas-to-transform-your-bathroom-into-an-oasis,,PENDING,PENDING,225,8.4,67%,74.9,AI Suggestion
living room art,https://aboutwallart.com/blogs/news-articles-home-decor-inspiration/canvas-paintings-for-living-room,,PENDING,PENDING,43,9.4,100%,73.5,AI Suggestion
living room art,https://aboutwallart.com/products/wall-art-for-large-living-room-wall-set-of-3-floral-wall-art-prints,,PENDING,PENDING,30,8.2,100%,70.8,AI Suggestion
framed wall pictures for living room,https://aboutwallart.com/collections/framed-wall-pictures-for-living-room,,PENDING,KEEP,198,7.8,100%,92.2,AI Suggestion
framed wall pictures for living room,https://aboutwallart.com/blogs/news-articles-home-decor-inspiration/stylish-behind-toilet-decor-5-ideas-to-transform-your-small-bathroom,,PENDING,LINK,242,5.3,50%,69.7,AI Suggestion
framed wall pictures for living room,https://aboutwallart.com/blogs/news-articles-home-decor-inspiration/bathroom-art-ideas-to-transform-your-bathroom-into-an-oasis,,PENDING,LINK,225,8.4,50%,66.6,AI Suggestion
framed wall pictures for living room,https://aboutwallart.com/products/floral-large-wall-prints-for-a-living-room-set-of-3-wall-art-prints,,PENDING,LINK,64,9.1,67%,63.5,AI Suggestion
framed wall pictures for living room,https://aboutwallart.com/products/Framed-prints-living-room-set-of-3-framed-wall-art?pr_prod_strat=pinned&pr_rec_id=f88259ac0&pr_rec_pid=8168006418718&pr_ref_pid=8168006713630&pr_seq=uniform,,PENDING,LINK,1,1.0,83%,60.9,AI Suggestion
framed wall pictures for living room,https://aboutwallart.com/products/large-living-room-pictures-set-of-3-wall-art-prints,,PENDING,PENDING,47,6.6,67%,60.8,AI Suggestion
framed wall pictures for living room,https://aboutwallart.com/blogs/news-articles-home-decor-inspiration/wall-art-pictures-for-living-room-grounded-neutral-colours,,PENDING,PENDING,17,7.5,83%,59.3,AI Suggestion
framed wall pictures for living room,https://aboutwallart.com/blogs/news-articles-home-decor-inspiration/how-i-used-canvas-pictures-for-living-rooms,,PENDING,PENDING,20,9.0,83%,58.7,AI Suggestion
framed wall pictures for living room,https://aboutwallart.com/products/wall-pictures-for-bedroom-set-of-3-framed-wall-art-prints?variant=55160455627132&country=GB&currency=GBP,,PENDING,PENDING,8,6.2,83%,57.9,AI Suggestion
framed wall pictures for living room,https://aboutwallart.com/products/big-pictures-for-living-room-set-of-2-wall-art,,PENDING,PENDING,7,6.4,83%,57.4,AI Suggestion
bathroom wall decor modern,https://aboutwallart.com/blogs/news-articles-home-decor-inspiration/stylish-behind-toilet-decor-5-ideas-to-transform-your-small-bathroom,,PENDING,KEEP,242,5.3,75%,82.2,AI Suggestion
bathroom wall decor modern,https://aboutwallart.com/blogs/news-articles-home-decor-inspiration/decorating-above-toilet-stylish-ideas-to-elevate-your-bathroom,,PENDING,LINK,139,6.5,75%,81.0,AI Suggestion
bathroom wall decor modern,https://aboutwallart.com/blogs/news-articles-home-decor-inspiration/masculine-home-decor-stylish-ideas-to-elevate-any-modern-space,,PENDING,LINK,145,7.2,75%,80.3,AI Suggestion
bathroom wall decor modern,https://aboutwallart.com/blogs/news-articles-home-decor-inspiration/bathroom-art-ideas-to-transform-your-bathroom-into-an-oasis,,PENDING,LINK,225,8.4,75%,79.1,AI Suggestion
bathroom wall decor modern,https://aboutwallart.com/blogs/news-articles-home-decor-inspiration/what-is-the-3-5-7-rule-in-decorating,,PENDING,LINK,1489,2.8,50%,72.2,AI Suggestion
bathroom wall decor modern,https://aboutwallart.com/blogs/news-articles-home-decor-inspiration/do-beige-and-grey-go-together-heres-how-to-make-it-work,,PENDING,PENDING,1362,4.3,50%,70.7,AI Suggestion
bathroom wall decor modern,https://aboutwallart.com/blogs/news-articles-home-decor-inspiration/what-colour-goes-with-grey-walls-essential-tips,,PENDING,PENDING,728,5.0,50%,70.0,AI Suggestion
bathroom wall decor modern,https://aboutwallart.com/blogs/news-articles-home-decor-inspiration/choosing-the-right-art-for-grey-walls,,PENDING,PENDING,213,5.7,50%,69.3,AI Suggestion
bathroom wall decor modern,https://aboutwallart.com/blogs/news-articles-home-decor-inspiration/moisture-resistant-restroom-wall-art-what-actually-works,,PENDING,PENDING,538,5.8,50%,69.2,AI Suggestion
bathroom wall decor modern,https://aboutwallart.com/products/modern-bathroom-wall-decor-ideas-set-of-3-wall-art-prints?pr_prod_strat=e5_desc&pr_rec_id=0793c8f3f&pr_rec_pid=8517977899294&pr_ref_pid=8807650459934&pr_seq=uniform,,PENDING,PENDING,1,1.2,100%,69.1,AI Suggestion
bathroom wall art,https://aboutwallart.com/blogs/news-articles-home-decor-inspiration/stylish-behind-toilet-decor-5-ideas-to-transform-your-small-bathroom,,PENDING,KEEP,242,5.3,100%,94.7,AI Suggestion
bathroom wall art,https://aboutwallart.com/blogs/news-articles-home-decor-inspiration/decorating-above-toilet-stylish-ideas-to-elevate-your-bathroom,,PENDING,REPURPOSE,139,6.5,100%,93.5,AI Suggestion
bathroom wall art,https://aboutwallart.com/blogs/news-articles-home-decor-inspiration/bathroom-art-ideas-to-transform-your-bathroom-into-an-oasis,,PENDING,REPURPOSE,225,8.4,100%,91.6,AI Suggestion
bathroom wall art,https://aboutwallart.com/blogs/news-articles-home-decor-inspiration/what-is-the-3-5-7-rule-in-decorating,,PENDING,LINK,1489,2.8,67%,80.5,AI Suggestion
bathroom wall art,https://aboutwallart.com/blogs/news-articles-home-decor-inspiration/do-beige-and-grey-go-together-heres-how-to-make-it-work,,PENDING,LINK,1362,4.3,67%,79.1,AI Suggestion
bathroom wall art,https://aboutwallart.com/blogs/news-articles-home-decor-inspiration/what-colour-goes-with-grey-walls-essential-tips,,PENDING,PENDING,728,5.0,67%,78.3,AI Suggestion
bathroom wall art,https://aboutwallart.com/blogs/news-articles-home-decor-inspiration/choosing-the-right-art-for-grey-walls,,PENDING,PENDING,213,5.7,67%,77.6,AI Suggestion
bathroom wall art,https://aboutwallart.com/blogs/news-articles-home-decor-inspiration/moisture-resistant-restroom-wall-art-what-actually-works,,PENDING,PENDING,538,5.8,67%,77.5,AI Suggestion
bathroom wall art,https://aboutwallart.com/blogs/news-articles-home-decor-inspiration/how-bedroom-wall-art-ideas-can-impact-your-quality-of-rest,,PENDING,PENDING,107,6.1,67%,77.2,AI Suggestion
bathroom wall art,https://aboutwallart.com/blogs/news-articles-home-decor-inspiration/old-money-style-interiors-classic-design-trends,,PENDING,PENDING,299,6.4,67%,77.0,AI Suggestion
bedroom art ideas,https://aboutwallart.com/blogs/news-articles-home-decor-inspiration/how-bedroom-wall-art-ideas-can-impact-your-quality-of-rest,,PENDING,KEEP,107,6.1,100%,93.9,AI Suggestion
bedroom art ideas,https://aboutwallart.com/blogs/news-articles-home-decor-inspiration/coastal-decor-bedroom-ideas-how-to-style-it,,PENDING,REPURPOSE,57,7.9,100%,79.2,AI Suggestion
bedroom art ideas,https://aboutwallart.com/blogs/news-articles-home-decor-inspiration/stylish-behind-toilet-decor-5-ideas-to-transform-your-small-bathroom,,PENDING,LINK,242,5.3,67%,78.0,AI Suggestion
bedroom art ideas,https://aboutwallart.com/blogs/news-articles-home-decor-inspiration/wall-art-for-high-ceilings-7-creative-ideas,,PENDING,LINK,288,6.4,67%,76.9,AI Suggestion
bedroom art ideas,https://aboutwallart.com/blogs/news-articles-home-decor-inspiration/decorating-above-toilet-stylish-ideas-to-elevate-your-bathroom,,PENDING,LINK,139,6.5,67%,76.8,AI Suggestion
bedroom art ideas,https://aboutwallart.com/blogs/news-articles-home-decor-inspiration/masculine-home-decor-stylish-ideas-to-elevate-any-modern-space,,PENDING,PENDING,145,7.2,67%,76.2,AI Suggestion
bedroom art ideas,https://aboutwallart.com/blogs/news-articles-home-decor-inspiration/art-for-offices-inspiring-ideas-for-every-workspace,,PENDING,PENDING,101,7.8,67%,75.5,AI Suggestion
bedroom art ideas,https://aboutwallart.com/blogs/news-articles-home-decor-inspiration/bathroom-art-ideas-to-transform-your-bathroom-into-an-oasis,,PENDING,PENDING,225,8.4,67%,74.9,AI Suggestion
bedroom art ideas,https://aboutwallart.com/blogs/news-articles-home-decor-inspiration/top-8-hallway-art-ideas-to-transform-your-space,,PENDING,PENDING,75,8.7,67%,67.1,AI Suggestion
bedroom art ideas,https://aboutwallart.com/blogs/news-articles-home-decor-inspiration/5-calming-wall-art-ideas-to-create-a-relaxing-bedroom-decor,,PENDING,PENDING,22,9.5,100%,67.1,AI Suggestion
bedroom art prints,https://aboutwallart.com/blogs/news-articles-home-decor-inspiration/how-bedroom-wall-art-ideas-can-impact-your-quality-of-rest,,PENDING,KEEP,107,6.1,67%,77.2,AI Suggestion
bedroom art prints,https://aboutwallart.com/products/bedroom-framed-prints-set-of-3-wall-art-prints,,PENDING,REPURPOSE,45,6.5,100%,77.0,AI Suggestion
bedroom art prints,https://aboutwallart.com/products/bedroom-pictures-for-wall-set-of-3-art-prints?pr_prod_strat=pinned&pr_rec_id=f27b2b090&pr_rec_pid=8167995736350&pr_ref_pid=8167994065182&pr_seq=uniform,,PENDING,LINK,1,1.2,100%,69.1,AI Suggestion
bedroom art prints,https://aboutwallart.com/products/bedroom-decor-for-walls-set-of-3-wall-art-prints?pr_prod_strat=pinned&pr_rec_id=72afe9385&pr_rec_pid=8167977812254&pr_ref_pid=8167976173854&pr_seq=uniform,,PENDING,LINK,1,2.1,100%,68.2,AI Suggestion
bedroom art prints,https://aboutwallart.com/products/bedroom-pictures-for-wall-set-of-3-art-prints?variant=55160765251964,,PENDING,LINK,1,3.1,100%,67.2,AI Suggestion
bedroom art prints,https://aboutwallart.com/products/bedroom-art-prints-set-of-3-framed-wall-prints,,PENDING,PENDING,17,8.0,100%,67.1,AI Suggestion
bedroom art prints,https://aboutwallart.com/products/bedroom-wall-picture-set-of-3-prints-for-bedroom-walls,,PENDING,PENDING,11,6.3,100%,67.0,AI Suggestion
bedroom art prints,https://aboutwallart.com/products/print-love-word-art-set-of-3-wall-art-prints-for-bedroom?variant=55849630990716,,PENDING,PENDING,1,3.4,100%,66.9,AI Suggestion
bedroom art prints,https://aboutwallart.com/products/bedroom-pictures-for-wall-set-of-3-art-prints?variant=55849798271356,,PENDING,PENDING,3,4.1,100%,66.8,AI Suggestion
bedroom art prints,https://aboutwallart.com/products/ramadan-mubarak-decorations-for-bedroom-set-of-3-wall-art-prints?variant=55160762761596&country=GB&currency=GBP,,PENDING,PENDING,1,3.6,100%,66.7,AI Suggestion
colors that go with grey,https://aboutwallart.com/blogs/news-articles-home-decor-inspiration/what-colour-goes-with-grey-walls-essential-tips,,PENDING,KEEP,728,5.0,50%,70.0,AI Suggestion
colors that go with grey,https://aboutwallart.com/blogs/news-articles-home-decor-inspiration/colors-that-go-with-grey-perfect-combinations-for-home-decor,,PENDING,LINK,12,13.1,100%,60.6,AI Suggestion
colors that go with grey,https://aboutwallart.com/blogs/news-articles-home-decor-inspiration/decor-for-nursery-wall-that-stimulates-without-overwhelming,,PENDING,LINK,76,7.8,50%,60.0,AI Suggestion
colors that go with grey,https://aboutwallart.com/blogs/news-articles-home-decor-inspiration/how-to-decorate-with-greige-colours-the-blend-of-grey-beige,,PENDING,LINK,21,8.8,50%,42.5,AI Suggestion
colors that go with grey,https://aboutwallart.com/blogs/news-articles-home-decor-inspiration/how-to-use-a-nursery-decor-style-that-grows-with-your-child,,PENDING,LINK,2,10.1,50%,35.6,AI Suggestion
colors that go with grey,https://aboutwallart.com/products/backlit-smart-led-bathroom-mirror-oval-dimmable-3-colors-anti-fog-mirrors-with-light-memory-ip65-cri95-large-wall-mounted?pr_prod_strat=pinned&pr_rec_id=46f7428b2&pr_rec_pid=15684721934716&pr_ref_pid=15684721836412&pr_seq=uniform,,PENDING,PENDING,1,10.6,50%,34.7,AI Suggestion
laundry room wall art,https://aboutwallart.com/blogs/news-articles-home-decor-inspiration/stylish-behind-toilet-decor-5-ideas-to-transform-your-small-bathroom,,PENDING,KEEP,242,5.3,75%,82.2,AI Suggestion
laundry room wall art,https://aboutwallart.com/blogs/news-articles-home-decor-inspiration/moisture-resistant-restroom-wall-art-what-actually-works,,PENDING,LINK,538,5.8,75%,81.7,AI Suggestion
laundry room wall art,https://aboutwallart.com/blogs/news-articles-home-decor-inspiration/how-bedroom-wall-art-ideas-can-impact-your-quality-of-rest,,PENDING,LINK,107,6.1,75%,81.4,AI Suggestion
laundry room wall art,https://aboutwallart.com/blogs/news-articles-home-decor-inspiration/decorating-above-toilet-stylish-ideas-to-elevate-your-bathroom,,PENDING,LINK,139,6.5,75%,81.0,AI Suggestion
laundry room wall art,https://aboutwallart.com/collections/framed-wall-pictures-for-living-room,,PENDING,LINK,198,7.8,75%,79.7,AI Suggestion
laundry room wall art,https://aboutwallart.com/blogs/news-articles-home-decor-inspiration/bathroom-art-ideas-to-transform-your-bathroom-into-an-oasis,,PENDING,PENDING,225,8.4,75%,79.1,AI Suggestion
laundry room wall art,https://aboutwallart.com/products/modern-laundry-room-ideas-set-of-3-wall-art-prints,,PENDING,PENDING,26,4.6,100%,73.2,AI Suggestion
laundry room wall art,https://aboutwallart.com/blogs/news-articles-home-decor-inspiration/what-is-the-3-5-7-rule-in-decorating,,PENDING,PENDING,1489,2.8,50%,72.2,AI Suggestion
laundry room wall art,https://aboutwallart.com/blogs/news-articles-home-decor-inspiration/do-beige-and-grey-go-together-heres-how-to-make-it-work,,PENDING,PENDING,1362,4.3,50%,70.7,AI Suggestion
laundry room wall art,https://aboutwallart.com/blogs/news-articles-home-decor-inspiration/what-colour-goes-with-grey-walls-essential-tips,,PENDING,PENDING,728,5.0,50%,70.0,AI Suggestion
scandinavian wall art,https://aboutwallart.com/blogs/news-articles-home-decor-inspiration/what-is-the-3-5-7-rule-in-decorating,,PENDING,KEEP,1489,2.8,67%,80.5,AI Suggestion
scandinavian wall art,https://aboutwallart.com/blogs/news-articles-home-decor-inspiration/do-beige-and-grey-go-together-heres-how-to-make-it-work,,PENDING,LINK,1362,4.3,67%,79.1,AI Suggestion
scandinavian wall art,https://aboutwallart.com/blogs/news-articles-home-decor-inspiration/what-colour-goes-with-grey-walls-essential-tips,,PENDING,LINK,728,5.0,67%,78.3,AI Suggestion
scandinavian wall art,https://aboutwallart.com/blogs/news-articles-home-decor-inspiration/stylish-behind-toilet-decor-5-ideas-to-transform-your-small-bathroom,,PENDING,LINK,242,5.3,67%,78.0,AI Suggestion
scandinavian wall art,https://aboutwallart.com/blogs/news-articles-home-decor-inspiration/choosing-the-right-art-for-grey-walls,,PENDING,LINK,213,5.7,67%,77.6,AI Suggestion
scandinavian wall art,https://aboutwallart.com/blogs/news-articles-home-decor-inspiration/moisture-resistant-restroom-wall-art-what-actually-works,,PENDING,PENDING,538,5.8,67%,77.5,AI Suggestion
scandinavian wall art,https://aboutwallart.com/blogs/news-articles-home-decor-inspiration/how-bedroom-wall-art-ideas-can-impact-your-quality-of-rest,,PENDING,PENDING,107,6.1,67%,77.2,AI Suggestion
scandinavian wall art,https://aboutwallart.com/blogs/news-articles-home-decor-inspiration/old-money-style-interiors-classic-design-trends,,PENDING,PENDING,299,6.4,67%,77.0,AI Suggestion
scandinavian wall art,https://aboutwallart.com/blogs/news-articles-home-decor-inspiration/wall-art-for-high-ceilings-7-creative-ideas,,PENDING,PENDING,288,6.4,67%,76.9,AI Suggestion
scandinavian wall art,https://aboutwallart.com/blogs/news-articles-home-decor-inspiration/cherry-blossom-art-japan-understanding-the-deep-symbolism,,PENDING,PENDING,114,6.4,67%,76.9,AI Suggestion
what goes with grey,https://aboutwallart.com/blogs/news-articles-home-decor-inspiration/what-colour-goes-with-grey-walls-essential-tips,,PENDING,KEEP,728,5.0,100%,95.0,AI Suggestion
what goes with grey,https://aboutwallart.com/blogs/news-articles-home-decor-inspiration/what-to-do-when-your-home-lacks-natural-light-decorate-with-living-room-wall-hangings,,PENDING,LINK,30,8.4,50%,45.6,AI Suggestion
what goes with grey,https://aboutwallart.com/blogs/news-articles-home-decor-inspiration/how-to-decorate-with-greige-colours-the-blend-of-grey-beige,,PENDING,LINK,21,8.8,50%,42.5,AI Suggestion
what goes with grey,https://aboutwallart.com/blogs/news-articles-home-decor-inspiration/colors-that-go-with-grey-perfect-combinations-for-home-decor,,PENDING,LINK,12,13.1,50%,35.6,AI Suggestion
christian wall art for living room,https://aboutwallart.com/collections/framed-wall-pictures-for-living-room,,PENDING,KEEP,198,7.8,83%,83.8,AI Suggestion
christian wall art for living room,https://aboutwallart.com/blogs/news-articles-home-decor-inspiration/stylish-behind-toilet-decor-5-ideas-to-transform-your-small-bathroom,,PENDING,LINK,242,5.3,67%,78.0,AI Suggestion
christian wall art for living room,https://aboutwallart.com/blogs/news-articles-home-decor-inspiration/bathroom-art-ideas-to-transform-your-bathroom-into-an-oasis,,PENDING,LINK,225,8.4,67%,74.9,AI Suggestion
christian wall art for living room,https://aboutwallart.com/products/floral-large-wall-prints-for-a-living-room-set-of-3-wall-art-prints,,PENDING,REPURPOSE,64,9.1,83%,71.8,AI Suggestion
christian wall art for living room,https://aboutwallart.com/blogs/news-articles-home-decor-inspiration/choosing-the-right-art-for-grey-walls,,PENDING,LINK,213,5.7,50%,69.3,AI Suggestion
christian wall art for living room,https://aboutwallart.com/blogs/news-articles-home-decor-inspiration/moisture-resistant-restroom-wall-art-what-actually-works,,PENDING,PENDING,538,5.8,50%,69.2,AI Suggestion
christian wall art for living room,https://aboutwallart.com/blogs/news-articles-home-decor-inspiration/how-bedroom-wall-art-ideas-can-impact-your-quality-of-rest,,PENDING,PENDING,107,6.1,50%,68.9,AI Suggestion
christian wall art for living room,https://aboutwallart.com/blogs/news-articles-home-decor-inspiration/wall-art-for-high-ceilings-7-creative-ideas,,PENDING,PENDING,288,6.4,50%,68.6,AI Suggestion
christian wall art for living room,https://aboutwallart.com/blogs/news-articles-home-decor-inspiration/the-case-for-empty-spaces-when-less-truly-is-more,,PENDING,PENDING,102,6.5,50%,68.5,AI Suggestion
christian wall art for living room,https://aboutwallart.com/blogs/news-articles-home-decor-inspiration/decorating-above-toilet-stylish-ideas-to-elevate-your-bathroom,,PENDING,PENDING,139,6.5,50%,68.5,AI Suggestion
chinoiserie wall art,https://aboutwallart.com/blogs/news-articles-home-decor-inspiration/what-is-the-3-5-7-rule-in-decorating,,PENDING,KEEP,1489,2.8,67%,80.5,AI Suggestion
chinoiserie wall art,https://aboutwallart.com/blogs/news-articles-home-decor-inspiration/do-beige-and-grey-go-together-heres-how-to-make-it-work,,PENDING,LINK,1362,4.3,67%,79.1,AI Suggestion
chinoiserie wall art,https://aboutwallart.com/blogs/news-articles-home-decor-inspiration/what-colour-goes-with-grey-walls-essential-tips,,PENDING,LINK,728,5.0,67%,78.3,AI Suggestion
chinoiserie wall art,https://aboutwallart.com/blogs/news-articles-home-decor-inspiration/stylish-behind-toilet-decor-5-ideas-to-transform-your-small-bathroom,,PENDING,LINK,242,5.3,67%,78.0,AI Suggestion
chinoiserie wall art,https://aboutwallart.com/blogs/news-articles-home-decor-inspiration/choosing-the-right-art-for-grey-walls,,PENDING,LINK,213,5.7,67%,77.6,AI Suggestion
chinoiserie wall art,https://aboutwallart.com/blogs/news-articles-home-decor-inspiration/moisture-resistant-restroom-wall-art-what-actually-works,,PENDING,PENDING,538,5.8,67%,77.5,AI Suggestion
chinoiserie wall art,https://aboutwallart.com/blogs/news-articles-home-decor-inspiration/how-bedroom-wall-art-ideas-can-impact-your-quality-of-rest,,PENDING,PENDING,107,6.1,67%,77.2,AI Suggestion
chinoiserie wall art,https://aboutwallart.com/blogs/news-articles-home-decor-inspiration/old-money-style-interiors-classic-design-trends,,PENDING,PENDING,299,6.4,67%,77.0,AI Suggestion
chinoiserie wall art,https://aboutwallart.com/blogs/news-articles-home-decor-inspiration/wall-art-for-high-ceilings-7-creative-ideas,,PENDING,PENDING,288,6.4,67%,76.9,AI Suggestion
chinoiserie wall art,https://aboutwallart.com/blogs/news-articles-home-decor-inspiration/cherry-blossom-art-japan-understanding-the-deep-symbolism,,PENDING,PENDING,114,6.4,67%,76.9,AI Suggestion
bathroom pictures,https://aboutwallart.com/blogs/news-articles-home-decor-inspiration/stylish-behind-toilet-decor-5-ideas-to-transform-your-small-bathroom,,PENDING,KEEP,242,5.3,50%,69.7,AI Suggestion
bathroom pictures,https://aboutwallart.com/blogs/news-articles-home-decor-inspiration/decorating-above-toilet-stylish-ideas-to-elevate-your-bathroom,,PENDING,LINK,139,6.5,50%,68.5,AI Suggestion
bathroom pictures,https://aboutwallart.com/collections/framed-wall-pictures-for-living-room,,PENDING,LINK,198,7.8,50%,67.2,AI Suggestion
bathroom pictures,https://aboutwallart.com/blogs/news-articles-home-decor-inspiration/bathroom-art-ideas-to-transform-your-bathroom-into-an-oasis,,PENDING,LINK,225,8.4,50%,66.6,AI Suggestion
bathroom pictures,https://aboutwallart.com/products/bathroom-framed-pictures-set-of-3-shabby-chic-wall-art,,PENDING,LINK,5,5.6,100%,65.9,AI Suggestion
bathroom pictures,https://aboutwallart.com/products/small-pictures-for-bathrooms-set-of-3-framed-wall-art,,PENDING,PENDING,3,6.2,100%,64.7,AI Suggestion
bathroom pictures,https://aboutwallart.com/products/wall-pictures-for-bathroom-set-of-3-framed-wall-art-prints?pr_prod_strat=pinned&pr_rec_id=1af6c8825&pr_rec_pid=8167973191966&pr_ref_pid=8802079899934&pr_seq=uniform,,PENDING,PENDING,4,6.7,100%,64.6,AI Suggestion
bathroom pictures,https://aboutwallart.com/products/bathroom-pictures-framed-set-of-3-botanical-wall-art-prints,,PENDING,PENDING,2,6.3,100%,64.3,AI Suggestion
bathroom pictures,https://aboutwallart.com/products/small-pictures-for-bathroom-set-of-2-wall-art-prints?variant=55848446820732&country=GB&currency=GBP,,PENDING,PENDING,1,6.9,100%,63.4,AI Suggestion
bathroom pictures,https://aboutwallart.com/products/small-pictures-for-bathroom-set-of-2-wall-art-prints?variant=55848445510012&country=GB&currency=GBP,,PENDING,PENDING,1,7.1,100%,63.2,AI Suggestion
office artwork ideas,https://aboutwallart.com/blogs/news-articles-home-decor-inspiration/art-for-offices-inspiring-ideas-for-every-workspace,,PENDING,KEEP,101,7.8,67%,75.5,AI Suggestion
office artwork ideas,https://aboutwallart.com/products/office-artwork-ideas-set-of-3-wall-art-prints?variant=55856593863036&country=GB&currency=GBP,,PENDING,LINK,1,6.7,100%,63.6,AI Suggestion
office artwork ideas,https://aboutwallart.com/blogs/news-articles-home-decor-inspiration/office-decor-ideas-10,,PENDING,LINK,59,10.9,67%,60.1,AI Suggestion
office artwork ideas,https://aboutwallart.com/products/office-artwork-ideas-set-of-3-wall-art-prints?variant=55161850790268&country=GB&currency=GBP,,PENDING,LINK,1,11.5,100%,58.8,AI Suggestion
office artwork ideas,https://aboutwallart.com/products/wall-decor-ideas-for-office-set-of-3-wall-art-prints,,PENDING,LINK,12,6.5,67%,50.4,AI Suggestion
office artwork ideas,https://aboutwallart.com/blogs/news-articles-home-decor-inspiration/creative-office-wall-design-ideas-to-inspire-productivity,,PENDING,PENDING,18,9.1,67%,49.7,AI Suggestion
office artwork ideas,https://aboutwallart.com/blogs/news-articles-home-decor-inspiration/office-decor-ideas-10?_pos=36&_sid=3d53d1f20&_ss=r,,PENDING,PENDING,1,5.1,67%,48.6,AI Suggestion
office artwork ideas,https://aboutwallart.com/blogs/news-articles-home-decor-inspiration/never-too-small-wall-decoration-office-ideas-for-apartments,,PENDING,PENDING,7,7.3,67%,48.1,AI Suggestion
office artwork ideas,https://aboutwallart.com/products/professional-office-decor-ideas-set-of-2-wall-art-prints?variant=55848534016380,,PENDING,PENDING,1,6.9,67%,46.7,AI Suggestion
office artwork ideas,https://aboutwallart.com/products/office-paintings-ideas-set-of-3-wall-art-prints,,PENDING,PENDING,1,8.2,67%,45.4,AI Suggestion
living room wall pictures,https://aboutwallart.com/collections/framed-wall-pictures-for-living-room,,PENDING,KEEP,198,7.8,100%,92.2,AI Suggestion
living room wall pictures,https://aboutwallart.com/products/large-living-room-pictures-set-of-3-wall-art-prints,,PENDING,REPURPOSE,47,6.6,100%,77.5,AI Suggestion
living room wall pictures,https://aboutwallart.com/blogs/news-articles-home-decor-inspiration/stylish-behind-toilet-decor-5-ideas-to-transform-your-small-bathroom,,PENDING,LINK,242,5.3,50%,69.7,AI Suggestion
living room wall pictures,https://aboutwallart.com/blogs/news-articles-home-decor-inspiration/moisture-resistant-restroom-wall-art-what-actually-works,,PENDING,LINK,538,5.8,50%,69.2,AI Suggestion
living room wall pictures,https://aboutwallart.com/blogs/news-articles-home-decor-inspiration/how-bedroom-wall-art-ideas-can-impact-your-quality-of-rest,,PENDING,LINK,107,6.1,50%,68.9,AI Suggestion
living room wall pictures,https://aboutwallart.com/blogs/news-articles-home-decor-inspiration/decorating-above-toilet-stylish-ideas-to-elevate-your-bathroom,,PENDING,PENDING,139,6.5,50%,68.5,AI Suggestion
living room wall pictures,https://aboutwallart.com/blogs/news-articles-home-decor-inspiration/wall-art-pictures-for-living-room-grounded-neutral-colours,,PENDING,PENDING,17,7.5,100%,67.6,AI Suggestion
living room wall pictures,https://aboutwallart.com/products/floral-large-wall-prints-for-a-living-room-set-of-3-wall-art-prints,,PENDING,PENDING,64,9.1,75%,67.6,AI Suggestion
living room wall pictures,https://aboutwallart.com/blogs/news-articles-home-decor-inspiration/how-i-used-canvas-pictures-for-living-rooms,,PENDING,PENDING,20,9.0,100%,67.0,AI Suggestion
living room wall pictures,https://aboutwallart.com/blogs/news-articles-home-decor-inspiration/bathroom-art-ideas-to-transform-your-bathroom-into-an-oasis,,PENDING,PENDING,225,8.4,50%,66.6,AI Suggestion
copper wall art,https://aboutwallart.com/blogs/news-articles-home-decor-inspiration/what-is-the-3-5-7-rule-in-decorating,,PENDING,KEEP,1489,2.8,67%,80.5,AI Suggestion
copper wall art,https://aboutwallart.com/blogs/news-articles-home-decor-inspiration/do-beige-and-grey-go-together-heres-how-to-make-it-work,,PENDING,LINK,1362,4.3,67%,79.1,AI Suggestion
copper wall art,https://aboutwallart.com/blogs/news-articles-home-decor-inspiration/what-colour-goes-with-grey-walls-essential-tips,,PENDING,LINK,728,5.0,67%,78.3,AI Suggestion
copper wall art,https://aboutwallart.com/blogs/news-articles-home-decor-inspiration/stylish-behind-toilet-decor-5-ideas-to-transform-your-small-bathroom,,PENDING,LINK,242,5.3,67%,78.0,AI Suggestion
copper wall art,https://aboutwallart.com/blogs/news-articles-home-decor-inspiration/choosing-the-right-art-for-grey-walls,,PENDING,LINK,213,5.7,67%,77.6,AI Suggestion
copper wall art,https://aboutwallart.com/blogs/news-articles-home-decor-inspiration/moisture-resistant-restroom-wall-art-what-actually-works,,PENDING,PENDING,538,5.8,67%,77.5,AI Suggestion
copper wall art,https://aboutwallart.com/blogs/news-articles-home-decor-inspiration/how-bedroom-wall-art-ideas-can-impact-your-quality-of-rest,,PENDING,PENDING,107,6.1,67%,77.2,AI Suggestion
copper wall art,https://aboutwallart.com/blogs/news-articles-home-decor-inspiration/old-money-style-interiors-classic-design-trends,,PENDING,PENDING,299,6.4,67%,77.0,AI Suggestion
copper wall art,https://aboutwallart.com/blogs/news-articles-home-decor-inspiration/wall-art-for-high-ceilings-7-creative-ideas,,PENDING,PENDING,288,6.4,67%,76.9,AI Suggestion
copper wall art,https://aboutwallart.com/blogs/news-articles-home-decor-inspiration/cherry-blossom-art-japan-understanding-the-deep-symbolism,,PENDING,PENDING,114,6.4,67%,76.9,AI Suggestion
boho wall art,https://aboutwallart.com/blogs/news-articles-home-decor-inspiration/what-is-the-3-5-7-rule-in-decorating,,PENDING,KEEP,1489,2.8,67%,80.5,AI Suggestion
boho wall art,https://aboutwallart.com/blogs/news-articles-home-decor-inspiration/do-beige-and-grey-go-together-heres-how-to-make-it-work,,PENDING,LINK,1362,4.3,67%,79.1,AI Suggestion
boho wall art,https://aboutwallart.com/blogs/news-articles-home-decor-inspiration/what-colour-goes-with-grey-walls-essential-tips,,PENDING,LINK,728,5.0,67%,78.3,AI Suggestion
boho wall art,https://aboutwallart.com/blogs/news-articles-home-decor-inspiration/stylish-behind-toilet-decor-5-ideas-to-transform-your-small-bathroom,,PENDING,LINK,242,5.3,67%,78.0,AI Suggestion
boho wall art,https://aboutwallart.com/blogs/news-articles-home-decor-inspiration/choosing-the-right-art-for-grey-walls,,PENDING,LINK,213,5.7,67%,77.6,AI Suggestion
boho wall art,https://aboutwallart.com/blogs/news-articles-home-decor-inspiration/moisture-resistant-restroom-wall-art-what-actually-works,,PENDING,PENDING,538,5.8,67%,77.5,AI Suggestion
boho wall art,https://aboutwallart.com/blogs/news-articles-home-decor-inspiration/how-bedroom-wall-art-ideas-can-impact-your-quality-of-rest,,PENDING,PENDING,107,6.1,67%,77.2,AI Suggestion
boho wall art,https://aboutwallart.com/blogs/news-articles-home-decor-inspiration/old-money-style-interiors-classic-design-trends,,PENDING,PENDING,299,6.4,67%,77.0,AI Suggestion
boho wall art,https://aboutwallart.com/blogs/news-articles-home-decor-inspiration/wall-art-for-high-ceilings-7-creative-ideas,,PENDING,PENDING,288,6.4,67%,76.9,AI Suggestion
boho wall art,https://aboutwallart.com/blogs/news-articles-home-decor-inspiration/cherry-blossom-art-japan-understanding-the-deep-symbolism,,PENDING,PENDING,114,6.4,67%,76.9,AI Suggestion
pictures for bathroom walls,https://aboutwallart.com/blogs/news-articles-home-decor-inspiration/stylish-behind-toilet-decor-5-ideas-to-transform-your-small-bathroom,,PENDING,KEEP,242,5.3,50%,69.7,AI Suggestion
pictures for bathroom walls,https://aboutwallart.com/blogs/news-articles-home-decor-inspiration/choosing-the-right-art-for-grey-walls,,PENDING,LINK,213,5.7,50%,69.3,AI Suggestion
pictures for bathroom walls,https://aboutwallart.com/collections/framed-wall-pictures-for-living-room,,PENDING,LINK,198,7.8,50%,67.2,AI Suggestion
pictures for bathroom walls,https://aboutwallart.com/blogs/news-articles-home-decor-inspiration/bathroom-art-ideas-to-transform-your-bathroom-into-an-oasis,,PENDING,LINK,225,8.4,50%,66.6,AI Suggestion
pictures for bathroom walls,https://aboutwallart.com/collections/bathroom-decor-for-walls?page=2,,PENDING,LINK,26,10.8,75%,54.5,AI Suggestion
pictures for bathroom walls,https://aboutwallart.com/products/floral-art-for-bathroom-walls-uk-set-of-2-wall-art-prints,,PENDING,PENDING,6,6.5,75%,52.8,AI Suggestion
pictures for bathroom walls,https://aboutwallart.com/products/pictures-for-office-walls-set-of-3-wall-art-prints?pr_prod_strat=pinned&pr_rec_id=f2209eed4&pr_rec_pid=8167987511582&pr_ref_pid=8771818062110&pr_seq=uniform,,PENDING,PENDING,1,5.1,75%,52.7,AI Suggestion
pictures for bathroom walls,https://aboutwallart.com/products/small-pictures-for-bathrooms-set-of-3-framed-wall-art,,PENDING,PENDING,3,6.2,75%,52.2,AI Suggestion
pictures for bathroom walls,https://aboutwallart.com/products/wall-pictures-for-bathroom-set-of-3-framed-wall-art-prints?pr_prod_strat=pinned&pr_rec_id=1af6c8825&pr_rec_pid=8167973191966&pr_ref_pid=8802079899934&pr_seq=uniform,,PENDING,PENDING,4,6.7,75%,52.1,AI Suggestion
pictures for bathroom walls,https://aboutwallart.com/blogs/news-articles-home-decor-inspiration/wall-decor-ideas-for-large-walls-to-transform-your-space,,PENDING,PENDING,49,7.9,50%,51.8,AI Suggestion
pictures for bedroom above bed,https://aboutwallart.com/products/3-pictures-above-bed-set-of-3-framed-wall-art,,PENDING,KEEP,48,4.7,60%,59.7,AI Suggestion
pictures for bedroom above bed,https://aboutwallart.com/products/bedroom-pictures-for-wall-set-of-3-art-prints?pr_prod_strat=pinned&pr_rec_id=f27b2b090&pr_rec_pid=8167995736350&pr_ref_pid=8167994065182&pr_seq=uniform,,PENDING,LINK,1,1.2,80%,59.1,AI Suggestion
pictures for bedroom above bed,https://aboutwallart.com/products/bedroom-pictures-for-wall-set-of-3-art-prints?variant=55160765251964,,PENDING,LINK,1,3.1,80%,57.1,AI Suggestion
pictures for bedroom above bed,https://aboutwallart.com/products/bedroom-pictures-for-wall-set-of-3-art-prints?variant=55849798271356,,PENDING,LINK,3,4.1,80%,56.8,AI Suggestion
pictures for bedroom above bed,https://aboutwallart.com/products/bedroom-pictures-for-wall-set-of-3-art-prints?variant=55856616702332&country=GB&currency=GBP,,PENDING,LINK,1,3.6,80%,56.7,AI Suggestion
pictures for bedroom above bed,https://aboutwallart.com/products/bedroom-pictures-for-wall-set-of-3-art-prints?variant=55849797779836&country=GB&currency=GBP,,PENDING,PENDING,1,3.8,80%,56.5,AI Suggestion
pictures for bedroom above bed,https://aboutwallart.com/products/wall-pictures-for-bedroom-set-of-3-framed-wall-art-prints?variant=55160455627132&country=GB&currency=GBP,,PENDING,PENDING,8,6.2,80%,56.2,AI Suggestion
pictures for bedroom above bed,https://aboutwallart.com/products/bedroom-pictures-for-wall-set-of-3-art-prints?variant=55160765448572&country=GB&currency=GBP,,PENDING,PENDING,1,4.8,80%,55.5,AI Suggestion
pictures for bedroom above bed,https://aboutwallart.com/products/pictures-for-childrens-bedrooms-set-of-3-wall-art-prints,,PENDING,PENDING,1,5.9,80%,54.4,AI Suggestion
pictures for bedroom above bed,https://aboutwallart.com/blogs/news-articles-home-decor-inspiration/creating-a-retreat-with-black-and-white-wall-art-for-bedroom,,PENDING,PENDING,36,7.5,60%,53.3,AI Suggestion
pictures for a living room,https://aboutwallart.com/collections/framed-wall-pictures-for-living-room,,PENDING,KEEP,198,7.8,100%,92.2,AI Suggestion
pictures for a living room,https://aboutwallart.com/blogs/news-articles-home-decor-inspiration/stylish-behind-toilet-decor-5-ideas-to-transform-your-small-bathroom,,PENDING,LINK,242,5.3,50%,69.7,AI Suggestion
pictures for a living room,https://aboutwallart.com/blogs/news-articles-home-decor-inspiration/wall-art-pictures-for-living-room-grounded-neutral-colours,,PENDING,LINK,17,7.5,100%,67.6,AI Suggestion
pictures for a living room,https://aboutwallart.com/products/floral-large-wall-prints-for-a-living-room-set-of-3-wall-art-prints,,PENDING,LINK,64,9.1,75%,67.6,AI Suggestion
pictures for a living room,https://aboutwallart.com/blogs/news-articles-home-decor-inspiration/how-i-used-canvas-pictures-for-living-rooms,,PENDING,REPURPOSE,20,9.0,100%,67.0,AI Suggestion
pictures for a living room,https://aboutwallart.com/blogs/news-articles-home-decor-inspiration/bathroom-art-ideas-to-transform-your-bathroom-into-an-oasis,,PENDING,PENDING,225,8.4,50%,66.6,AI Suggestion
pictures for a living room,https://aboutwallart.com/products/big-pictures-for-living-room-set-of-2-wall-art,,PENDING,PENDING,7,6.4,100%,65.7,AI Suggestion
pictures for a living room,https://aboutwallart.com/products/large-living-room-pictures-set-of-3-wall-art-prints,,PENDING,PENDING,47,6.6,75%,65.0,AI Suggestion
pictures for a living room,https://aboutwallart.com/products/london-wall-pictures-for-living-room-ideas-set-of-3-wall-art-prints,,PENDING,PENDING,8,7.6,100%,64.8,AI Suggestion
pictures for a living room,https://aboutwallart.com/products/large-pictures-for-living-room-set-of-3-wall-art-prints,,PENDING,PENDING,1,8.2,100%,62.1,AI Suggestion
what is the 3-5-7 rule in interior design?,https://aboutwallart.com/blogs/news-articles-home-decor-inspiration/what-is-the-3-5-7-rule-in-decorating,,PENDING,KEEP,1489,2.8,67%,80.5,AI Suggestion
what is the 3-5-7 rule in interior design?,https://aboutwallart.com/blogs/news-articles-home-decor-inspiration/what-are-the-key-home-interior-trends-2026-for-living-rooms,,PENDING,LINK,5,9.0,50%,37.5,AI Suggestion
what is the 3-5-7 rule in interior design?,https://aboutwallart.com/blogs/news-articles-home-decor-inspiration/top-interior-design-trends-to-watch-for-in-the-coming-year,,PENDING,LINK,1,8.8,50%,36.5,AI Suggestion
what is the 3-5-7 rule in interior design?,https://aboutwallart.com/blogs/news-articles-home-decor-inspiration/balancing-function-and-aesthetics-a-guide-to-practical-interior-design,,PENDING,LINK,1,10.5,50%,34.8,AI Suggestion
what is the 3-5-7 rule in interior design?,https://aboutwallart.com/blogs/news-articles-home-decor-inspiration/list-of-interior-design-styles-find-the-perfect-look-for-your-home,,PENDING,LINK,4,13.6,50%,32.6,AI Suggestion
bedroom art,https://aboutwallart.com/blogs/news-articles-home-decor-inspiration/how-bedroom-wall-art-ideas-can-impact-your-quality-of-rest,,PENDING,KEEP,107,6.1,100%,93.9,AI Suggestion
bedroom art,https://aboutwallart.com/blogs/news-articles-home-decor-inspiration/coastal-decor-bedroom-ideas-how-to-style-it,,PENDING,REPURPOSE,57,7.9,100%,79.2,AI Suggestion
bedroom art,https://aboutwallart.com/products/bedroom-framed-prints-set-of-3-wall-art-prints,,PENDING,REPURPOSE,45,6.5,100%,77.0,AI Suggestion
bedroom art,https://aboutwallart.com/blogs/news-articles-home-decor-inspiration/creating-a-retreat-with-black-and-white-wall-art-for-bedroom,,PENDING,REPURPOSE,36,7.5,100%,73.3,AI Suggestion
bedroom art,https://aboutwallart.com/blogs/news-articles-home-decor-inspiration/how-to-choose-art-for-bedrooms,,PENDING,REPURPOSE,28,6.0,100%,72.4,AI Suggestion
bedroom art,https://aboutwallart.com/blogs/news-articles-home-decor-inspiration/what-is-the-3-5-7-rule-in-decorating,,PENDING,PENDING,1489,2.8,50%,72.2,AI Suggestion
bedroom art,https://aboutwallart.com/blogs/news-articles-home-decor-inspiration/do-beige-and-grey-go-together-heres-how-to-make-it-work,,PENDING,PENDING,1362,4.3,50%,70.7,AI Suggestion
bedroom art,https://aboutwallart.com/blogs/news-articles-home-decor-inspiration/what-colour-goes-with-grey-walls-essential-tips,,PENDING,PENDING,728,5.0,50%,70.0,AI Suggestion
bedroom art,https://aboutwallart.com/blogs/news-articles-home-decor-inspiration/stylish-behind-toilet-decor-5-ideas-to-transform-your-small-bathroom,,PENDING,PENDING,242,5.3,50%,69.7,AI Suggestion
bedroom art,https://aboutwallart.com/blogs/news-articles-home-decor-inspiration/choosing-the-right-art-for-grey-walls,,PENDING,PENDING,213,5.7,50%,69.3,AI Suggestion
what colour goes well with grey,https://aboutwallart.com/blogs/news-articles-home-decor-inspiration/what-colour-goes-with-grey-walls-essential-tips,,PENDING,KEEP,728,5.0,83%,86.7,AI Suggestion
what colour goes well with grey,https://aboutwallart.com/blogs/news-articles-home-decor-inspiration/how-to-decorate-with-greige-colours-the-blend-of-grey-beige,,PENDING,LINK,21,8.8,50%,42.5,AI Suggestion
islamic art wall,https://aboutwallart.com/collections/wall-islamic-art,,PENDING,KEEP,102,11.4,100%,88.6,AI Suggestion
islamic art wall,https://aboutwallart.com/blogs/news-articles-home-decor-inspiration/what-is-the-3-5-7-rule-in-decorating,,PENDING,LINK,1489,2.8,67%,80.5,AI Suggestion
islamic art wall,https://aboutwallart.com/blogs/news-articles-home-decor-inspiration/do-beige-and-grey-go-together-heres-how-to-make-it-work,,PENDING,LINK,1362,4.3,67%,79.1,AI Suggestion
islamic art wall,https://aboutwallart.com/blogs/news-articles-home-decor-inspiration/what-colour-goes-with-grey-walls-essential-tips,,PENDING,LINK,728,5.0,67%,78.3,AI Suggestion
islamic art wall,https://aboutwallart.com/blogs/news-articles-home-decor-inspiration/stylish-behind-toilet-decor-5-ideas-to-transform-your-small-bathroom,,PENDING,LINK,242,5.3,67%,78.0,AI Suggestion
islamic art wall,https://aboutwallart.com/blogs/news-articles-home-decor-inspiration/choosing-the-right-art-for-grey-walls,,PENDING,PENDING,213,5.7,67%,77.6,AI Suggestion
islamic art wall,https://aboutwallart.com/blogs/news-articles-home-decor-inspiration/moisture-resistant-restroom-wall-art-what-actually-works,,PENDING,PENDING,538,5.8,67%,77.5,AI Suggestion
islamic art wall,https://aboutwallart.com/blogs/news-articles-home-decor-inspiration/how-bedroom-wall-art-ideas-can-impact-your-quality-of-rest,,PENDING,PENDING,107,6.1,67%,77.2,AI Suggestion
islamic art wall,https://aboutwallart.com/blogs/news-articles-home-decor-inspiration/old-money-style-interiors-classic-design-trends,,PENDING,PENDING,299,6.4,67%,77.0,AI Suggestion
islamic art wall,https://aboutwallart.com/blogs/news-articles-home-decor-inspiration/wall-art-for-high-ceilings-7-creative-ideas,,PENDING,PENDING,288,6.4,67%,76.9,AI Suggestion
lounge pictures,https://aboutwallart.com/products/wall-pictures-for-lounge-room-set-of-2-italian-lifestyle-wall-art-prints?variant=55748669211004&country=GB&currency=GBP,,PENDING,KEEP,1,2.0,100%,68.3,AI Suggestion
lounge pictures,https://aboutwallart.com/collections/framed-wall-pictures-for-living-room,,PENDING,LINK,198,7.8,50%,67.2,AI Suggestion
lounge pictures,https://aboutwallart.com/products/wall-pictures-for-lounge-room-set-of-2-italian-lifestyle-wall-art-prints?variant=55748669538684&country=GB&currency=GBP,,PENDING,LINK,2,4.6,100%,66.0,AI Suggestion
lounge pictures,https://aboutwallart.com/products/3-pictures-above-bed-set-of-3-framed-wall-art,,PENDING,LINK,48,4.7,50%,54.7,AI Suggestion
lounge pictures,https://aboutwallart.com/products/large-living-room-pictures-set-of-3-wall-art-prints,,PENDING,LINK,47,6.6,50%,52.5,AI Suggestion
lounge pictures,https://aboutwallart.com/products/large-frames-for-pictures-in-sizes-a4-a3-a2-20x30-in,,PENDING,PENDING,21,5.2,50%,46.1,AI Suggestion
lounge pictures,https://aboutwallart.com/products/bedroom-pictures-for-wall-set-of-3-art-prints?pr_prod_strat=pinned&pr_rec_id=f27b2b090&pr_rec_pid=8167995736350&pr_ref_pid=8167994065182&pr_seq=uniform,,PENDING,PENDING,1,1.2,50%,44.1,AI Suggestion
lounge pictures,https://aboutwallart.com/blogs/news-articles-home-decor-inspiration/wall-art-pictures-for-living-room-grounded-neutral-colours,,PENDING,PENDING,17,7.5,50%,42.6,AI Suggestion
lounge pictures,https://aboutwallart.com/products/laundry-room-pictures-set-of-2-wall-art-prints,,PENDING,PENDING,7,4.5,50%,42.6,AI Suggestion
lounge pictures,https://aboutwallart.com/products/bedroom-pictures-for-wall-set-of-3-art-prints?variant=55160765251964,,PENDING,PENDING,1,3.1,50%,42.2,AI Suggestion
do beige and gray go together,https://aboutwallart.com/blogs/news-articles-home-decor-inspiration/do-beige-and-grey-go-together-heres-how-to-make-it-work,,PENDING,KEEP,1362,4.3,75%,83.2,AI Suggestion
do beige and gray go together,https://aboutwallart.com/blogs/home-decor-inspiration/do-beige-and-grey-go-together,,PENDING,LINK,1,2.9,75%,54.9,AI Suggestion
do beige and gray go together,https://aboutwallart.com/blogs/news-articles-home-decor-inspiration/family-room-interiors-to-inspire-comfort-and-togetherness,,PENDING,LINK,3,9.6,50%,36.3,AI Suggestion
pictures for the bathroom,https://aboutwallart.com/blogs/news-articles-home-decor-inspiration/stylish-behind-toilet-decor-5-ideas-to-transform-your-small-bathroom,,PENDING,KEEP,242,5.3,50%,69.7,AI Suggestion
pictures for the bathroom,https://aboutwallart.com/blogs/news-articles-home-decor-inspiration/choosing-the-right-art-for-grey-walls,,PENDING,LINK,213,5.7,50%,69.3,AI Suggestion
pictures for the bathroom,https://aboutwallart.com/blogs/news-articles-home-decor-inspiration/the-case-for-empty-spaces-when-less-truly-is-more,,PENDING,LINK,102,6.5,50%,68.5,AI Suggestion
pictures for the bathroom,https://aboutwallart.com/collections/framed-wall-pictures-for-living-room,,PENDING,LINK,198,7.8,50%,67.2,AI Suggestion
pictures for the bathroom,https://aboutwallart.com/blogs/news-articles-home-decor-inspiration/bathroom-art-ideas-to-transform-your-bathroom-into-an-oasis,,PENDING,LINK,225,8.4,50%,66.6,AI Suggestion
pictures for the bathroom,https://aboutwallart.com/products/art-prints-for-the-bathroom-set-of-3-wall-art-prints?pr_prod_strat=e5_desc&pr_rec_id=2d9082061&pr_rec_pid=8167974273310&pr_ref_pid=8167974076702&pr_seq=uniform,,PENDING,PENDING,1,1.2,75%,56.6,AI Suggestion
pictures for the bathroom,https://aboutwallart.com/blogs/news-articles-home-decor-inspiration/transforming-spaces-the-power-of-japan-prints-and-feng-shui,,PENDING,PENDING,64,7.8,50%,56.4,AI Suggestion
pictures for the bathroom,https://aboutwallart.com/products/art-prints-for-the-bathroom-set-of-3-wall-art-prints?pr_prod_strat=pinned&pr_rec_id=7cfe23379&pr_rec_pid=8167974273310&pr_ref_pid=9013683388702&pr_seq=uniform,,PENDING,PENDING,2,1.8,75%,56.3,AI Suggestion
pictures for the bathroom,https://aboutwallart.com/blogs/news-articles-home-decor-inspiration/mistakes-when-estimating-the-size-of-a-frame-for-wall-art,,PENDING,PENDING,49,5.4,50%,54.3,AI Suggestion
pictures for the bathroom,https://aboutwallart.com/products/small-pictures-for-bathrooms-set-of-3-framed-wall-art,,PENDING,PENDING,3,6.2,75%,52.2,AI Suggestion
3 wall art set,https://aboutwallart.com/blogs/news-articles-home-decor-inspiration/what-is-the-3-5-7-rule-in-decorating,,PENDING,KEEP,1489,2.8,67%,80.5,AI Suggestion
3 wall art set,https://aboutwallart.com/products/floral-large-wall-prints-for-a-living-room-set-of-3-wall-art-prints,,PENDING,REPURPOSE,64,9.1,100%,80.1,AI Suggestion
3 wall art set,https://aboutwallart.com/products/3-pictures-above-bed-set-of-3-framed-wall-art,,PENDING,REPURPOSE,48,4.7,100%,79.7,AI Suggestion
3 wall art set,https://aboutwallart.com/blogs/news-articles-home-decor-inspiration/do-beige-and-grey-go-together-heres-how-to-make-it-work,,PENDING,LINK,1362,4.3,67%,79.1,AI Suggestion
3 wall art set,https://aboutwallart.com/blogs/news-articles-home-decor-inspiration/what-colour-goes-with-grey-walls-essential-tips,,PENDING,LINK,728,5.0,67%,78.3,AI Suggestion
3 wall art set,https://aboutwallart.com/blogs/news-articles-home-decor-inspiration/stylish-behind-toilet-decor-5-ideas-to-transform-your-small-bathroom,,PENDING,PENDING,242,5.3,67%,78.0,AI Suggestion
3 wall art set,https://aboutwallart.com/blogs/news-articles-home-decor-inspiration/choosing-the-right-art-for-grey-walls,,PENDING,PENDING,213,5.7,67%,77.6,AI Suggestion
3 wall art set,https://aboutwallart.com/products/large-living-room-pictures-set-of-3-wall-art-prints,,PENDING,PENDING,47,6.6,100%,77.5,AI Suggestion
3 wall art set,https://aboutwallart.com/blogs/news-articles-home-decor-inspiration/moisture-resistant-restroom-wall-art-what-actually-works,,PENDING,PENDING,538,5.8,67%,77.5,AI Suggestion
3 wall art set,https://aboutwallart.com/blogs/news-articles-home-decor-inspiration/how-bedroom-wall-art-ideas-can-impact-your-quality-of-rest,,PENDING,PENDING,107,6.1,67%,77.2,AI Suggestion
bathroom art,https://aboutwallart.com/blogs/news-articles-home-decor-inspiration/stylish-behind-toilet-decor-5-ideas-to-transform-your-small-bathroom,,PENDING,KEEP,242,5.3,100%,94.7,AI Suggestion
bathroom art,https://aboutwallart.com/blogs/news-articles-home-decor-inspiration/decorating-above-toilet-stylish-ideas-to-elevate-your-bathroom,,PENDING,REPURPOSE,139,6.5,100%,93.5,AI Suggestion
bathroom art,https://aboutwallart.com/blogs/news-articles-home-decor-inspiration/bathroom-art-ideas-to-transform-your-bathroom-into-an-oasis,,PENDING,REPURPOSE,225,8.4,100%,91.6,AI Suggestion
bathroom art,https://aboutwallart.com/blogs/news-articles-home-decor-inspiration/what-is-the-3-5-7-rule-in-decorating,,PENDING,LINK,1489,2.8,50%,72.2,AI Suggestion
bathroom art,https://aboutwallart.com/blogs/news-articles-home-decor-inspiration/do-beige-and-grey-go-together-heres-how-to-make-it-work,,PENDING,LINK,1362,4.3,50%,70.7,AI Suggestion
bathroom art,https://aboutwallart.com/blogs/news-articles-home-decor-inspiration/what-colour-goes-with-grey-walls-essential-tips,,PENDING,PENDING,728,5.0,50%,70.0,AI Suggestion
bathroom art,https://aboutwallart.com/blogs/news-articles-home-decor-inspiration/bathroom-wall-decor-ideas-for-spa-like-spaces,,PENDING,PENDING,26,8.1,100%,69.7,AI Suggestion
bathroom art,https://aboutwallart.com/products/bathroom-artwork-prints-set-of-3-framed-wall-art-prints?pr_prod_strat=pinned&pr_rec_id=2502a320f&pr_rec_pid=8167972241694&pr_ref_pid=8167972897054&pr_seq=uniform,,PENDING,PENDING,2,1.0,100%,69.6,AI Suggestion
bathroom art,https://aboutwallart.com/blogs/news-articles-home-decor-inspiration/choosing-the-right-art-for-grey-walls,,PENDING,PENDING,213,5.7,50%,69.3,AI Suggestion
bathroom art,https://aboutwallart.com/products/framed-art-for-bathroom-set-of-3-green-botanical-wall-art?variant=47153193156894,,PENDING,PENDING,1,1.1,100%,69.2,AI Suggestion
art above fireplace,https://aboutwallart.com/collections/above-fireplaces,,PENDING,KEEP,164,7.3,100%,92.7,AI Suggestion
art above fireplace,https://aboutwallart.com/blogs/news-articles-home-decor-inspiration/decorating-above-toilet-stylish-ideas-to-elevate-your-bathroom,,PENDING,LINK,139,6.5,67%,76.8,AI Suggestion
art above fireplace,https://aboutwallart.com/products/3-pictures-above-bed-set-of-3-framed-wall-art,,PENDING,LINK,48,4.7,67%,63.0,AI Suggestion
art above fireplace,https://aboutwallart.com/collections/above-fireplaces?page=2,,PENDING,LINK,2,7.6,100%,63.0,AI Suggestion
art above fireplace,https://aboutwallart.com/products/3-pictures-above-bed-set-of-3-framed-wall-art?variant=55160998855036&country=GB&currency=GBP,,PENDING,LINK,4,6.1,67%,48.4,AI Suggestion
art above fireplace,https://aboutwallart.com/blogs/news-articles-home-decor-inspiration/discover-perfect-above-the-bed-decor-ideas,,PENDING,PENDING,15,9.7,67%,48.1,AI Suggestion
art above fireplace,https://aboutwallart.com/blogs/news-articles-home-decor-inspiration/how-big-should-wall-art-be-above-a-sofa/,,PENDING,PENDING,2,6.3,67%,47.6,AI Suggestion
art above fireplace,https://aboutwallart.com/products/3-pictures-above-bed-set-of-3-framed-wall-art?variant=55160998789500&country=GB&currency=GBP,,PENDING,PENDING,4,7.0,67%,47.6,AI Suggestion
art above fireplace,https://aboutwallart.com/blogs/news-articles-home-decor-inspiration/how-big-should-wall-art-be-above-a-sofa,,PENDING,PENDING,1,6.4,67%,47.2,AI Suggestion
art above fireplace,https://aboutwallart.com/products/3-pictures-above-bed-set-of-3-framed-wall-art?variant=55850603053436,,PENDING,PENDING,1,9.8,67%,43.8,AI Suggestion
wall art islamic,https://aboutwallart.com/collections/wall-islamic-art,,PENDING,KEEP,102,11.4,100%,88.6,AI Suggestion
wall art islamic,https://aboutwallart.com/blogs/news-articles-home-decor-inspiration/what-is-the-3-5-7-rule-in-decorating,,PENDING,LINK,1489,2.8,67%,80.5,AI Suggestion
wall art islamic,https://aboutwallart.com/blogs/news-articles-home-decor-inspiration/do-beige-and-grey-go-together-heres-how-to-make-it-work,,PENDING,LINK,1362,4.3,67%,79.1,AI Suggestion
wall art islamic,https://aboutwallart.com/blogs/news-articles-home-decor-inspiration/what-colour-goes-with-grey-walls-essential-tips,,PENDING,LINK,728,5.0,67%,78.3,AI Suggestion
wall art islamic,https://aboutwallart.com/blogs/news-articles-home-decor-inspiration/stylish-behind-toilet-decor-5-ideas-to-transform-your-small-bathroom,,PENDING,LINK,242,5.3,67%,78.0,AI Suggestion
wall art islamic,https://aboutwallart.com/blogs/news-articles-home-decor-inspiration/choosing-the-right-art-for-grey-walls,,PENDING,PENDING,213,5.7,67%,77.6,AI Suggestion
wall art islamic,https://aboutwallart.com/blogs/news-articles-home-decor-inspiration/moisture-resistant-restroom-wall-art-what-actually-works,,PENDING,PENDING,538,5.8,67%,77.5,AI Suggestion
wall art islamic,https://aboutwallart.com/blogs/news-articles-home-decor-inspiration/how-bedroom-wall-art-ideas-can-impact-your-quality-of-rest,,PENDING,PENDING,107,6.1,67%,77.2,AI Suggestion
wall art islamic,https://aboutwallart.com/blogs/news-articles-home-decor-inspiration/old-money-style-interiors-classic-design-trends,,PENDING,PENDING,299,6.4,67%,77.0,AI Suggestion
wall art islamic,https://aboutwallart.com/blogs/news-articles-home-decor-inspiration/wall-art-for-high-ceilings-7-creative-ideas,,PENDING,PENDING,288,6.4,67%,76.9,AI Suggestion
black and white prints set of 3,https://aboutwallart.com/products/new-york-white-and-black-art-for-living-room-set-of-3-wall-art-prints,,PENDING,KEEP,18,6.4,100%,69.0,AI Suggestion
black and white prints set of 3,https://aboutwallart.com/products/black-and-white-japanese-art-set-of-3-wall-art-prints,,PENDING,LINK,10,4.4,100%,68.6,AI Suggestion
black and white prints set of 3,https://aboutwallart.com/products/white-and-black-prints-set-of-3-wall-art-prints?variant=55161173279100&country=GB&currency=GBP&utm_medium=product_sync&utm_source=google&utm_content=sag_organic&utm_campaign=sag_organic,,PENDING,LINK,2,2.5,100%,68.1,AI Suggestion
black and white prints set of 3,https://aboutwallart.com/products/manhattan-black-and-white-prints-set-of-3-wall-art-prints,,PENDING,LINK,7,5.7,100%,66.4,AI Suggestion
black and white prints set of 3,https://aboutwallart.com/products/artistic-black-and-white-wall-pictures-set-of-3-art-prints?variant=55849743352188,,PENDING,LINK,1,4.2,100%,66.2,AI Suggestion
black and white prints set of 3,https://aboutwallart.com/products/white-and-black-wall-art-set-of-3-prints?variant=55849557328252,,PENDING,PENDING,1,4.5,100%,65.8,AI Suggestion
black and white prints set of 3,https://aboutwallart.com/products/white-and-black-wall-art-set-of-3-prints,,PENDING,PENDING,4,6.2,100%,65.0,AI Suggestion
black and white prints set of 3,https://aboutwallart.com/products/white-and-black-prints-set-of-3-wall-art-prints,,PENDING,PENDING,9,8.2,100%,64.6,AI Suggestion
black and white prints set of 3,https://aboutwallart.com/products/artistic-black-and-white-wall-pictures-set-of-3-art-prints,,PENDING,PENDING,6,7.7,100%,64.1,AI Suggestion
black and white prints set of 3,https://aboutwallart.com/products/black-and-white-line-art-for-bedroom-set-of-2-wall-art-prints,,PENDING,PENDING,2,8.0,100%,62.6,AI Suggestion
decoration islam,https://aboutwallart.com/collections/wall-islamic-art,,PENDING,KEEP,102,11.4,50%,63.6,AI Suggestion
decoration islam,https://aboutwallart.com/products/islamic-wall-art-in-the-uk-set-of-2-wall-art-prints?variant=44621641744670&country=GB&currency=GBP&utm_medium=product_sync&utm_source=google&utm_content=sag_organic&utm_campaign=sag_organic,,PENDING,LINK,2,1.0,50%,44.6,AI Suggestion
decoration islam,https://aboutwallart.com/products/office-wall-decorations-set-of-3-framed-wall-art-prints?pr_prod_strat=use_description&pr_rec_id=3499e27c1&pr_rec_pid=8167998587166&pr_ref_pid=8167999963422&pr_seq=uniform,,PENDING,LINK,2,1.3,50%,44.4,AI Suggestion
decoration islam,https://aboutwallart.com/blogs/news-articles-home-decor-inspiration/top-5-islamic-art-wall-ideas-revealed,,PENDING,LINK,19,7.3,50%,43.5,AI Suggestion
decoration islam,https://aboutwallart.com/products/islamic-wall-art-in-the-uk-set-of-2-wall-art-prints,,PENDING,LINK,18,7.0,50%,43.4,AI Suggestion
decoration islam,https://aboutwallart.com/products/islamic-wall-art-with-frame-for-living-room-set-of-3-prints,,PENDING,PENDING,13,6.5,50%,42.4,AI Suggestion
decoration islam,https://aboutwallart.com/products/ramadan-mubarak-decorations-for-bedroom-set-of-3-wall-art-prints?variant=55160762761596&country=GB&currency=GBP,,PENDING,PENDING,1,3.6,50%,41.7,AI Suggestion
decoration islam,https://aboutwallart.com/blogs/news-articles-home-decor-inspiration/dive-into-the-rich-history-of-islamic-calligraphy-wall-art,,PENDING,PENDING,11,7.3,50%,41.0,AI Suggestion
decoration islam,https://aboutwallart.com/products/bathroom-wall-decoration-set-of-2-framed-wall-art-prints,,PENDING,PENDING,1,4.7,50%,40.6,AI Suggestion
decoration islam,https://aboutwallart.com/products/islamic-prints-wall-art-for-hallway-decor?variant=47756502008094&country=GB&currency=GBP,,PENDING,PENDING,1,5.1,50%,40.2,AI Suggestion
asian decor ideas,https://aboutwallart.com/blogs/news-articles-home-decor-inspiration/asian-home-decor-ideas-for-tranquil-nature-led-interiors,,PENDING,KEEP,66,8.6,100%,81.2,AI Suggestion
asian decor ideas,https://aboutwallart.com/blogs/news-articles-home-decor-inspiration/stylish-behind-toilet-decor-5-ideas-to-transform-your-small-bathroom,,PENDING,LINK,242,5.3,67%,78.0,AI Suggestion
asian decor ideas,https://aboutwallart.com/blogs/news-articles-home-decor-inspiration/how-bedroom-wall-art-ideas-can-impact-your-quality-of-rest,,PENDING,LINK,107,6.1,67%,77.2,AI Suggestion
asian decor ideas,https://aboutwallart.com/blogs/news-articles-home-decor-inspiration/wall-art-for-high-ceilings-7-creative-ideas,,PENDING,LINK,288,6.4,67%,76.9,AI Suggestion
asian decor ideas,https://aboutwallart.com/blogs/news-articles-home-decor-inspiration/decorating-above-toilet-stylish-ideas-to-elevate-your-bathroom,,PENDING,LINK,139,6.5,67%,76.8,AI Suggestion
asian decor ideas,https://aboutwallart.com/blogs/news-articles-home-decor-inspiration/masculine-home-decor-stylish-ideas-to-elevate-any-modern-space,,PENDING,PENDING,145,7.2,67%,76.2,AI Suggestion
asian decor ideas,https://aboutwallart.com/blogs/news-articles-home-decor-inspiration/art-for-offices-inspiring-ideas-for-every-workspace,,PENDING,PENDING,101,7.8,67%,75.5,AI Suggestion
asian decor ideas,https://aboutwallart.com/blogs/news-articles-home-decor-inspiration/bathroom-art-ideas-to-transform-your-bathroom-into-an-oasis,,PENDING,PENDING,225,8.4,67%,74.9,AI Suggestion
asian decor ideas,https://aboutwallart.com/blogs/news-articles-home-decor-inspiration/top-8-hallway-art-ideas-to-transform-your-space,,PENDING,PENDING,75,8.7,67%,67.1,AI Suggestion
asian decor ideas,https://aboutwallart.com/blogs/news-articles-home-decor-inspiration/coastal-decor-bedroom-ideas-how-to-style-it,,PENDING,PENDING,57,7.9,67%,62.5,AI Suggestion
boho wall art for living room,https://aboutwallart.com/collections/framed-wall-pictures-for-living-room,,PENDING,KEEP,198,7.8,83%,83.8,AI Suggestion
boho wall art for living room,https://aboutwallart.com/blogs/news-articles-home-decor-inspiration/stylish-behind-toilet-decor-5-ideas-to-transform-your-small-bathroom,,PENDING,LINK,242,5.3,67%,78.0,AI Suggestion
boho wall art for living room,https://aboutwallart.com/blogs/news-articles-home-decor-inspiration/bathroom-art-ideas-to-transform-your-bathroom-into-an-oasis,,PENDING,LINK,225,8.4,67%,74.9,AI Suggestion
boho wall art for living room,https://aboutwallart.com/products/floral-large-wall-prints-for-a-living-room-set-of-3-wall-art-prints,,PENDING,REPURPOSE,64,9.1,83%,71.8,AI Suggestion
boho wall art for living room,https://aboutwallart.com/blogs/news-articles-home-decor-inspiration/choosing-the-right-art-for-grey-walls,,PENDING,LINK,213,5.7,50%,69.3,AI Suggestion
boho wall art for living room,https://aboutwallart.com/blogs/news-articles-home-decor-inspiration/moisture-resistant-restroom-wall-art-what-actually-works,,PENDING,PENDING,538,5.8,50%,69.2,AI Suggestion
boho wall art for living room,https://aboutwallart.com/blogs/news-articles-home-decor-inspiration/how-bedroom-wall-art-ideas-can-impact-your-quality-of-rest,,PENDING,PENDING,107,6.1,50%,68.9,AI Suggestion
boho wall art for living room,https://aboutwallart.com/blogs/news-articles-home-decor-inspiration/wall-art-for-high-ceilings-7-creative-ideas,,PENDING,PENDING,288,6.4,50%,68.6,AI Suggestion
boho wall art for living room,https://aboutwallart.com/blogs/news-articles-home-decor-inspiration/the-case-for-empty-spaces-when-less-truly-is-more,,PENDING,PENDING,102,6.5,50%,68.5,AI Suggestion
boho wall art for living room,https://aboutwallart.com/blogs/news-articles-home-decor-inspiration/decorating-above-toilet-stylish-ideas-to-elevate-your-bathroom,,PENDING,PENDING,139,6.5,50%,68.5,AI Suggestion
canvas for living room,https://aboutwallart.com/collections/framed-wall-pictures-for-living-room,,PENDING,KEEP,198,7.8,75%,79.7,AI Suggestion
canvas for living room,https://aboutwallart.com/blogs/news-articles-home-decor-inspiration/canvas-paintings-for-living-room,,PENDING,REPURPOSE,43,9.4,100%,73.5,AI Suggestion
canvas for living room,https://aboutwallart.com/blogs/news-articles-home-decor-inspiration/stylish-behind-toilet-decor-5-ideas-to-transform-your-small-bathroom,,PENDING,LINK,242,5.3,50%,69.7,AI Suggestion
canvas for living room,https://aboutwallart.com/products/floral-large-wall-prints-for-a-living-room-set-of-3-wall-art-prints,,PENDING,LINK,64,9.1,75%,67.6,AI Suggestion
canvas for living room,https://aboutwallart.com/blogs/news-articles-home-decor-inspiration/how-i-used-canvas-pictures-for-living-rooms,,PENDING,REPURPOSE,20,9.0,100%,67.0,AI Suggestion
canvas for living room,https://aboutwallart.com/blogs/news-articles-home-decor-inspiration/bathroom-art-ideas-to-transform-your-bathroom-into-an-oasis,,PENDING,PENDING,225,8.4,50%,66.6,AI Suggestion
canvas for living room,https://aboutwallart.com/products/wall-art-for-large-living-room-wall-set-of-3-floral-wall-art-prints,,PENDING,PENDING,30,8.2,75%,58.3,AI Suggestion
canvas for living room,https://aboutwallart.com/products/art-wall-for-living-room-set-of-3-wall-art-prints?pr_prod_strat=e5_desc&pr_rec_id=fbc83ae13&pr_rec_pid=8167993245982&pr_ref_pid=8167997440286&pr_seq=uniform,,PENDING,PENDING,7,1.7,75%,57.9,AI Suggestion
canvas for living room,https://aboutwallart.com/products/Framed-prints-living-room-set-of-3-framed-wall-art?pr_prod_strat=pinned&pr_rec_id=f88259ac0&pr_rec_pid=8168006418718&pr_ref_pid=8168006713630&pr_seq=uniform,,PENDING,PENDING,1,1.0,75%,56.8,AI Suggestion
canvas for living room,https://aboutwallart.com/products/new-york-white-and-black-art-for-living-room-set-of-3-wall-art-prints,,PENDING,PENDING,18,6.4,75%,56.5,AI Suggestion
kitchen artwork ideas,https://aboutwallart.com/blogs/news-articles-home-decor-inspiration/quirky-kitchen-wall-art-ideas-for-fun-lived-in-spaces,,PENDING,KEEP,51,9.3,67%,59.3,AI Suggestion
kitchen artwork ideas,https://aboutwallart.com/blogs/news-articles-home-decor-inspiration/the-best-art-for-a-kitchen-wall-ideas,,PENDING,LINK,51,12.9,67%,55.7,AI Suggestion
kitchen artwork ideas,https://aboutwallart.com/products/artwork-for-kitchen-walls-set-of-3-wall-art,,PENDING,LINK,5,7.3,67%,47.6,AI Suggestion
kitchen artwork ideas,https://aboutwallart.com/products/office-artwork-ideas-set-of-3-wall-art-prints?variant=55856593863036&country=GB&currency=GBP,,PENDING,LINK,1,6.7,67%,46.9,AI Suggestion
kitchen artwork ideas,https://aboutwallart.com/products/artwork-for-the-kitchen-set-of-3-framed-wall-art,,PENDING,LINK,4,8.7,67%,45.8,AI Suggestion
kitchen artwork ideas,https://aboutwallart.com/products/artwork-for-the-kitchen-set-of-3-framed-wall-art?variant=55160540463484&country=GB&currency=GBP,,PENDING,PENDING,2,10.5,67%,43.4,AI Suggestion
kitchen artwork ideas,https://aboutwallart.com/blogs/news-articles-home-decor-inspiration/quirky-kitchen-wall-art-ideas-for-fun-lived-in-spaces#botanical-art,,PENDING,PENDING,1,10.5,67%,43.1,AI Suggestion
kitchen artwork ideas,https://aboutwallart.com/products/artwork-for-kitchen-walls-set-of-3-wall-art?variant=55160397169020&country=GB&currency=GBP,,PENDING,PENDING,1,10.7,67%,42.9,AI Suggestion
kitchen artwork ideas,https://aboutwallart.com/products/office-artwork-ideas-set-of-3-wall-art-prints?variant=55161850790268&country=GB&currency=GBP,,PENDING,PENDING,1,11.5,67%,42.1,AI Suggestion
kitchen artwork ideas,https://aboutwallart.com/cdn/shop/articles/quirky-kitchen-wall-art-ideas-for-fun-lived-in-spaces-7265243.png?v=1768947558&width=360,,PENDING,PENDING,2,19.4,67%,34.6,AI Suggestion
can grey and beige go together,https://aboutwallart.com/blogs/news-articles-home-decor-inspiration/do-beige-and-grey-go-together-heres-how-to-make-it-work,,PENDING,KEEP,1362,4.3,80%,85.7,AI Suggestion
can grey and beige go together,https://aboutwallart.com/blogs/home-decor-inspiration/do-beige-and-grey-go-together,,PENDING,LINK,1,2.9,80%,57.4,AI Suggestion
art in offices,https://aboutwallart.com/blogs/news-articles-home-decor-inspiration/art-for-offices-inspiring-ideas-for-every-workspace,,PENDING,KEEP,101,7.8,100%,92.2,AI Suggestion
art in offices,https://aboutwallart.com/blogs/news-articles-home-decor-inspiration/what-is-the-3-5-7-rule-in-decorating,,PENDING,LINK,1489,2.8,50%,72.2,AI Suggestion
art in offices,https://aboutwallart.com/blogs/news-articles-home-decor-inspiration/do-beige-and-grey-go-together-heres-how-to-make-it-work,,PENDING,LINK,1362,4.3,50%,70.7,AI Suggestion
art in offices,https://aboutwallart.com/blogs/news-articles-home-decor-inspiration/what-colour-goes-with-grey-walls-essential-tips,,PENDING,LINK,728,5.0,50%,70.0,AI Suggestion
art in offices,https://aboutwallart.com/blogs/news-articles-home-decor-inspiration/stylish-behind-toilet-decor-5-ideas-to-transform-your-small-bathroom,,PENDING,LINK,242,5.3,50%,69.7,AI Suggestion
art in offices,https://aboutwallart.com/blogs/news-articles-home-decor-inspiration/choosing-the-right-art-for-grey-walls,,PENDING,PENDING,213,5.7,50%,69.3,AI Suggestion
art in offices,https://aboutwallart.com/blogs/news-articles-home-decor-inspiration/moisture-resistant-restroom-wall-art-what-actually-works,,PENDING,PENDING,538,5.8,50%,69.2,AI Suggestion
art in offices,https://aboutwallart.com/blogs/news-articles-home-decor-inspiration/how-bedroom-wall-art-ideas-can-impact-your-quality-of-rest,,PENDING,PENDING,107,6.1,50%,68.9,AI Suggestion
art in offices,https://aboutwallart.com/blogs/news-articles-home-decor-inspiration/old-money-style-interiors-classic-design-trends,,PENDING,PENDING,299,6.4,50%,68.6,AI Suggestion
art in offices,https://aboutwallart.com/blogs/news-articles-home-decor-inspiration/wall-art-for-high-ceilings-7-creative-ideas,,PENDING,PENDING,288,6.4,50%,68.6,AI Suggestion
what colours go with grey walls living room,https://aboutwallart.com/blogs/news-articles-home-decor-inspiration/what-colour-goes-with-grey-walls-essential-tips,,PENDING,KEEP,728,5.0,57%,73.6,AI Suggestion
what colours go with grey walls living room,https://aboutwallart.com/blogs/news-articles-home-decor-inspiration/what-to-do-when-your-home-lacks-natural-light-decorate-with-living-room-wall-hangings,,PENDING,LINK,30,8.4,57%,49.2,AI Suggestion
set of 3 pictures for living room,https://aboutwallart.com/collections/framed-wall-pictures-for-living-room,,PENDING,KEEP,198,7.8,80%,82.2,AI Suggestion
set of 3 pictures for living room,https://aboutwallart.com/products/floral-large-wall-prints-for-a-living-room-set-of-3-wall-art-prints,,PENDING,REPURPOSE,64,9.1,80%,70.1,AI Suggestion
set of 3 pictures for living room,https://aboutwallart.com/products/large-living-room-pictures-set-of-3-wall-art-prints,,PENDING,REPURPOSE,47,6.6,80%,67.5,AI Suggestion
set of 3 pictures for living room,https://aboutwallart.com/products/big-pictures-for-living-room-set-of-2-wall-art,,PENDING,LINK,7,6.4,100%,65.7,AI Suggestion
set of 3 pictures for living room,https://aboutwallart.com/products/london-wall-pictures-for-living-room-ideas-set-of-3-wall-art-prints,,PENDING,LINK,8,7.6,100%,64.8,AI Suggestion
set of 3 pictures for living room,https://aboutwallart.com/products/large-pictures-for-living-room-set-of-3-wall-art-prints,,PENDING,PENDING,1,8.2,100%,62.1,AI Suggestion
set of 3 pictures for living room,https://aboutwallart.com/products/living-room-pictures-for-the-walls-set-of-3-art-prints,,PENDING,PENDING,6,10.0,100%,61.8,AI Suggestion
set of 3 pictures for living room,https://aboutwallart.com/products/wall-art-for-large-living-room-wall-set-of-3-floral-wall-art-prints,,PENDING,PENDING,30,8.2,80%,60.8,AI Suggestion
set of 3 pictures for living room,https://aboutwallart.com/products/art-wall-for-living-room-set-of-3-wall-art-prints?pr_prod_strat=e5_desc&pr_rec_id=fbc83ae13&pr_rec_pid=8167993245982&pr_ref_pid=8167997440286&pr_seq=uniform,,PENDING,PENDING,7,1.7,80%,60.4,AI Suggestion
set of 3 pictures for living room,https://aboutwallart.com/products/Framed-prints-living-room-set-of-3-framed-wall-art?pr_prod_strat=pinned&pr_rec_id=f88259ac0&pr_rec_pid=8168006418718&pr_ref_pid=8168006713630&pr_seq=uniform,,PENDING,PENDING,1,1.0,80%,59.3,AI Suggestion
colours that go with grey walls,https://aboutwallart.com/blogs/news-articles-home-decor-inspiration/what-colour-goes-with-grey-walls-essential-tips,,PENDING,KEEP,728,5.0,60%,75.0,AI Suggestion
colours that go with grey walls,https://aboutwallart.com/blogs/news-articles-home-decor-inspiration/how-to-decorate-with-greige-colours-the-blend-of-grey-beige,,PENDING,LINK,21,8.8,60%,47.5,AI Suggestion
colours that go with grey walls,https://aboutwallart.com/blogs/news-articles-home-decor-inspiration/colors-that-go-with-grey-perfect-combinations-for-home-decor,,PENDING,LINK,12,13.1,60%,40.6,AI Suggestion
colour language,https://aboutwallart.com/blogs/news-articles-home-decor-inspiration/what-colour-goes-with-grey-walls-essential-tips,,PENDING,KEEP,728,5.0,50%,70.0,AI Suggestion
colour language,https://aboutwallart.com/blogs/news-articles-home-decor-inspiration/colour-trends-for-2026-paint-shades-designers-recommend,,PENDING,LINK,8,4.6,50%,42.8,AI Suggestion
colour language,https://aboutwallart.com/blogs/news-articles-home-decor-inspiration/wall-art-pictures-for-living-room-grounded-neutral-colours,,PENDING,LINK,17,7.5,50%,42.6,AI Suggestion
colour language,https://aboutwallart.com/blogs/news-articles-home-decor-inspiration/how-to-decorate-with-greige-colours-the-blend-of-grey-beige,,PENDING,LINK,21,8.8,50%,42.5,AI Suggestion
colour language,https://aboutwallart.com/collections/teal-colour-wall-art,,PENDING,LINK,16,9.0,50%,40.8,AI Suggestion
colour language,https://aboutwallart.com/blogs/news-articles-home-decor-inspiration/how-to-add-personality-with-nursery-colours,,PENDING,PENDING,15,9.0,50%,40.5,AI Suggestion
colour language,https://aboutwallart.com/blogs/news-articles-home-decor-inspiration/kitchen-trends-for-2026-colours-layouts-and-must-have-features/,,PENDING,PENDING,5,6.6,50%,39.9,AI Suggestion
colour language,https://aboutwallart.com/blogs/news-articles-home-decor-inspiration/lighting-challenges-when-using-a-deep-winter-colour-palette,,PENDING,PENDING,1,6.0,50%,39.3,AI Suggestion
colour language,https://aboutwallart.com/blogs/news-articles-home-decor-inspiration/earth-inspired-living-the-down-to-earth-colour-trends,,PENDING,PENDING,8,8.2,50%,39.2,AI Suggestion
colour language,https://aboutwallart.com/blogs/news-articles-home-decor-inspiration/how-to-use-current-wall-colour-trends-for-a-truly-calming-home,,PENDING,PENDING,1,6.3,50%,39.0,AI Suggestion
art moderne interior design,https://aboutwallart.com/blogs/news-articles-home-decor-inspiration/old-money-style-interiors-classic-design-trends,,PENDING,KEEP,299,6.4,75%,81.1,AI Suggestion
art moderne interior design,https://aboutwallart.com/blogs/news-articles-home-decor-inspiration/my-guide-to-the-top-interior-decorating-trends-2026,,PENDING,LINK,101,7.7,50%,67.3,AI Suggestion
art moderne interior design,https://aboutwallart.com/blogs/news-articles-home-decor-inspiration/understanding-art-in-interior-design,,PENDING,LINK,34,10.0,75%,57.7,AI Suggestion
art moderne interior design,https://aboutwallart.com/blogs/news-articles-home-decor-inspiration/art-moderne-home-decor-streamlined-1930s-inspired-design-ideas-1,,PENDING,LINK,26,8.9,75%,56.3,AI Suggestion
art moderne interior design,https://aboutwallart.com/blogs/news-articles-home-decor-inspiration/asian-home-decor-ideas-for-tranquil-nature-led-interiors,,PENDING,LINK,66,8.6,50%,56.2,AI Suggestion
art moderne interior design,https://aboutwallart.com/blogs/news-articles-home-decor-inspiration/kitchen-wall-art-expert-interior-design-tips-trends-2026,,PENDING,PENDING,15,5.9,75%,56.1,AI Suggestion
art moderne interior design,https://aboutwallart.com/products/japandi-interior-design-set-of-3-wall-art-prints,,PENDING,PENDING,7,6.5,75%,53.1,AI Suggestion
art moderne interior design,https://aboutwallart.com/collections/biophilic-interior-design?page=3,,PENDING,PENDING,3,5.9,75%,52.5,AI Suggestion
art moderne interior design,https://aboutwallart.com/products/japandi-interior-design-set-of-3-wall-art-prints?variant=55161848725884,,PENDING,PENDING,1,5.6,75%,52.2,AI Suggestion
art moderne interior design,https://aboutwallart.com/blogs/news-articles-home-decor-inspiration/apartment-interior-renovation-checklist-planning-design-trends-cost-factors,,PENDING,PENDING,3,6.6,75%,51.8,AI Suggestion
artwork for above fireplace,https://aboutwallart.com/collections/above-fireplaces,,PENDING,KEEP,164,7.3,50%,67.7,AI Suggestion
artwork for above fireplace,https://aboutwallart.com/products/bathroom-artwork-prints-set-of-3-framed-wall-art-prints?pr_prod_strat=pinned&pr_rec_id=2502a320f&pr_rec_pid=8167972241694&pr_ref_pid=8167972897054&pr_seq=uniform,,PENDING,LINK,2,1.0,50%,44.6,AI Suggestion
artwork for above fireplace,https://aboutwallart.com/products/calming-artwork-for-living-room-set-of-3-wall-art-prints,,PENDING,LINK,6,6.9,50%,39.9,AI Suggestion
artwork for above fireplace,https://aboutwallart.com/products/artwork-for-kitchen-walls-set-of-3-wall-art,,PENDING,LINK,5,7.3,50%,39.3,AI Suggestion
artwork for above fireplace,https://aboutwallart.com/products/gold-artwork-for-living-room-set-of-3-feathers-wall-art-prints?variant=55160323375484&country=GB&currency=GBP,,PENDING,LINK,1,6.8,50%,38.5,AI Suggestion
artwork for above fireplace,https://aboutwallart.com/collections/above-fireplaces?page=2,,PENDING,PENDING,2,7.6,50%,38.0,AI Suggestion
artwork for above fireplace,https://aboutwallart.com/products/artwork-for-the-kitchen-set-of-3-framed-wall-art,,PENDING,PENDING,4,8.7,50%,37.5,AI Suggestion
artwork for above fireplace,https://aboutwallart.com/blogs/news-articles-home-decor-inspiration/how-to-select-the-right-pictures-frames-for-your-artwork,,PENDING,PENDING,2,8.3,50%,37.3,AI Suggestion
artwork for above fireplace,https://aboutwallart.com/products/botanical-large-artwork-for-hallway-set-of-2-wall-art-prints?variant=55848611250556,,PENDING,PENDING,1,8.1,50%,37.3,AI Suggestion
artwork for above fireplace,https://aboutwallart.com/products/botanical-large-artwork-for-hallway-set-of-2-wall-art-prints,,PENDING,PENDING,1,9.2,50%,36.1,AI Suggestion
art for bathroom walls ideas,https://aboutwallart.com/blogs/news-articles-home-decor-inspiration/stylish-behind-toilet-decor-5-ideas-to-transform-your-small-bathroom,,PENDING,KEEP,242,5.3,80%,84.7,AI Suggestion
art for bathroom walls ideas,https://aboutwallart.com/blogs/news-articles-home-decor-inspiration/bathroom-art-ideas-to-transform-your-bathroom-into-an-oasis,,PENDING,REPURPOSE,225,8.4,80%,81.6,AI Suggestion
art for bathroom walls ideas,https://aboutwallart.com/blogs/news-articles-home-decor-inspiration/choosing-the-right-art-for-grey-walls,,PENDING,LINK,213,5.7,60%,74.3,AI Suggestion
art for bathroom walls ideas,https://aboutwallart.com/blogs/news-articles-home-decor-inspiration/wall-art-for-high-ceilings-7-creative-ideas,,PENDING,LINK,288,6.4,60%,73.6,AI Suggestion
art for bathroom walls ideas,https://aboutwallart.com/blogs/news-articles-home-decor-inspiration/decorating-above-toilet-stylish-ideas-to-elevate-your-bathroom,,PENDING,LINK,139,6.5,60%,73.5,AI Suggestion
art for bathroom walls ideas,https://aboutwallart.com/blogs/news-articles-home-decor-inspiration/art-for-offices-inspiring-ideas-for-every-workspace,,PENDING,PENDING,101,7.8,60%,72.2,AI Suggestion
art for bathroom walls ideas,https://aboutwallart.com/blogs/news-articles-home-decor-inspiration/wall-decor-ideas-for-large-walls-to-transform-your-space,,PENDING,PENDING,49,7.9,80%,66.8,AI Suggestion
art for bathroom walls ideas,https://aboutwallart.com/blogs/news-articles-home-decor-inspiration/top-8-hallway-art-ideas-to-transform-your-space,,PENDING,PENDING,75,8.7,60%,63.8,AI Suggestion
art for bathroom walls ideas,https://aboutwallart.com/blogs/news-articles-home-decor-inspiration/asian-home-decor-ideas-for-tranquil-nature-led-interiors,,PENDING,PENDING,66,8.6,60%,61.2,AI Suggestion
art for bathroom walls ideas,https://aboutwallart.com/blogs/news-articles-home-decor-inspiration/bathroom-wall-decor-ideas-for-spa-like-spaces,,PENDING,PENDING,26,8.1,80%,59.7,AI Suggestion
what colours go with dark grey walls,https://aboutwallart.com/blogs/news-articles-home-decor-inspiration/what-colour-goes-with-grey-walls-essential-tips,,PENDING,KEEP,728,5.0,67%,78.3,AI Suggestion
what colours go with dark grey walls,https://aboutwallart.com/blogs/news-articles-home-decor-inspiration/how-to-decorate-with-greige-colours-the-blend-of-grey-beige,,PENDING,LINK,21,8.8,50%,42.5,AI Suggestion
waterproof bathroom picture frames,https://aboutwallart.com/products/large-frames-for-pictures-in-sizes-a4-a3-a2-20x30-in,,PENDING,KEEP,21,5.2,50%,46.1,AI Suggestion
waterproof bathroom picture frames,https://aboutwallart.com/products/bathroom-framed-pictures-set-of-3-shabby-chic-wall-art,,PENDING,LINK,5,5.6,50%,40.9,AI Suggestion
waterproof bathroom picture frames,https://aboutwallart.com/products/large-frames-for-pictures-in-sizes-a4-a3-a2-20x30-in?variant=55162340344188,,PENDING,LINK,1,5.0,50%,40.3,AI Suggestion
waterproof bathroom picture frames,https://aboutwallart.com/products/large-frames-for-pictures-in-sizes-a4-a3-a2-20x30-in?variant=44621725696286&country=GB&currency=GBP,,PENDING,LINK,1,5.4,50%,39.9,AI Suggestion
waterproof bathroom picture frames,https://aboutwallart.com/products/small-pictures-for-bathrooms-set-of-3-framed-wall-art,,PENDING,LINK,3,6.2,50%,39.7,AI Suggestion
waterproof bathroom picture frames,https://aboutwallart.com/products/wall-pictures-for-bathroom-set-of-3-framed-wall-art-prints?pr_prod_strat=pinned&pr_rec_id=1af6c8825&pr_rec_pid=8167973191966&pr_ref_pid=8802079899934&pr_seq=uniform,,PENDING,PENDING,4,6.7,50%,39.5,AI Suggestion
waterproof bathroom picture frames,https://aboutwallart.com/products/bathroom-pictures-framed-set-of-3-botanical-wall-art-prints,,PENDING,PENDING,2,6.3,50%,39.3,AI Suggestion
waterproof bathroom picture frames,https://aboutwallart.com/products/large-frames-for-pictures-in-sizes-a4-a3-a2-20x30-in?variant=55162340376956,,PENDING,PENDING,1,6.7,50%,38.6,AI Suggestion
waterproof bathroom picture frames,https://aboutwallart.com/products/small-pictures-for-bathroom-set-of-2-wall-art-prints?variant=55848446820732&country=GB&currency=GBP,,PENDING,PENDING,1,6.9,50%,38.4,AI Suggestion
waterproof bathroom picture frames,https://aboutwallart.com/products/small-pictures-for-bathroom-set-of-2-wall-art-prints?variant=55848445510012&country=GB&currency=GBP,,PENDING,PENDING,1,7.1,50%,38.2,AI Suggestion
masculine interior design styles,https://aboutwallart.com/blogs/news-articles-home-decor-inspiration/old-money-style-interiors-classic-design-trends,,PENDING,KEEP,299,6.4,50%,68.6,AI Suggestion
masculine interior design styles,https://aboutwallart.com/blogs/news-articles-home-decor-inspiration/understanding-art-in-interior-design,,PENDING,LINK,34,10.0,50%,45.2,AI Suggestion
masculine interior design styles,https://aboutwallart.com/blogs/news-articles-home-decor-inspiration/list-of-interior-design-styles-find-the-perfect-look-for-your-home,,PENDING,LINK,4,13.6,75%,45.2,AI Suggestion
masculine interior design styles,https://aboutwallart.com/blogs/news-articles-home-decor-inspiration/kitchen-wall-art-expert-interior-design-tips-trends-2026,,PENDING,LINK,15,5.9,50%,43.6,AI Suggestion
masculine interior design styles,https://aboutwallart.com/products/japandi-interior-design-set-of-3-wall-art-prints,,PENDING,LINK,7,6.5,50%,40.6,AI Suggestion
masculine interior design styles,https://aboutwallart.com/collections/biophilic-interior-design?page=3,,PENDING,PENDING,3,5.9,50%,40.0,AI Suggestion
masculine interior design styles,https://aboutwallart.com/products/japandi-interior-design-set-of-3-wall-art-prints?variant=55161848725884,,PENDING,PENDING,1,5.6,50%,39.7,AI Suggestion
masculine interior design styles,https://aboutwallart.com/blogs/news-articles-home-decor-inspiration/apartment-interior-renovation-checklist-planning-design-trends-cost-factors,,PENDING,PENDING,3,6.6,50%,39.3,AI Suggestion
masculine interior design styles,https://aboutwallart.com/blogs/news-articles-home-decor-inspiration/a-guide-to-a-different-type-of-interior-design-for-a-calming-home,,PENDING,PENDING,3,6.7,50%,39.2,AI Suggestion
masculine interior design styles,https://aboutwallart.com/blogs/news-articles-home-decor-inspiration/interior-design-ideas-for-bedrooms-creating-your-sanctuary,,PENDING,PENDING,5,7.9,50%,38.6,AI Suggestion
relax soak unwind wall art,https://aboutwallart.com/products/relax-soak-unwind-wall-art-set-of-3-art-prints,,PENDING,KEEP,4,7.4,100%,63.8,AI Suggestion
relax soak unwind wall art,https://aboutwallart.com/blogs/news-articles-home-decor-inspiration/5-calming-wall-art-ideas-to-create-a-relaxing-bedroom-decor,,PENDING,LINK,22,9.5,60%,47.1,AI Suggestion
relax soak unwind wall art,https://aboutwallart.com/products/wall-decor-for-bathroom-set-of-3-relaxing-wall-art?variant=55849065283964&country=GB&currency=GBP&utm_medium=product_sync&utm_source=google&utm_content=sag_organic&utm_campaign=sag_organic,,PENDING,LINK,2,4.0,60%,46.6,AI Suggestion
relax soak unwind wall art,https://aboutwallart.com/blogs/news-articles-home-decor-inspiration/the-best-art-for-bedrooms-relaxing-pieces-and-placement-tips,,PENDING,LINK,4,5.5,60%,45.7,AI Suggestion
relax soak unwind wall art,https://aboutwallart.com/blogs/news-articles-home-decor-inspiration/the-best-art-for-bedrooms-relaxing-pieces-and-placement-tips/,,PENDING,LINK,3,6.5,60%,44.4,AI Suggestion
relax soak unwind wall art,https://aboutwallart.com/products/relaxing-bedroom-wall-art-set-of-3-framed-art-prints?variant=55160360010108&country=GB&currency=GBP,,PENDING,PENDING,1,6.1,60%,44.2,AI Suggestion
relax soak unwind wall art,https://aboutwallart.com/blogs/news-articles-home-decor-inspiration/luxurious-retreats-creating-opulent-and-relaxing-spaces-at-home,,PENDING,PENDING,6,9.3,60%,42.5,AI Suggestion
old money living room ideas,https://aboutwallart.com/products/london-wall-pictures-for-living-room-ideas-set-of-3-wall-art-prints,,PENDING,KEEP,8,7.6,60%,44.8,AI Suggestion
old money living room ideas,https://aboutwallart.com/products/gold-artwork-for-living-room-set-of-3-feathers-wall-art-prints?variant=55160323375484&country=GB&currency=GBP,,PENDING,LINK,1,6.8,60%,43.5,AI Suggestion
old money living room ideas,https://aboutwallart.com/blogs/news-articles-home-decor-inspiration/10-creative-ideas-for-decorating-your-living-room-wall,,PENDING,LINK,8,9.1,60%,43.4,AI Suggestion
old money living room ideas,https://aboutwallart.com/blogs/news-articles-home-decor-inspiration/wall-art-for-living-room-inspiring-ideas-tips,,PENDING,LINK,5,8.5,60%,43.0,AI Suggestion
old money living room ideas,https://aboutwallart.com/blogs/news-articles-home-decor-inspiration/farmhouse-living-room-ideas-for-cosy-rustic-style,,PENDING,LINK,8,10.5,60%,41.9,AI Suggestion
old money living room ideas,https://aboutwallart.com/products/wall-art-with-gold-for-luxurious-living-room-set-of-3-wall-art-prints?variant=55160649351548&country=GB&currency=GBP,,PENDING,PENDING,1,10.3,60%,40.0,AI Suggestion
old money living room ideas,https://aboutwallart.com/pages/masculine-living-room-ideas,,PENDING,PENDING,6,11.9,60%,39.9,AI Suggestion
old money living room ideas,https://aboutwallart.com/blogs/news-articles-home-decor-inspiration/top-small-living-room-decor-ideas-trends-you-need-to-know,,PENDING,PENDING,1,15.2,60%,35.1,AI Suggestion
home decor stress levels,https://aboutwallart.com/blogs/news-articles-home-decor-inspiration/what-is-the-3-5-7-rule-in-decorating,,PENDING,KEEP,1489,2.8,50%,72.2,AI Suggestion
home decor stress levels,https://aboutwallart.com/blogs/news-articles-home-decor-inspiration/do-beige-and-grey-go-together-heres-how-to-make-it-work,,PENDING,LINK,1362,4.3,50%,70.7,AI Suggestion
home decor stress levels,https://aboutwallart.com/blogs/news-articles-home-decor-inspiration/what-colour-goes-with-grey-walls-essential-tips,,PENDING,LINK,728,5.0,50%,70.0,AI Suggestion
home decor stress levels,https://aboutwallart.com/blogs/news-articles-home-decor-inspiration/stylish-behind-toilet-decor-5-ideas-to-transform-your-small-bathroom,,PENDING,LINK,242,5.3,50%,69.7,AI Suggestion
home decor stress levels,https://aboutwallart.com/blogs/news-articles-home-decor-inspiration/choosing-the-right-art-for-grey-walls,,PENDING,LINK,213,5.7,50%,69.3,AI Suggestion
home decor stress levels,https://aboutwallart.com/blogs/news-articles-home-decor-inspiration/moisture-resistant-restroom-wall-art-what-actually-works,,PENDING,PENDING,538,5.8,50%,69.2,AI Suggestion
home decor stress levels,https://aboutwallart.com/blogs/news-articles-home-decor-inspiration/how-bedroom-wall-art-ideas-can-impact-your-quality-of-rest,,PENDING,PENDING,107,6.1,50%,68.9,AI Suggestion
home decor stress levels,https://aboutwallart.com/blogs/news-articles-home-decor-inspiration/old-money-style-interiors-classic-design-trends,,PENDING,PENDING,299,6.4,50%,68.6,AI Suggestion
home decor stress levels,https://aboutwallart.com/blogs/news-articles-home-decor-inspiration/wall-art-for-high-ceilings-7-creative-ideas,,PENDING,PENDING,288,6.4,50%,68.6,AI Suggestion
home decor stress levels,https://aboutwallart.com/blogs/news-articles-home-decor-inspiration/cherry-blossom-art-japan-understanding-the-deep-symbolism,,PENDING,PENDING,114,6.4,50%,68.6,AI Suggestion
french wall decor,https://aboutwallart.com/blogs/news-articles-home-decor-inspiration/what-is-the-3-5-7-rule-in-decorating,,PENDING,KEEP,1489,2.8,67%,80.5,AI Suggestion
french wall decor,https://aboutwallart.com/blogs/news-articles-home-decor-inspiration/do-beige-and-grey-go-together-heres-how-to-make-it-work,,PENDING,LINK,1362,4.3,67%,79.1,AI Suggestion
french wall decor,https://aboutwallart.com/blogs/news-articles-home-decor-inspiration/what-colour-goes-with-grey-walls-essential-tips,,PENDING,LINK,728,5.0,67%,78.3,AI Suggestion
french wall decor,https://aboutwallart.com/blogs/news-articles-home-decor-inspiration/stylish-behind-toilet-decor-5-ideas-to-transform-your-small-bathroom,,PENDING,LINK,242,5.3,67%,78.0,AI Suggestion
french wall decor,https://aboutwallart.com/blogs/news-articles-home-decor-inspiration/choosing-the-right-art-for-grey-walls,,PENDING,LINK,213,5.7,67%,77.6,AI Suggestion
french wall decor,https://aboutwallart.com/blogs/news-articles-home-decor-inspiration/moisture-resistant-restroom-wall-art-what-actually-works,,PENDING,PENDING,538,5.8,67%,77.5,AI Suggestion
french wall decor,https://aboutwallart.com/blogs/news-articles-home-decor-inspiration/how-bedroom-wall-art-ideas-can-impact-your-quality-of-rest,,PENDING,PENDING,107,6.1,67%,77.2,AI Suggestion
french wall decor,https://aboutwallart.com/blogs/news-articles-home-decor-inspiration/old-money-style-interiors-classic-design-trends,,PENDING,PENDING,299,6.4,67%,77.0,AI Suggestion
french wall decor,https://aboutwallart.com/blogs/news-articles-home-decor-inspiration/wall-art-for-high-ceilings-7-creative-ideas,,PENDING,PENDING,288,6.4,67%,76.9,AI Suggestion
french wall decor,https://aboutwallart.com/blogs/news-articles-home-decor-inspiration/cherry-blossom-art-japan-understanding-the-deep-symbolism,,PENDING,PENDING,114,6.4,67%,76.9,AI Suggestion
wall art definition,https://aboutwallart.com/blogs/news-articles-home-decor-inspiration/what-is-the-3-5-7-rule-in-decorating,,PENDING,KEEP,1489,2.8,67%,80.5,AI Suggestion
wall art definition,https://aboutwallart.com/blogs/news-articles-home-decor-inspiration/do-beige-and-grey-go-together-heres-how-to-make-it-work,,PENDING,LINK,1362,4.3,67%,79.1,AI Suggestion
wall art definition,https://aboutwallart.com/blogs/news-articles-home-decor-inspiration/what-colour-goes-with-grey-walls-essential-tips,,PENDING,LINK,728,5.0,67%,78.3,AI Suggestion
wall art definition,https://aboutwallart.com/blogs/news-articles-home-decor-inspiration/stylish-behind-toilet-decor-5-ideas-to-transform-your-small-bathroom,,PENDING,LINK,242,5.3,67%,78.0,AI Suggestion
wall art definition,https://aboutwallart.com/blogs/news-articles-home-decor-inspiration/choosing-the-right-art-for-grey-walls,,PENDING,LINK,213,5.7,67%,77.6,AI Suggestion
wall art definition,https://aboutwallart.com/blogs/news-articles-home-decor-inspiration/moisture-resistant-restroom-wall-art-what-actually-works,,PENDING,PENDING,538,5.8,67%,77.5,AI Suggestion
wall art definition,https://aboutwallart.com/blogs/news-articles-home-decor-inspiration/how-bedroom-wall-art-ideas-can-impact-your-quality-of-rest,,PENDING,PENDING,107,6.1,67%,77.2,AI Suggestion
wall art definition,https://aboutwallart.com/blogs/news-articles-home-decor-inspiration/old-money-style-interiors-classic-design-trends,,PENDING,PENDING,299,6.4,67%,77.0,AI Suggestion
wall art definition,https://aboutwallart.com/blogs/news-articles-home-decor-inspiration/wall-art-for-high-ceilings-7-creative-ideas,,PENDING,PENDING,288,6.4,67%,76.9,AI Suggestion
wall art definition,https://aboutwallart.com/blogs/news-articles-home-decor-inspiration/cherry-blossom-art-japan-understanding-the-deep-symbolism,,PENDING,PENDING,114,6.4,67%,76.9,AI Suggestion
different types of wall art,https://aboutwallart.com/blogs/news-articles-home-decor-inspiration/how-to-mix-and-blend-different-art-style-types,,PENDING,KEEP,107,7.7,100%,92.3,AI Suggestion
different types of wall art,https://aboutwallart.com/blogs/news-articles-home-decor-inspiration/types-of-wall-art,,PENDING,LINK,209,6.6,75%,80.9,AI Suggestion
different types of wall art,https://aboutwallart.com/blogs/news-articles-home-decor-inspiration/what-is-the-3-5-7-rule-in-decorating,,PENDING,LINK,1489,2.8,50%,72.2,AI Suggestion
different types of wall art,https://aboutwallart.com/blogs/news-articles-home-decor-inspiration/do-beige-and-grey-go-together-heres-how-to-make-it-work,,PENDING,LINK,1362,4.3,50%,70.7,AI Suggestion
different types of wall art,https://aboutwallart.com/blogs/news-articles-home-decor-inspiration/what-colour-goes-with-grey-walls-essential-tips,,PENDING,LINK,728,5.0,50%,70.0,AI Suggestion
different types of wall art,https://aboutwallart.com/blogs/news-articles-home-decor-inspiration/stylish-behind-toilet-decor-5-ideas-to-transform-your-small-bathroom,,PENDING,PENDING,242,5.3,50%,69.7,AI Suggestion
different types of wall art,https://aboutwallart.com/blogs/news-articles-home-decor-inspiration/choosing-the-right-art-for-grey-walls,,PENDING,PENDING,213,5.7,50%,69.3,AI Suggestion
different types of wall art,https://aboutwallart.com/blogs/news-articles-home-decor-inspiration/moisture-resistant-restroom-wall-art-what-actually-works,,PENDING,PENDING,538,5.8,50%,69.2,AI Suggestion
different types of wall art,https://aboutwallart.com/blogs/news-articles-home-decor-inspiration/how-bedroom-wall-art-ideas-can-impact-your-quality-of-rest,,PENDING,PENDING,107,6.1,50%,68.9,AI Suggestion
different types of wall art,https://aboutwallart.com/blogs/news-articles-home-decor-inspiration/old-money-style-interiors-classic-design-trends,,PENDING,PENDING,299,6.4,50%,68.6,AI Suggestion
old money style living room,https://aboutwallart.com/blogs/news-articles-home-decor-inspiration/old-money-style-interiors-classic-design-trends,,PENDING,KEEP,299,6.4,60%,73.6,AI Suggestion
old money style living room,https://aboutwallart.com/products/gold-artwork-for-living-room-set-of-3-feathers-wall-art-prints?variant=55160323375484&country=GB&currency=GBP,,PENDING,LINK,1,6.8,60%,43.5,AI Suggestion
old money style living room,https://aboutwallart.com/blogs/news-articles-home-decor-inspiration/farmhouse-living-room-ideas-for-cosy-rustic-style,,PENDING,LINK,8,10.5,60%,41.9,AI Suggestion
old money style living room,https://aboutwallart.com/products/scandinavian-decor-style-for-living-room-set-of-3-wall-art,,PENDING,LINK,1,8.7,60%,41.6,AI Suggestion
old money style living room,https://aboutwallart.com/products/wall-art-with-gold-for-luxurious-living-room-set-of-3-wall-art-prints?variant=55160649351548&country=GB&currency=GBP,,PENDING,LINK,1,10.3,60%,40.0,AI Suggestion
wall art for grey walls living room,https://aboutwallart.com/blogs/news-articles-home-decor-inspiration/choosing-the-right-art-for-grey-walls,,PENDING,KEEP,213,5.7,71%,80.0,AI Suggestion
wall art for grey walls living room,https://aboutwallart.com/collections/framed-wall-pictures-for-living-room,,PENDING,LINK,198,7.8,71%,77.9,AI Suggestion
wall art for grey walls living room,https://aboutwallart.com/blogs/news-articles-home-decor-inspiration/what-colour-goes-with-grey-walls-essential-tips,,PENDING,LINK,728,5.0,57%,73.6,AI Suggestion
wall art for grey walls living room,https://aboutwallart.com/blogs/news-articles-home-decor-inspiration/stylish-behind-toilet-decor-5-ideas-to-transform-your-small-bathroom,,PENDING,LINK,242,5.3,57%,73.2,AI Suggestion
wall art for grey walls living room,https://aboutwallart.com/blogs/news-articles-home-decor-inspiration/bathroom-art-ideas-to-transform-your-bathroom-into-an-oasis,,PENDING,LINK,225,8.4,57%,70.1,AI Suggestion
wall art for grey walls living room,https://aboutwallart.com/products/floral-large-wall-prints-for-a-living-room-set-of-3-wall-art-prints,,PENDING,PENDING,64,9.1,71%,65.8,AI Suggestion
wall art for grey walls living room,https://aboutwallart.com/blogs/news-articles-home-decor-inspiration/canvas-paintings-for-living-room,,PENDING,PENDING,43,9.4,71%,59.2,AI Suggestion
wall art for grey walls living room,https://aboutwallart.com/products/wall-art-for-large-living-room-wall-set-of-3-floral-wall-art-prints,,PENDING,PENDING,30,8.2,71%,56.5,AI Suggestion
wall art for grey walls living room,https://aboutwallart.com/products/art-wall-for-living-room-set-of-3-wall-art-prints?pr_prod_strat=e5_desc&pr_rec_id=fbc83ae13&pr_rec_pid=8167993245982&pr_ref_pid=8167997440286&pr_seq=uniform,,PENDING,PENDING,7,1.7,71%,56.1,AI Suggestion
wall art for grey walls living room,https://aboutwallart.com/products/large-living-room-pictures-set-of-3-wall-art-prints,,PENDING,PENDING,47,6.6,57%,56.1,AI Suggestion
decoration islamic,https://aboutwallart.com/collections/wall-islamic-art,,PENDING,KEEP,102,11.4,50%,63.6,AI Suggestion
decoration islamic,https://aboutwallart.com/products/islamic-wall-art-in-the-uk-set-of-2-wall-art-prints?variant=44621641744670&country=GB&currency=GBP&utm_medium=product_sync&utm_source=google&utm_content=sag_organic&utm_campaign=sag_organic,,PENDING,LINK,2,1.0,50%,44.6,AI Suggestion
decoration islamic,https://aboutwallart.com/products/office-wall-decorations-set-of-3-framed-wall-art-prints?pr_prod_strat=use_description&pr_rec_id=3499e27c1&pr_rec_pid=8167998587166&pr_ref_pid=8167999963422&pr_seq=uniform,,PENDING,LINK,2,1.3,50%,44.4,AI Suggestion
decoration islamic,https://aboutwallart.com/blogs/news-articles-home-decor-inspiration/top-5-islamic-art-wall-ideas-revealed,,PENDING,LINK,19,7.3,50%,43.5,AI Suggestion
decoration islamic,https://aboutwallart.com/products/islamic-wall-art-in-the-uk-set-of-2-wall-art-prints,,PENDING,LINK,18,7.0,50%,43.4,AI Suggestion
decoration islamic,https://aboutwallart.com/products/islamic-wall-art-with-frame-for-living-room-set-of-3-prints,,PENDING,PENDING,13,6.5,50%,42.4,AI Suggestion
decoration islamic,https://aboutwallart.com/products/ramadan-mubarak-decorations-for-bedroom-set-of-3-wall-art-prints?variant=55160762761596&country=GB&currency=GBP,,PENDING,PENDING,1,3.6,50%,41.7,AI Suggestion
decoration islamic,https://aboutwallart.com/blogs/news-articles-home-decor-inspiration/dive-into-the-rich-history-of-islamic-calligraphy-wall-art,,PENDING,PENDING,11,7.3,50%,41.0,AI Suggestion
decoration islamic,https://aboutwallart.com/products/bathroom-wall-decoration-set-of-2-framed-wall-art-prints,,PENDING,PENDING,1,4.7,50%,40.6,AI Suggestion
decoration islamic,https://aboutwallart.com/products/islamic-prints-wall-art-for-hallway-decor?variant=47756502008094&country=GB&currency=GBP,,PENDING,PENDING,1,5.1,50%,40.2,AI Suggestion
colour symbolism,https://aboutwallart.com/blogs/news-articles-home-decor-inspiration/what-colour-goes-with-grey-walls-essential-tips,,PENDING,KEEP,728,5.0,50%,70.0,AI Suggestion
colour symbolism,https://aboutwallart.com/blogs/news-articles-home-decor-inspiration/cherry-blossom-art-japan-understanding-the-deep-symbolism,,PENDING,LINK,114,6.4,50%,68.6,AI Suggestion
colour symbolism,https://aboutwallart.com/blogs/news-articles-home-decor-inspiration/understanding-art-color-meaning-emotions-symbolism,,PENDING,LINK,138,7.3,50%,67.8,AI Suggestion
colour symbolism,https://aboutwallart.com/blogs/news-articles-home-decor-inspiration/colour-trends-for-2026-paint-shades-designers-recommend,,PENDING,LINK,8,4.6,50%,42.8,AI Suggestion
colour symbolism,https://aboutwallart.com/blogs/news-articles-home-decor-inspiration/wall-art-pictures-for-living-room-grounded-neutral-colours,,PENDING,LINK,17,7.5,50%,42.6,AI Suggestion
colour symbolism,https://aboutwallart.com/blogs/news-articles-home-decor-inspiration/how-to-decorate-with-greige-colours-the-blend-of-grey-beige,,PENDING,PENDING,21,8.8,50%,42.5,AI Suggestion
colour symbolism,https://aboutwallart.com/collections/teal-colour-wall-art,,PENDING,PENDING,16,9.0,50%,40.8,AI Suggestion
colour symbolism,https://aboutwallart.com/blogs/news-articles-home-decor-inspiration/how-to-add-personality-with-nursery-colours,,PENDING,PENDING,15,9.0,50%,40.5,AI Suggestion
colour symbolism,https://aboutwallart.com/blogs/news-articles-home-decor-inspiration/kitchen-trends-for-2026-colours-layouts-and-must-have-features/,,PENDING,PENDING,5,6.6,50%,39.9,AI Suggestion
colour symbolism,https://aboutwallart.com/blogs/news-articles-home-decor-inspiration/lighting-challenges-when-using-a-deep-winter-colour-palette,,PENDING,PENDING,1,6.0,50%,39.3,AI Suggestion
decoration islamique,https://aboutwallart.com/products/office-wall-decorations-set-of-3-framed-wall-art-prints?pr_prod_strat=use_description&pr_rec_id=3499e27c1&pr_rec_pid=8167998587166&pr_ref_pid=8167999963422&pr_seq=uniform,,PENDING,KEEP,2,1.3,50%,44.4,AI Suggestion
decoration islamique,https://aboutwallart.com/products/ramadan-mubarak-decorations-for-bedroom-set-of-3-wall-art-prints?variant=55160762761596&country=GB&currency=GBP,,PENDING,LINK,1,3.6,50%,41.7,AI Suggestion
decoration islamique,https://aboutwallart.com/products/bathroom-wall-decoration-set-of-2-framed-wall-art-prints,,PENDING,LINK,1,4.7,50%,40.6,AI Suggestion
decoration islamique,https://aboutwallart.com/blogs/news-articles-home-decor-inspiration/never-too-small-wall-decoration-office-ideas-for-apartments,,PENDING,LINK,7,7.3,50%,39.8,AI Suggestion
decoration islamique,https://aboutwallart.com/blogs/news-articles-home-decor-inspiration/creative-toilet-decorations-to-elevate-your-small-bathroom,,PENDING,LINK,7,7.4,50%,39.7,AI Suggestion
decoration islamique,https://aboutwallart.com/products/ramadan-decoration-ideas-set-of-3-wall-art-prints,,PENDING,PENDING,2,7.0,50%,38.6,AI Suggestion
decoration islamique,https://aboutwallart.com/blogs/news-articles-home-decor-inspiration/main-bedroom-decoration-ideas-for-comfort-and-style,,PENDING,PENDING,1,7.6,50%,37.7,AI Suggestion
decoration islamique,https://aboutwallart.com/products/coffee-shop-decorations-set-of-3-wall-art-prints,,PENDING,PENDING,3,8.3,50%,37.5,AI Suggestion
decoration islamique,https://aboutwallart.com/products/eid-mubarak-decorations-wall-art-print?pr_prod_strat=copurchase_transfer_learning&pr_rec_id=fe19bae29&pr_rec_pid=8167986626846&pr_ref_pid=8167982137630&pr_seq=uniform,,PENDING,PENDING,1,8.7,50%,36.6,AI Suggestion
decoration islamique,https://aboutwallart.com/blogs/news-articles-home-decor-inspiration/creative-childrens-room-wall-decorations,,PENDING,PENDING,2,9.3,50%,36.4,AI Suggestion
pictures for a living room wall,https://aboutwallart.com/collections/framed-wall-pictures-for-living-room,,PENDING,KEEP,198,7.8,100%,92.2,AI Suggestion
pictures for a living room wall,https://aboutwallart.com/blogs/news-articles-home-decor-inspiration/stylish-behind-toilet-decor-5-ideas-to-transform-your-small-bathroom,,PENDING,LINK,242,5.3,60%,74.7,AI Suggestion
pictures for a living room wall,https://aboutwallart.com/blogs/news-articles-home-decor-inspiration/bathroom-art-ideas-to-transform-your-bathroom-into-an-oasis,,PENDING,LINK,225,8.4,60%,71.6,AI Suggestion
pictures for a living room wall,https://aboutwallart.com/products/floral-large-wall-prints-for-a-living-room-set-of-3-wall-art-prints,,PENDING,REPURPOSE,64,9.1,80%,70.1,AI Suggestion
pictures for a living room wall,https://aboutwallart.com/blogs/news-articles-home-decor-inspiration/wall-art-pictures-for-living-room-grounded-neutral-colours,,PENDING,LINK,17,7.5,100%,67.6,AI Suggestion
pictures for a living room wall,https://aboutwallart.com/products/large-living-room-pictures-set-of-3-wall-art-prints,,PENDING,PENDING,47,6.6,80%,67.5,AI Suggestion
pictures for a living room wall,https://aboutwallart.com/blogs/news-articles-home-decor-inspiration/how-i-used-canvas-pictures-for-living-rooms,,PENDING,PENDING,20,9.0,100%,67.0,AI Suggestion
pictures for a living room wall,https://aboutwallart.com/products/big-pictures-for-living-room-set-of-2-wall-art,,PENDING,PENDING,7,6.4,100%,65.7,AI Suggestion
pictures for a living room wall,https://aboutwallart.com/products/london-wall-pictures-for-living-room-ideas-set-of-3-wall-art-prints,,PENDING,PENDING,8,7.6,100%,64.8,AI Suggestion
pictures for a living room wall,https://aboutwallart.com/blogs/news-articles-home-decor-inspiration/canvas-paintings-for-living-room,,PENDING,PENDING,43,9.4,80%,63.5,AI Suggestion
old money style furniture,https://aboutwallart.com/blogs/news-articles-home-decor-inspiration/old-money-style-interiors-classic-design-trends,,PENDING,KEEP,299,6.4,75%,81.1,AI Suggestion
old money style furniture,https://aboutwallart.com/pages/old-money-home-decor,,PENDING,LINK,26,7.6,50%,45.2,AI Suggestion
types of wall art styles,https://aboutwallart.com/blogs/news-articles-home-decor-inspiration/types-of-wall-art,,PENDING,KEEP,209,6.6,75%,80.9,AI Suggestion
types of wall art styles,https://aboutwallart.com/blogs/news-articles-home-decor-inspiration/how-to-mix-and-blend-different-art-style-types,,PENDING,LINK,107,7.7,75%,79.8,AI Suggestion
types of wall art styles,https://aboutwallart.com/blogs/news-articles-home-decor-inspiration/what-is-the-3-5-7-rule-in-decorating,,PENDING,LINK,1489,2.8,50%,72.2,AI Suggestion
types of wall art styles,https://aboutwallart.com/blogs/news-articles-home-decor-inspiration/do-beige-and-grey-go-together-heres-how-to-make-it-work,,PENDING,LINK,1362,4.3,50%,70.7,AI Suggestion
types of wall art styles,https://aboutwallart.com/blogs/news-articles-home-decor-inspiration/what-colour-goes-with-grey-walls-essential-tips,,PENDING,LINK,728,5.0,50%,70.0,AI Suggestion
types of wall art styles,https://aboutwallart.com/blogs/news-articles-home-decor-inspiration/stylish-behind-toilet-decor-5-ideas-to-transform-your-small-bathroom,,PENDING,PENDING,242,5.3,50%,69.7,AI Suggestion
types of wall art styles,https://aboutwallart.com/blogs/news-articles-home-decor-inspiration/choosing-the-right-art-for-grey-walls,,PENDING,PENDING,213,5.7,50%,69.3,AI Suggestion
types of wall art styles,https://aboutwallart.com/blogs/news-articles-home-decor-inspiration/moisture-resistant-restroom-wall-art-what-actually-works,,PENDING,PENDING,538,5.8,50%,69.2,AI Suggestion
types of wall art styles,https://aboutwallart.com/blogs/news-articles-home-decor-inspiration/how-bedroom-wall-art-ideas-can-impact-your-quality-of-rest,,PENDING,PENDING,107,6.1,50%,68.9,AI Suggestion
types of wall art styles,https://aboutwallart.com/blogs/news-articles-home-decor-inspiration/old-money-style-interiors-classic-design-trends,,PENDING,PENDING,299,6.4,50%,68.6,AI Suggestion
large wall art for high ceilings,https://aboutwallart.com/blogs/news-articles-home-decor-inspiration/wall-art-for-high-ceilings-7-creative-ideas,,PENDING,KEEP,288,6.4,83%,85.3,AI Suggestion
large wall art for high ceilings,https://aboutwallart.com/blogs/news-articles-home-decor-inspiration/stylish-behind-toilet-decor-5-ideas-to-transform-your-small-bathroom,,PENDING,LINK,242,5.3,50%,69.7,AI Suggestion
large wall art for high ceilings,https://aboutwallart.com/blogs/news-articles-home-decor-inspiration/choosing-the-right-art-for-grey-walls,,PENDING,LINK,213,5.7,50%,69.3,AI Suggestion
large wall art for high ceilings,https://aboutwallart.com/blogs/news-articles-home-decor-inspiration/the-case-for-empty-spaces-when-less-truly-is-more,,PENDING,LINK,102,6.5,50%,68.5,AI Suggestion
large wall art for high ceilings,https://aboutwallart.com/blogs/news-articles-home-decor-inspiration/art-for-offices-inspiring-ideas-for-every-workspace,,PENDING,LINK,101,7.8,50%,67.2,AI Suggestion
large wall art for high ceilings,https://aboutwallart.com/collections/framed-wall-pictures-for-living-room,,PENDING,PENDING,198,7.8,50%,67.2,AI Suggestion
large wall art for high ceilings,https://aboutwallart.com/blogs/news-articles-home-decor-inspiration/bathroom-art-ideas-to-transform-your-bathroom-into-an-oasis,,PENDING,PENDING,225,8.4,50%,66.6,AI Suggestion
large wall art for high ceilings,https://aboutwallart.com/blogs/news-articles-home-decor-inspiration/determining-what-frame-size-do-i-need-for-my-space,,PENDING,PENDING,200,9.1,50%,65.9,AI Suggestion
large wall art for high ceilings,https://aboutwallart.com/pages/write-for-us,,PENDING,PENDING,496,11.1,50%,63.9,AI Suggestion
large wall art for high ceilings,https://aboutwallart.com/products/floral-large-wall-prints-for-a-living-room-set-of-3-wall-art-prints,,PENDING,PENDING,64,9.1,67%,63.5,AI Suggestion
write for us + interior design,https://aboutwallart.com/blogs/news-articles-home-decor-inspiration/old-money-style-interiors-classic-design-trends,,PENDING,KEEP,299,6.4,50%,68.6,AI Suggestion
write for us + interior design,https://aboutwallart.com/pages/write-for-us,,PENDING,LINK,496,11.1,50%,63.9,AI Suggestion
write for us + interior design,https://aboutwallart.com/blogs/news-articles-home-decor-inspiration/asian-home-decor-ideas-for-tranquil-nature-led-interiors,,PENDING,LINK,66,8.6,50%,56.2,AI Suggestion
write for us + interior design,https://aboutwallart.com/blogs/news-articles-home-decor-inspiration/a-guide-to-a-different-type-of-interior-design-for-a-calming-home,,PENDING,LINK,3,6.7,75%,51.7,AI Suggestion
write for us + interior design,https://aboutwallart.com/blogs/news-articles-home-decor-inspiration/interior-design-ideas-for-bedrooms-creating-your-sanctuary,,PENDING,LINK,5,7.9,75%,51.1,AI Suggestion
write for us + interior design,https://aboutwallart.com/blogs/news-articles-home-decor-inspiration/top-interior-design-trends-to-watch-for-in-the-coming-year,,PENDING,PENDING,1,8.8,75%,49.0,AI Suggestion
write for us + interior design,https://aboutwallart.com/blogs/news-articles-home-decor-inspiration/transform-your-interior-design-of-house-how-wall-art-creates-a-calm-home,,PENDING,PENDING,1,10.7,75%,47.1,AI Suggestion
write for us + interior design,https://aboutwallart.com/blogs/news-articles-home-decor-inspiration/understanding-art-in-interior-design,,PENDING,PENDING,34,10.0,50%,45.2,AI Suggestion
write for us + interior design,https://aboutwallart.com/blogs/news-articles-home-decor-inspiration/list-of-interior-design-styles-find-the-perfect-look-for-your-home,,PENDING,PENDING,4,13.6,75%,45.2,AI Suggestion
write for us + interior design,https://aboutwallart.com/blogs/news-articles-home-decor-inspiration/kitchen-wall-art-expert-interior-design-tips-trends-2026,,PENDING,PENDING,15,5.9,50%,43.6,AI Suggestion
bathroom safe art,https://aboutwallart.com/blogs/news-articles-home-decor-inspiration/stylish-behind-toilet-decor-5-ideas-to-transform-your-small-bathroom,,PENDING,KEEP,242,5.3,67%,78.0,AI Suggestion
bathroom safe art,https://aboutwallart.com/blogs/news-articles-home-decor-inspiration/decorating-above-toilet-stylish-ideas-to-elevate-your-bathroom,,PENDING,LINK,139,6.5,67%,76.8,AI Suggestion
bathroom safe art,https://aboutwallart.com/blogs/news-articles-home-decor-inspiration/bathroom-art-ideas-to-transform-your-bathroom-into-an-oasis,,PENDING,LINK,225,8.4,67%,74.9,AI Suggestion
bathroom safe art,https://aboutwallart.com/blogs/news-articles-home-decor-inspiration/bathroom-wall-decor-ideas-for-spa-like-spaces,,PENDING,LINK,26,8.1,67%,53.1,AI Suggestion
bathroom safe art,https://aboutwallart.com/products/bathroom-artwork-prints-set-of-3-framed-wall-art-prints?pr_prod_strat=pinned&pr_rec_id=2502a320f&pr_rec_pid=8167972241694&pr_ref_pid=8167972897054&pr_seq=uniform,,PENDING,LINK,2,1.0,67%,52.9,AI Suggestion
bathroom safe art,https://aboutwallart.com/blogs/news-articles-home-decor-inspiration/solving-moisture-problems-with-safe-bathtub-decor-ideas,,PENDING,PENDING,22,7.3,67%,52.6,AI Suggestion
bathroom safe art,https://aboutwallart.com/products/framed-art-for-bathroom-set-of-3-green-botanical-wall-art?variant=47153193156894,,PENDING,PENDING,1,1.1,67%,52.5,AI Suggestion
bathroom safe art,https://aboutwallart.com/products/art-prints-for-the-bathroom-set-of-3-wall-art-prints?pr_prod_strat=e5_desc&pr_rec_id=2d9082061&pr_rec_pid=8167974273310&pr_ref_pid=8167974076702&pr_seq=uniform,,PENDING,PENDING,1,1.2,67%,52.4,AI Suggestion
bathroom safe art,https://aboutwallart.com/products/modern-bathroom-wall-decor-ideas-set-of-3-wall-art-prints?pr_prod_strat=e5_desc&pr_rec_id=0793c8f3f&pr_rec_pid=8517977899294&pr_ref_pid=8807650459934&pr_seq=uniform,,PENDING,PENDING,1,1.2,67%,52.4,AI Suggestion
bathroom safe art,https://aboutwallart.com/products/art-for-a-bathrooms-set-of-3-framed-wall-art?pr_prod_strat=e5_desc&pr_rec_id=2d9082061&pr_rec_pid=8566718071070&pr_ref_pid=8167974076702&pr_seq=uniform,,PENDING,PENDING,1,1.3,67%,52.3,AI Suggestion
colour and emotion in art,https://aboutwallart.com/blogs/news-articles-home-decor-inspiration/understanding-art-color-meaning-emotions-symbolism,,PENDING,KEEP,138,7.3,75%,80.3,AI Suggestion
colour and emotion in art,https://aboutwallart.com/blogs/news-articles-home-decor-inspiration/do-beige-and-grey-go-together-heres-how-to-make-it-work,,PENDING,LINK,1362,4.3,50%,70.7,AI Suggestion
colour and emotion in art,https://aboutwallart.com/blogs/news-articles-home-decor-inspiration/what-colour-goes-with-grey-walls-essential-tips,,PENDING,LINK,728,5.0,50%,70.0,AI Suggestion
colour and emotion in art,https://aboutwallart.com/blogs/news-articles-home-decor-inspiration/cherry-blossom-art-japan-understanding-the-deep-symbolism,,PENDING,LINK,114,6.4,50%,68.6,AI Suggestion
colour and emotion in art,https://aboutwallart.com/blogs/news-articles-home-decor-inspiration/how-to-mix-and-blend-different-art-style-types,,PENDING,LINK,107,7.7,50%,67.3,AI Suggestion
colour and emotion in art,https://aboutwallart.com/blogs/news-articles-home-decor-inspiration/small-studio-apartment-decor-10-genius-tips-and-hacks,,PENDING,PENDING,98,7.2,50%,67.2,AI Suggestion
colour and emotion in art,https://aboutwallart.com/blogs/news-articles-home-decor-inspiration/transforming-spaces-the-power-of-japan-prints-and-feng-shui,,PENDING,PENDING,64,7.8,50%,56.4,AI Suggestion
colour and emotion in art,https://aboutwallart.com/blogs/news-articles-home-decor-inspiration/kitchen-trends-for-2026-colours-layouts-and-must-have-features/,,PENDING,PENDING,5,6.6,75%,52.4,AI Suggestion
colour and emotion in art,https://aboutwallart.com/blogs/news-articles-home-decor-inspiration/kitchen-trends-for-2026-colours-layouts-and-must-have-features,,PENDING,PENDING,2,6.9,75%,51.2,AI Suggestion
colour and emotion in art,https://aboutwallart.com/blogs/news-articles-home-decor-inspiration/japandi-home-decor-a-calm-blend-of-east-meets-west,,PENDING,PENDING,40,7.7,50%,49.3,AI Suggestion
modern living room ideas,https://aboutwallart.com/blogs/news-articles-home-decor-inspiration/stylish-behind-toilet-decor-5-ideas-to-transform-your-small-bathroom,,PENDING,KEEP,242,5.3,50%,69.7,AI Suggestion
modern living room ideas,https://aboutwallart.com/blogs/news-articles-home-decor-inspiration/how-bedroom-wall-art-ideas-can-impact-your-quality-of-rest,,PENDING,LINK,107,6.1,50%,68.9,AI Suggestion
modern living room ideas,https://aboutwallart.com/blogs/news-articles-home-decor-inspiration/decorating-above-toilet-stylish-ideas-to-elevate-your-bathroom,,PENDING,LINK,139,6.5,50%,68.5,AI Suggestion
modern living room ideas,https://aboutwallart.com/blogs/news-articles-home-decor-inspiration/masculine-home-decor-stylish-ideas-to-elevate-any-modern-space,,PENDING,LINK,145,7.2,50%,67.8,AI Suggestion
modern living room ideas,https://aboutwallart.com/collections/framed-wall-pictures-for-living-room,,PENDING,LINK,198,7.8,50%,67.2,AI Suggestion
modern living room ideas,https://aboutwallart.com/blogs/news-articles-home-decor-inspiration/bathroom-art-ideas-to-transform-your-bathroom-into-an-oasis,,PENDING,PENDING,225,8.4,50%,66.6,AI Suggestion
modern living room ideas,https://aboutwallart.com/products/modern-laundry-room-ideas-set-of-3-wall-art-prints,,PENDING,PENDING,26,4.6,75%,60.7,AI Suggestion
modern living room ideas,https://aboutwallart.com/products/modern-bathroom-wall-decor-ideas-set-of-3-wall-art-prints?pr_prod_strat=e5_desc&pr_rec_id=0793c8f3f&pr_rec_pid=8517977899294&pr_ref_pid=8807650459934&pr_seq=uniform,,PENDING,PENDING,1,1.2,75%,56.6,AI Suggestion
modern living room ideas,https://aboutwallart.com/products/modern-bathroom-wall-decor-ideas-set-of-3-wall-art-prints,,PENDING,PENDING,13,6.1,75%,55.3,AI Suggestion
modern living room ideas,https://aboutwallart.com/products/floral-large-wall-prints-for-a-living-room-set-of-3-wall-art-prints,,PENDING,PENDING,64,9.1,50%,55.1,AI Suggestion
what paint colour goes with grey,https://aboutwallart.com/blogs/news-articles-home-decor-inspiration/what-colour-goes-with-grey-walls-essential-tips,,PENDING,KEEP,728,5.0,83%,86.7,AI Suggestion
what paint colour goes with grey,https://aboutwallart.com/blogs/news-articles-home-decor-inspiration/how-to-decorate-with-greige-colours-the-blend-of-grey-beige,,PENDING,LINK,21,8.8,50%,42.5,AI Suggestion
interior design for living room,https://aboutwallart.com/collections/framed-wall-pictures-for-living-room,,PENDING,KEEP,198,7.8,60%,72.2,AI Suggestion
interior design for living room,https://aboutwallart.com/products/floral-large-wall-prints-for-a-living-room-set-of-3-wall-art-prints,,PENDING,LINK,64,9.1,60%,60.1,AI Suggestion
interior design for living room,https://aboutwallart.com/blogs/news-articles-home-decor-inspiration/interior-design-ideas-for-bedrooms-creating-your-sanctuary,,PENDING,LINK,5,7.9,80%,53.6,AI Suggestion
interior design for living room,https://aboutwallart.com/blogs/news-articles-home-decor-inspiration/canvas-paintings-for-living-room,,PENDING,LINK,43,9.4,60%,53.5,AI Suggestion
interior design for living room,https://aboutwallart.com/blogs/news-articles-home-decor-inspiration/what-are-the-key-home-interior-trends-2026-for-living-rooms,,PENDING,LINK,5,9.0,80%,52.5,AI Suggestion
interior design for living room,https://aboutwallart.com/products/wall-art-for-large-living-room-wall-set-of-3-floral-wall-art-prints,,PENDING,PENDING,30,8.2,60%,50.8,AI Suggestion
interior design for living room,https://aboutwallart.com/products/art-wall-for-living-room-set-of-3-wall-art-prints?pr_prod_strat=e5_desc&pr_rec_id=fbc83ae13&pr_rec_pid=8167993245982&pr_ref_pid=8167997440286&pr_seq=uniform,,PENDING,PENDING,7,1.7,60%,50.4,AI Suggestion
interior design for living room,https://aboutwallart.com/products/Framed-prints-living-room-set-of-3-framed-wall-art?pr_prod_strat=pinned&pr_rec_id=f88259ac0&pr_rec_pid=8168006418718&pr_ref_pid=8168006713630&pr_seq=uniform,,PENDING,PENDING,1,1.0,60%,49.3,AI Suggestion
interior design for living room,https://aboutwallart.com/products/new-york-white-and-black-art-for-living-room-set-of-3-wall-art-prints,,PENDING,PENDING,18,6.4,60%,49.0,AI Suggestion
interior design for living room,https://aboutwallart.com/blogs/news-articles-home-decor-inspiration/wall-art-pictures-for-living-room-grounded-neutral-colours,,PENDING,PENDING,17,7.5,60%,47.6,AI Suggestion
old money apartment decor,https://aboutwallart.com/blogs/news-articles-home-decor-inspiration/old-money-style-interiors-classic-design-trends,,PENDING,KEEP,299,6.4,75%,81.1,AI Suggestion
old money apartment decor,https://aboutwallart.com/blogs/news-articles-home-decor-inspiration/small-studio-apartment-decor-10-genius-tips-and-hacks,,PENDING,LINK,98,7.2,50%,67.2,AI Suggestion
old money apartment decor,https://aboutwallart.com/pages/old-money-home-decor,,PENDING,LINK,26,7.6,75%,57.7,AI Suggestion
old money apartment decor,https://aboutwallart.com/products/bathroom-decor-in-black-an-gold-set-of-3-framed-wall-art,,PENDING,LINK,10,4.8,50%,43.2,AI Suggestion
old money apartment decor,https://aboutwallart.com/blogs/news-articles-home-decor-inspiration/bold-vs-muted-color-trends,,PENDING,LINK,13,6.6,50%,42.3,AI Suggestion
old money apartment decor,https://aboutwallart.com/blogs/news-articles-home-decor-inspiration/studio-apartment-ideas-small-space-design-solutions-for-2026,,PENDING,PENDING,4,4.3,50%,41.9,AI Suggestion
old money apartment decor,https://aboutwallart.com/blogs/news-articles-home-decor-inspiration/first-apartment-essentials-ultimate-guide,,PENDING,PENDING,30,12.4,50%,41.6,AI Suggestion
old money apartment decor,https://aboutwallart.com/products/bathroom-decor-in-black-an-gold-set-of-3-framed-wall-art?variant=55849616245116,,PENDING,PENDING,1,4.1,50%,41.2,AI Suggestion
old money apartment decor,https://aboutwallart.com/blogs/news-articles-home-decor-inspiration/never-too-small-wall-decoration-office-ideas-for-apartments,,PENDING,PENDING,7,7.3,50%,39.8,AI Suggestion
old money apartment decor,https://aboutwallart.com/products/bathroom-decor-in-black-an-gold-set-of-3-framed-wall-art?variant=55849616310652,,PENDING,PENDING,1,5.9,50%,39.4,AI Suggestion
house beautiful,https://aboutwallart.com/products/farmhouse-prints-for-a-bathroom-set-of-3-wall-art?pr_prod_strat=pinned&pr_rec_id=49a17ecea&pr_rec_pid=8811305828638&pr_ref_pid=9014023455006&pr_seq=uniform,,PENDING,KEEP,5,3.6,50%,42.9,AI Suggestion
house beautiful,https://aboutwallart.com/products/farmhouse-prints-for-a-bathroom-set-of-3-wall-art?pr_prod_strat=e5_desc&pr_rec_id=44820f8bd&pr_rec_pid=8811305828638&pr_ref_pid=8809464758558&pr_seq=uniform,,PENDING,LINK,2,3.8,50%,41.9,AI Suggestion
house beautiful,https://aboutwallart.com/products/modern-beach-house-decor-set-of-3-wall-art-prints,,PENDING,LINK,10,6.6,50%,41.4,AI Suggestion
house beautiful,https://aboutwallart.com/blogs/news-articles-home-decor-inspiration/from-blank-to-beautiful-gallery-wall-ideas-for-huge-walls,,PENDING,LINK,14,7.9,50%,41.3,AI Suggestion
house beautiful,https://aboutwallart.com/blogs/news-articles-home-decor-inspiration/wall-art-interior-styling-how-to-create-cohesive-calm-beautiful-home-interiors,,PENDING,LINK,4,6.4,50%,39.8,AI Suggestion
house beautiful,https://aboutwallart.com/products/farmhouse-decor-bedroom-set-of-3-wall-art-prints,,PENDING,PENDING,10,8.5,50%,39.5,AI Suggestion
house beautiful,https://aboutwallart.com/products/full-house-wall-art-bundle-decor-for-every-room-in-a-3-bedroom-home-copy-1,,PENDING,PENDING,1,6.9,50%,38.4,AI Suggestion
house beautiful,https://aboutwallart.com/blogs/news-articles-home-decor-inspiration/designing-impactful-gallery-walls-for-modern-homes-10-beautiful-gallery-wall-ideas,,PENDING,PENDING,4,8.5,50%,37.7,AI Suggestion
house beautiful,https://aboutwallart.com/blogs/news-articles-home-decor-inspiration/laundry-room-decor-tips-for-a-functional-and-beautiful-space,,PENDING,PENDING,3,8.2,50%,37.7,AI Suggestion
house beautiful,https://aboutwallart.com/blogs/news-articles-home-decor-inspiration/essential-tips-for-moving-house,,PENDING,PENDING,2,8.6,50%,37.0,AI Suggestion
wall mounted shoe horn,https://aboutwallart.com/products/zack-calzo-premium-brushed-steel-shoe-horn-wall-mounted-55cm,,PENDING,KEEP,1,5.5,100%,64.8,AI Suggestion
wall mounted shoe horn,https://aboutwallart.com/products/industrial-pipe-clothing-rack-heavy-duty-wall-mounted-garment-bar-open-wardrobe-storage-adjustable-90-cm-135-cm-108cm?variant=55927962763644,,PENDING,LINK,2,1.2,50%,44.4,AI Suggestion
wall mounted shoe horn,https://aboutwallart.com/products/magnetic-adsorption-refrigerator-side-rack-wall-mounted-multi-function-storage-holder?pr_prod_strat=e5_desc&pr_rec_id=c8fd30af7&pr_rec_pid=15684717281660&pr_ref_pid=15684724195708&pr_seq=uniform,,PENDING,LINK,1,5.0,50%,40.3,AI Suggestion
wall mounted shoe horn,https://aboutwallart.com/products/industrial-pipe-clothing-rack-wall-mounted-wood-shelf-pipe-shelving-floating-shelves-retail-garment-rack-display-rack-clothes?pr_prod_strat=pinned&pr_rec_id=9f9081e8c&pr_rec_pid=15684717740412&pr_ref_pid=15684717379964&pr_seq=uniform,,PENDING,LINK,1,7.5,50%,37.8,AI Suggestion
wall mounted shoe horn,https://aboutwallart.com/products/industrial-pipe-clothing-rack-heavy-duty-wall-mounted-garment-bar-open-wardrobe-storage-adjustable-90-cm-135-cm-108cm,,PENDING,LINK,3,11.0,50%,34.9,AI Suggestion
wall mounted shoe horn,https://aboutwallart.com/products/backlit-smart-led-bathroom-mirror-oval-dimmable-3-colors-anti-fog-mirrors-with-light-memory-ip65-cri95-large-wall-mounted?pr_prod_strat=pinned&pr_rec_id=46f7428b2&pr_rec_pid=15684721934716&pr_ref_pid=15684721836412&pr_seq=uniform,,PENDING,PENDING,1,10.6,50%,34.7,AI Suggestion
wall mounted shoe horn,https://aboutwallart.com/products/industrial-pipe-clothing-rack-wall-mounted-wood-shelf-pipe-shelving-floating-shelves-retail-garment-rack-display-rack-clothes,,PENDING,PENDING,1,10.9,50%,34.4,AI Suggestion
home decor guest post,https://aboutwallart.com/blogs/news-articles-home-decor-inspiration/what-is-the-3-5-7-rule-in-decorating,,PENDING,KEEP,1489,2.8,50%,72.2,AI Suggestion
home decor guest post,https://aboutwallart.com/blogs/news-articles-home-decor-inspiration/do-beige-and-grey-go-together-heres-how-to-make-it-work,,PENDING,LINK,1362,4.3,50%,70.7,AI Suggestion
home decor guest post,https://aboutwallart.com/blogs/news-articles-home-decor-inspiration/what-colour-goes-with-grey-walls-essential-tips,,PENDING,LINK,728,5.0,50%,70.0,AI Suggestion
home decor guest post,https://aboutwallart.com/blogs/news-articles-home-decor-inspiration/stylish-behind-toilet-decor-5-ideas-to-transform-your-small-bathroom,,PENDING,LINK,242,5.3,50%,69.7,AI Suggestion
home decor guest post,https://aboutwallart.com/blogs/news-articles-home-decor-inspiration/choosing-the-right-art-for-grey-walls,,PENDING,LINK,213,5.7,50%,69.3,AI Suggestion
home decor guest post,https://aboutwallart.com/blogs/news-articles-home-decor-inspiration/moisture-resistant-restroom-wall-art-what-actually-works,,PENDING,PENDING,538,5.8,50%,69.2,AI Suggestion
home decor guest post,https://aboutwallart.com/blogs/news-articles-home-decor-inspiration/how-bedroom-wall-art-ideas-can-impact-your-quality-of-rest,,PENDING,PENDING,107,6.1,50%,68.9,AI Suggestion
home decor guest post,https://aboutwallart.com/blogs/news-articles-home-decor-inspiration/old-money-style-interiors-classic-design-trends,,PENDING,PENDING,299,6.4,50%,68.6,AI Suggestion
home decor guest post,https://aboutwallart.com/blogs/news-articles-home-decor-inspiration/wall-art-for-high-ceilings-7-creative-ideas,,PENDING,PENDING,288,6.4,50%,68.6,AI Suggestion
home decor guest post,https://aboutwallart.com/blogs/news-articles-home-decor-inspiration/cherry-blossom-art-japan-understanding-the-deep-symbolism,,PENDING,PENDING,114,6.4,50%,68.6,AI Suggestion
japanese wall art set of 3,https://aboutwallart.com/blogs/news-articles-home-decor-inspiration/what-is-the-3-5-7-rule-in-decorating,,PENDING,KEEP,1489,2.8,50%,72.2,AI Suggestion
japanese wall art set of 3,https://aboutwallart.com/blogs/news-articles-home-decor-inspiration/do-beige-and-grey-go-together-heres-how-to-make-it-work,,PENDING,LINK,1362,4.3,50%,70.7,AI Suggestion
japanese wall art set of 3,https://aboutwallart.com/blogs/news-articles-home-decor-inspiration/what-colour-goes-with-grey-walls-essential-tips,,PENDING,LINK,728,5.0,50%,70.0,AI Suggestion
japanese wall art set of 3,https://aboutwallart.com/blogs/news-articles-home-decor-inspiration/stylish-behind-toilet-decor-5-ideas-to-transform-your-small-bathroom,,PENDING,LINK,242,5.3,50%,69.7,AI Suggestion
japanese wall art set of 3,https://aboutwallart.com/blogs/news-articles-home-decor-inspiration/choosing-the-right-art-for-grey-walls,,PENDING,LINK,213,5.7,50%,69.3,AI Suggestion
japanese wall art set of 3,https://aboutwallart.com/blogs/news-articles-home-decor-inspiration/moisture-resistant-restroom-wall-art-what-actually-works,,PENDING,PENDING,538,5.8,50%,69.2,AI Suggestion
japanese wall art set of 3,https://aboutwallart.com/products/zen-bedroom-decor-set-of-3-japanese-wall-art?pr_prod_strat=e5_desc&pr_rec_id=29826fb0e&pr_rec_pid=9018015875358&pr_ref_pid=9015609622814&pr_seq=uniform,,PENDING,PENDING,2,1.6,100%,69.0,AI Suggestion
japanese wall art set of 3,https://aboutwallart.com/blogs/news-articles-home-decor-inspiration/how-bedroom-wall-art-ideas-can-impact-your-quality-of-rest,,PENDING,PENDING,107,6.1,50%,68.9,AI Suggestion
japanese wall art set of 3,https://aboutwallart.com/blogs/news-articles-home-decor-inspiration/old-money-style-interiors-classic-design-trends,,PENDING,PENDING,299,6.4,50%,68.6,AI Suggestion
japanese wall art set of 3,https://aboutwallart.com/blogs/news-articles-home-decor-inspiration/wall-art-for-high-ceilings-7-creative-ideas,,PENDING,PENDING,288,6.4,50%,68.6,AI Suggestion
color and emotion in art,https://aboutwallart.com/blogs/news-articles-home-decor-inspiration/understanding-art-color-meaning-emotions-symbolism,,PENDING,KEEP,138,7.3,100%,92.8,AI Suggestion
color and emotion in art,https://aboutwallart.com/blogs/news-articles-home-decor-inspiration/do-beige-and-grey-go-together-heres-how-to-make-it-work,,PENDING,LINK,1362,4.3,50%,70.7,AI Suggestion
color and emotion in art,https://aboutwallart.com/blogs/news-articles-home-decor-inspiration/cherry-blossom-art-japan-understanding-the-deep-symbolism,,PENDING,LINK,114,6.4,50%,68.6,AI Suggestion
color and emotion in art,https://aboutwallart.com/blogs/news-articles-home-decor-inspiration/how-to-mix-and-blend-different-art-style-types,,PENDING,LINK,107,7.7,50%,67.3,AI Suggestion
color and emotion in art,https://aboutwallart.com/blogs/news-articles-home-decor-inspiration/small-studio-apartment-decor-10-genius-tips-and-hacks,,PENDING,LINK,98,7.2,50%,67.2,AI Suggestion
color and emotion in art,https://aboutwallart.com/blogs/news-articles-home-decor-inspiration/soothing-color-palettes-7,,PENDING,PENDING,78,7.6,50%,60.8,AI Suggestion
color and emotion in art,https://aboutwallart.com/blogs/news-articles-home-decor-inspiration/transforming-spaces-the-power-of-japan-prints-and-feng-shui,,PENDING,PENDING,64,7.8,50%,56.4,AI Suggestion
color and emotion in art,https://aboutwallart.com/blogs/news-articles-home-decor-inspiration/japandi-home-decor-a-calm-blend-of-east-meets-west,,PENDING,PENDING,40,7.7,50%,49.3,AI Suggestion
color and emotion in art,https://aboutwallart.com/blogs/news-articles-home-decor-inspiration/color-psychology-in-art-how-shades-shape-emotion,,PENDING,PENDING,1,8.5,75%,49.3,AI Suggestion
color and emotion in art,https://aboutwallart.com/blogs/news-articles-home-decor-inspiration/using-black-accents-to-add-drama-and-depth-to-your-home,,PENDING,PENDING,34,6.3,50%,48.9,AI Suggestion
wall art ideas for bedroom,https://aboutwallart.com/blogs/news-articles-home-decor-inspiration/stylish-behind-toilet-decor-5-ideas-to-transform-your-small-bathroom,,PENDING,KEEP,242,5.3,80%,84.7,AI Suggestion
wall art ideas for bedroom,https://aboutwallart.com/blogs/news-articles-home-decor-inspiration/how-bedroom-wall-art-ideas-can-impact-your-quality-of-rest,,PENDING,REPURPOSE,107,6.1,80%,83.9,AI Suggestion
wall art ideas for bedroom,https://aboutwallart.com/blogs/news-articles-home-decor-inspiration/wall-art-for-high-ceilings-7-creative-ideas,,PENDING,REPURPOSE,288,6.4,80%,83.6,AI Suggestion
wall art ideas for bedroom,https://aboutwallart.com/blogs/news-articles-home-decor-inspiration/art-for-offices-inspiring-ideas-for-every-workspace,,PENDING,REPURPOSE,101,7.8,80%,82.2,AI Suggestion
wall art ideas for bedroom,https://aboutwallart.com/blogs/news-articles-home-decor-inspiration/bathroom-art-ideas-to-transform-your-bathroom-into-an-oasis,,PENDING,REPURPOSE,225,8.4,80%,81.6,AI Suggestion
wall art ideas for bedroom,https://aboutwallart.com/blogs/news-articles-home-decor-inspiration/choosing-the-right-art-for-grey-walls,,PENDING,PENDING,213,5.7,60%,74.3,AI Suggestion
wall art ideas for bedroom,https://aboutwallart.com/blogs/news-articles-home-decor-inspiration/top-8-hallway-art-ideas-to-transform-your-space,,PENDING,PENDING,75,8.7,80%,73.8,AI Suggestion
wall art ideas for bedroom,https://aboutwallart.com/blogs/news-articles-home-decor-inspiration/the-case-for-empty-spaces-when-less-truly-is-more,,PENDING,PENDING,102,6.5,60%,73.5,AI Suggestion
wall art ideas for bedroom,https://aboutwallart.com/blogs/news-articles-home-decor-inspiration/decorating-above-toilet-stylish-ideas-to-elevate-your-bathroom,,PENDING,PENDING,139,6.5,60%,73.5,AI Suggestion
wall art ideas for bedroom,https://aboutwallart.com/blogs/news-articles-home-decor-inspiration/masculine-home-decor-stylish-ideas-to-elevate-any-modern-space,,PENDING,PENDING,145,7.2,60%,72.8,AI Suggestion
black and white wall decor,https://aboutwallart.com/blogs/news-articles-home-decor-inspiration/do-beige-and-grey-go-together-heres-how-to-make-it-work,,PENDING,KEEP,1362,4.3,60%,75.7,AI Suggestion
black and white wall decor,https://aboutwallart.com/blogs/news-articles-home-decor-inspiration/cherry-blossom-art-japan-understanding-the-deep-symbolism,,PENDING,LINK,114,6.4,60%,73.6,AI Suggestion
black and white wall decor,https://aboutwallart.com/blogs/news-articles-home-decor-inspiration/creating-a-retreat-with-black-and-white-wall-art-for-bedroom,,PENDING,REPURPOSE,36,7.5,100%,73.3,AI Suggestion
black and white wall decor,https://aboutwallart.com/blogs/news-articles-home-decor-inspiration/understanding-art-color-meaning-emotions-symbolism,,PENDING,LINK,138,7.3,60%,72.8,AI Suggestion
black and white wall decor,https://aboutwallart.com/blogs/news-articles-home-decor-inspiration/how-to-mix-and-blend-different-art-style-types,,PENDING,LINK,107,7.7,60%,72.3,AI Suggestion
black and white wall decor,https://aboutwallart.com/blogs/news-articles-home-decor-inspiration/small-studio-apartment-decor-10-genius-tips-and-hacks,,PENDING,PENDING,98,7.2,60%,72.2,AI Suggestion
black and white wall decor,https://aboutwallart.com/blogs/news-articles-home-decor-inspiration/black-and-white-art-styles-and-how-to-use-them-at-home,,PENDING,PENDING,24,7.5,100%,69.7,AI Suggestion
black and white wall decor,https://aboutwallart.com/blogs/news-articles-home-decor-inspiration/black-and-white-magic-creating-galleries-framed-wall-art,,PENDING,PENDING,2,5.7,100%,65.0,AI Suggestion
black and white wall decor,https://aboutwallart.com/blogs/news-articles-home-decor-inspiration/using-black-accents-to-add-drama-and-depth-to-your-home,,PENDING,PENDING,34,6.3,80%,63.9,AI Suggestion
black and white wall decor,https://aboutwallart.com/blogs/news-articles-home-decor-inspiration/black-and-white-wall-art-expert-design-tips-and-inspiration,,PENDING,PENDING,2,7.1,100%,63.5,AI Suggestion
wall art ideas,https://aboutwallart.com/blogs/news-articles-home-decor-inspiration/stylish-behind-toilet-decor-5-ideas-to-transform-your-small-bathroom,,PENDING,KEEP,242,5.3,100%,94.7,AI Suggestion
wall art ideas,https://aboutwallart.com/blogs/news-articles-home-decor-inspiration/how-bedroom-wall-art-ideas-can-impact-your-quality-of-rest,,PENDING,REPURPOSE,107,6.1,100%,93.9,AI Suggestion
wall art ideas,https://aboutwallart.com/blogs/news-articles-home-decor-inspiration/wall-art-for-high-ceilings-7-creative-ideas,,PENDING,REPURPOSE,288,6.4,100%,93.6,AI Suggestion
wall art ideas,https://aboutwallart.com/blogs/news-articles-home-decor-inspiration/decorating-above-toilet-stylish-ideas-to-elevate-your-bathroom,,PENDING,REPURPOSE,139,6.5,100%,93.5,AI Suggestion
wall art ideas,https://aboutwallart.com/blogs/news-articles-home-decor-inspiration/masculine-home-decor-stylish-ideas-to-elevate-any-modern-space,,PENDING,REPURPOSE,145,7.2,100%,92.8,AI Suggestion
wall art ideas,https://aboutwallart.com/blogs/news-articles-home-decor-inspiration/art-for-offices-inspiring-ideas-for-every-workspace,,PENDING,PENDING,101,7.8,100%,92.2,AI Suggestion
wall art ideas,https://aboutwallart.com/blogs/news-articles-home-decor-inspiration/bathroom-art-ideas-to-transform-your-bathroom-into-an-oasis,,PENDING,PENDING,225,8.4,100%,91.6,AI Suggestion
wall art ideas,https://aboutwallart.com/blogs/news-articles-home-decor-inspiration/top-8-hallway-art-ideas-to-transform-your-space,,PENDING,PENDING,75,8.7,100%,83.8,AI Suggestion
wall art ideas,https://aboutwallart.com/blogs/news-articles-home-decor-inspiration/asian-home-decor-ideas-for-tranquil-nature-led-interiors,,PENDING,PENDING,66,8.6,100%,81.2,AI Suggestion
wall art ideas,https://aboutwallart.com/blogs/news-articles-home-decor-inspiration/what-is-the-3-5-7-rule-in-decorating,,PENDING,PENDING,1489,2.8,67%,80.5,AI Suggestion
office art,https://aboutwallart.com/blogs/news-articles-home-decor-inspiration/art-for-offices-inspiring-ideas-for-every-workspace,,PENDING,KEEP,101,7.8,100%,92.2,AI Suggestion
office art,https://aboutwallart.com/blogs/news-articles-home-decor-inspiration/office-decor-ideas-10,,PENDING,LINK,59,10.9,100%,76.8,AI Suggestion
office art,https://aboutwallart.com/blogs/news-articles-home-decor-inspiration/what-is-the-3-5-7-rule-in-decorating,,PENDING,LINK,1489,2.8,50%,72.2,AI Suggestion
office art,https://aboutwallart.com/blogs/news-articles-home-decor-inspiration/do-beige-and-grey-go-together-heres-how-to-make-it-work,,PENDING,LINK,1362,4.3,50%,70.7,AI Suggestion
office art,https://aboutwallart.com/blogs/news-articles-home-decor-inspiration/what-colour-goes-with-grey-walls-essential-tips,,PENDING,LINK,728,5.0,50%,70.0,AI Suggestion
office art,https://aboutwallart.com/products/cherry-blossoms-wall-art-for-home-office-set-of-2?pr_prod_strat=pinned&pr_rec_id=3f3d85dbc&pr_rec_pid=8167992262942&pr_ref_pid=8167992099102&pr_seq=uniform,,PENDING,PENDING,3,1.0,100%,69.9,AI Suggestion
office art,https://aboutwallart.com/blogs/news-articles-home-decor-inspiration/stylish-behind-toilet-decor-5-ideas-to-transform-your-small-bathroom,,PENDING,PENDING,242,5.3,50%,69.7,AI Suggestion
office art,https://aboutwallart.com/products/office-wall-decorations-set-of-3-framed-wall-art-prints?pr_prod_strat=use_description&pr_rec_id=3499e27c1&pr_rec_pid=8167998587166&pr_ref_pid=8167999963422&pr_seq=uniform,,PENDING,PENDING,2,1.3,100%,69.3,AI Suggestion
office art,https://aboutwallart.com/blogs/news-articles-home-decor-inspiration/choosing-the-right-art-for-grey-walls,,PENDING,PENDING,213,5.7,50%,69.3,AI Suggestion
office art,https://aboutwallart.com/blogs/news-articles-home-decor-inspiration/moisture-resistant-restroom-wall-art-what-actually-works,,PENDING,PENDING,538,5.8,50%,69.2,AI Suggestion
what colors go with grey,https://aboutwallart.com/blogs/news-articles-home-decor-inspiration/what-colour-goes-with-grey-walls-essential-tips,,PENDING,KEEP,728,5.0,75%,82.5,AI Suggestion
what colors go with grey,https://aboutwallart.com/blogs/news-articles-home-decor-inspiration/colors-that-go-with-grey-perfect-combinations-for-home-decor,,PENDING,LINK,12,13.1,75%,48.1,AI Suggestion
what colors go with grey,https://aboutwallart.com/blogs/news-articles-home-decor-inspiration/what-to-do-when-your-home-lacks-natural-light-decorate-with-living-room-wall-hangings,,PENDING,LINK,30,8.4,50%,45.6,AI Suggestion
what colors go with grey,https://aboutwallart.com/blogs/news-articles-home-decor-inspiration/how-to-decorate-with-greige-colours-the-blend-of-grey-beige,,PENDING,LINK,21,8.8,50%,42.5,AI Suggestion
what colors go with grey,https://aboutwallart.com/products/backlit-smart-led-bathroom-mirror-oval-dimmable-3-colors-anti-fog-mirrors-with-light-memory-ip65-cri95-large-wall-mounted?pr_prod_strat=pinned&pr_rec_id=46f7428b2&pr_rec_pid=15684721934716&pr_ref_pid=15684721836412&pr_seq=uniform,,PENDING,LINK,1,10.6,50%,34.7,AI Suggestion
prints for living room,https://aboutwallart.com/products/floral-large-wall-prints-for-a-living-room-set-of-3-wall-art-prints,,PENDING,KEEP,64,9.1,100%,80.1,AI Suggestion
prints for living room,https://aboutwallart.com/collections/framed-wall-pictures-for-living-room,,PENDING,LINK,198,7.8,75%,79.7,AI Suggestion
prints for living room,https://aboutwallart.com/products/wall-art-for-large-living-room-wall-set-of-3-floral-wall-art-prints,,PENDING,REPURPOSE,30,8.2,100%,70.8,AI Suggestion
prints for living room,https://aboutwallart.com/products/art-wall-for-living-room-set-of-3-wall-art-prints?pr_prod_strat=e5_desc&pr_rec_id=fbc83ae13&pr_rec_pid=8167993245982&pr_ref_pid=8167997440286&pr_seq=uniform,,PENDING,LINK,7,1.7,100%,70.4,AI Suggestion
prints for living room,https://aboutwallart.com/blogs/news-articles-home-decor-inspiration/stylish-behind-toilet-decor-5-ideas-to-transform-your-small-bathroom,,PENDING,LINK,242,5.3,50%,69.7,AI Suggestion
prints for living room,https://aboutwallart.com/products/Framed-prints-living-room-set-of-3-framed-wall-art?pr_prod_strat=pinned&pr_rec_id=f88259ac0&pr_rec_pid=8168006418718&pr_ref_pid=8168006713630&pr_seq=uniform,,PENDING,PENDING,1,1.0,100%,69.3,AI Suggestion
prints for living room,https://aboutwallart.com/products/new-york-white-and-black-art-for-living-room-set-of-3-wall-art-prints,,PENDING,PENDING,18,6.4,100%,69.0,AI Suggestion
prints for living room,https://aboutwallart.com/products/islamic-wall-art-with-frame-for-living-room-set-of-3-prints,,PENDING,PENDING,13,6.5,100%,67.4,AI Suggestion
prints for living room,https://aboutwallart.com/blogs/news-articles-home-decor-inspiration/bathroom-art-ideas-to-transform-your-bathroom-into-an-oasis,,PENDING,PENDING,225,8.4,50%,66.6,AI Suggestion
prints for living room,https://aboutwallart.com/products/contemporary-art-for-living-room-set-of-3-wall-art-prints,,PENDING,PENDING,13,7.3,100%,66.6,AI Suggestion
office wall decor,https://aboutwallart.com/blogs/news-articles-home-decor-inspiration/art-for-offices-inspiring-ideas-for-every-workspace,,PENDING,KEEP,101,7.8,100%,92.2,AI Suggestion
office wall decor,https://aboutwallart.com/blogs/news-articles-home-decor-inspiration/what-is-the-3-5-7-rule-in-decorating,,PENDING,LINK,1489,2.8,67%,80.5,AI Suggestion
office wall decor,https://aboutwallart.com/blogs/news-articles-home-decor-inspiration/do-beige-and-grey-go-together-heres-how-to-make-it-work,,PENDING,LINK,1362,4.3,67%,79.1,AI Suggestion
office wall decor,https://aboutwallart.com/blogs/news-articles-home-decor-inspiration/what-colour-goes-with-grey-walls-essential-tips,,PENDING,LINK,728,5.0,67%,78.3,AI Suggestion
office wall decor,https://aboutwallart.com/blogs/news-articles-home-decor-inspiration/stylish-behind-toilet-decor-5-ideas-to-transform-your-small-bathroom,,PENDING,LINK,242,5.3,67%,78.0,AI Suggestion
office wall decor,https://aboutwallart.com/blogs/news-articles-home-decor-inspiration/choosing-the-right-art-for-grey-walls,,PENDING,PENDING,213,5.7,67%,77.6,AI Suggestion
office wall decor,https://aboutwallart.com/blogs/news-articles-home-decor-inspiration/moisture-resistant-restroom-wall-art-what-actually-works,,PENDING,PENDING,538,5.8,67%,77.5,AI Suggestion
office wall decor,https://aboutwallart.com/blogs/news-articles-home-decor-inspiration/how-bedroom-wall-art-ideas-can-impact-your-quality-of-rest,,PENDING,PENDING,107,6.1,67%,77.2,AI Suggestion
office wall decor,https://aboutwallart.com/blogs/news-articles-home-decor-inspiration/old-money-style-interiors-classic-design-trends,,PENDING,PENDING,299,6.4,67%,77.0,AI Suggestion
office wall decor,https://aboutwallart.com/blogs/news-articles-home-decor-inspiration/wall-art-for-high-ceilings-7-creative-ideas,,PENDING,PENDING,288,6.4,67%,76.9,AI Suggestion
bathroom wall decor ideas,https://aboutwallart.com/blogs/news-articles-home-decor-inspiration/stylish-behind-toilet-decor-5-ideas-to-transform-your-small-bathroom,,PENDING,KEEP,242,5.3,100%,94.7,AI Suggestion
bathroom wall decor ideas,https://aboutwallart.com/blogs/news-articles-home-decor-inspiration/decorating-above-toilet-stylish-ideas-to-elevate-your-bathroom,,PENDING,REPURPOSE,139,6.5,100%,93.5,AI Suggestion
bathroom wall decor ideas,https://aboutwallart.com/blogs/news-articles-home-decor-inspiration/bathroom-art-ideas-to-transform-your-bathroom-into-an-oasis,,PENDING,REPURPOSE,225,8.4,100%,91.6,AI Suggestion
bathroom wall decor ideas,https://aboutwallart.com/blogs/news-articles-home-decor-inspiration/how-bedroom-wall-art-ideas-can-impact-your-quality-of-rest,,PENDING,LINK,107,6.1,75%,81.4,AI Suggestion
bathroom wall decor ideas,https://aboutwallart.com/blogs/news-articles-home-decor-inspiration/wall-art-for-high-ceilings-7-creative-ideas,,PENDING,LINK,288,6.4,75%,81.1,AI Suggestion
bathroom wall decor ideas,https://aboutwallart.com/blogs/news-articles-home-decor-inspiration/masculine-home-decor-stylish-ideas-to-elevate-any-modern-space,,PENDING,PENDING,145,7.2,75%,80.3,AI Suggestion
bathroom wall decor ideas,https://aboutwallart.com/blogs/news-articles-home-decor-inspiration/art-for-offices-inspiring-ideas-for-every-workspace,,PENDING,PENDING,101,7.8,75%,79.7,AI Suggestion
bathroom wall decor ideas,https://aboutwallart.com/blogs/news-articles-home-decor-inspiration/what-is-the-3-5-7-rule-in-decorating,,PENDING,PENDING,1489,2.8,50%,72.2,AI Suggestion
bathroom wall decor ideas,https://aboutwallart.com/blogs/news-articles-home-decor-inspiration/top-8-hallway-art-ideas-to-transform-your-space,,PENDING,PENDING,75,8.7,75%,71.3,AI Suggestion
bathroom wall decor ideas,https://aboutwallart.com/blogs/news-articles-home-decor-inspiration/do-beige-and-grey-go-together-heres-how-to-make-it-work,,PENDING,PENDING,1362,4.3,50%,70.7,AI Suggestion
decorating,https://aboutwallart.com/blogs/news-articles-home-decor-inspiration/what-is-the-3-5-7-rule-in-decorating,,PENDING,KEEP,1489,2.8,100%,97.2,AI Suggestion
decorating,https://aboutwallart.com/blogs/news-articles-home-decor-inspiration/decorating-above-toilet-stylish-ideas-to-elevate-your-bathroom,,PENDING,REPURPOSE,139,6.5,100%,93.5,AI Suggestion
decorating,https://aboutwallart.com/blogs/news-articles-home-decor-inspiration/my-guide-to-the-top-interior-decorating-trends-2026,,PENDING,REPURPOSE,101,7.7,100%,92.3,AI Suggestion
decorating,https://aboutwallart.com/blogs/news-articles-home-decor-inspiration/preppy-decorating-style-how-to-bring-this-classic-look-into-your-home,,PENDING,LINK,17,6.5,100%,68.6,AI Suggestion
decorating,https://aboutwallart.com/blogs/news-articles-home-decor-inspiration/stylish-powder-room-bathroom-decorating-ideas-to-elevate-your-space,,PENDING,LINK,19,8.3,100%,67.4,AI Suggestion
decorating,https://aboutwallart.com/blogs/news-articles-home-decor-inspiration/understanding-interior-decorating-terms,,PENDING,PENDING,21,9.8,100%,66.5,AI Suggestion
decorating,https://aboutwallart.com/blogs/news-articles-home-decor-inspiration/home-decorating-trends-for-2026-what-s-in-and-what-s-out,,PENDING,PENDING,4,5.3,100%,65.9,AI Suggestion
decorating,https://aboutwallart.com/blogs/news-articles-home-decor-inspiration/10-creative-ideas-for-decorating-your-living-room-wall,,PENDING,PENDING,8,9.1,100%,63.4,AI Suggestion
decorating,https://aboutwallart.com/blogs/news-articles-home-decor-inspiration/decorating-with-framed-artwork-prints,,PENDING,PENDING,1,8.3,100%,62.0,AI Suggestion
decorating,https://aboutwallart.com/blogs/news-articles-home-decor-inspiration/ideas-for-decorating-the-home-7,,PENDING,PENDING,2,9.1,100%,61.5,AI Suggestion
wall art unique,https://aboutwallart.com/blogs/news-articles-home-decor-inspiration/what-is-the-3-5-7-rule-in-decorating,,PENDING,KEEP,1489,2.8,67%,80.5,AI Suggestion
wall art unique,https://aboutwallart.com/blogs/news-articles-home-decor-inspiration/do-beige-and-grey-go-together-heres-how-to-make-it-work,,PENDING,LINK,1362,4.3,67%,79.1,AI Suggestion
wall art unique,https://aboutwallart.com/blogs/news-articles-home-decor-inspiration/what-colour-goes-with-grey-walls-essential-tips,,PENDING,LINK,728,5.0,67%,78.3,AI Suggestion
wall art unique,https://aboutwallart.com/blogs/news-articles-home-decor-inspiration/stylish-behind-toilet-decor-5-ideas-to-transform-your-small-bathroom,,PENDING,LINK,242,5.3,67%,78.0,AI Suggestion
wall art unique,https://aboutwallart.com/blogs/news-articles-home-decor-inspiration/choosing-the-right-art-for-grey-walls,,PENDING,LINK,213,5.7,67%,77.6,AI Suggestion
wall art unique,https://aboutwallart.com/blogs/news-articles-home-decor-inspiration/moisture-resistant-restroom-wall-art-what-actually-works,,PENDING,PENDING,538,5.8,67%,77.5,AI Suggestion
wall art unique,https://aboutwallart.com/blogs/news-articles-home-decor-inspiration/how-bedroom-wall-art-ideas-can-impact-your-quality-of-rest,,PENDING,PENDING,107,6.1,67%,77.2,AI Suggestion
wall art unique,https://aboutwallart.com/blogs/news-articles-home-decor-inspiration/old-money-style-interiors-classic-design-trends,,PENDING,PENDING,299,6.4,67%,77.0,AI Suggestion
wall art unique,https://aboutwallart.com/blogs/news-articles-home-decor-inspiration/wall-art-for-high-ceilings-7-creative-ideas,,PENDING,PENDING,288,6.4,67%,76.9,AI Suggestion
wall art unique,https://aboutwallart.com/blogs/news-articles-home-decor-inspiration/cherry-blossom-art-japan-understanding-the-deep-symbolism,,PENDING,PENDING,114,6.4,67%,76.9,AI Suggestion
wall art sets,https://aboutwallart.com/blogs/news-articles-home-decor-inspiration/what-is-the-3-5-7-rule-in-decorating,,PENDING,KEEP,1489,2.8,67%,80.5,AI Suggestion
wall art sets,https://aboutwallart.com/blogs/news-articles-home-decor-inspiration/do-beige-and-grey-go-together-heres-how-to-make-it-work,,PENDING,LINK,1362,4.3,67%,79.1,AI Suggestion
wall art sets,https://aboutwallart.com/blogs/news-articles-home-decor-inspiration/what-colour-goes-with-grey-walls-essential-tips,,PENDING,LINK,728,5.0,67%,78.3,AI Suggestion
wall art sets,https://aboutwallart.com/blogs/news-articles-home-decor-inspiration/stylish-behind-toilet-decor-5-ideas-to-transform-your-small-bathroom,,PENDING,LINK,242,5.3,67%,78.0,AI Suggestion
wall art sets,https://aboutwallart.com/blogs/news-articles-home-decor-inspiration/choosing-the-right-art-for-grey-walls,,PENDING,LINK,213,5.7,67%,77.6,AI Suggestion
wall art sets,https://aboutwallart.com/blogs/news-articles-home-decor-inspiration/moisture-resistant-restroom-wall-art-what-actually-works,,PENDING,PENDING,538,5.8,67%,77.5,AI Suggestion
wall art sets,https://aboutwallart.com/blogs/news-articles-home-decor-inspiration/how-bedroom-wall-art-ideas-can-impact-your-quality-of-rest,,PENDING,PENDING,107,6.1,67%,77.2,AI Suggestion
wall art sets,https://aboutwallart.com/blogs/news-articles-home-decor-inspiration/old-money-style-interiors-classic-design-trends,,PENDING,PENDING,299,6.4,67%,77.0,AI Suggestion
wall art sets,https://aboutwallart.com/blogs/news-articles-home-decor-inspiration/wall-art-for-high-ceilings-7-creative-ideas,,PENDING,PENDING,288,6.4,67%,76.9,AI Suggestion
wall art sets,https://aboutwallart.com/blogs/news-articles-home-decor-inspiration/cherry-blossom-art-japan-understanding-the-deep-symbolism,,PENDING,PENDING,114,6.4,67%,76.9,AI Suggestion
wall art living room,https://aboutwallart.com/collections/framed-wall-pictures-for-living-room,,PENDING,KEEP,198,7.8,100%,92.2,AI Suggestion
wall art living room,https://aboutwallart.com/blogs/news-articles-home-decor-inspiration/stylish-behind-toilet-decor-5-ideas-to-transform-your-small-bathroom,,PENDING,LINK,242,5.3,75%,82.2,AI Suggestion
wall art living room,https://aboutwallart.com/blogs/news-articles-home-decor-inspiration/moisture-resistant-restroom-wall-art-what-actually-works,,PENDING,LINK,538,5.8,75%,81.7,AI Suggestion
wall art living room,https://aboutwallart.com/blogs/news-articles-home-decor-inspiration/how-bedroom-wall-art-ideas-can-impact-your-quality-of-rest,,PENDING,LINK,107,6.1,75%,81.4,AI Suggestion
wall art living room,https://aboutwallart.com/blogs/news-articles-home-decor-inspiration/decorating-above-toilet-stylish-ideas-to-elevate-your-bathroom,,PENDING,LINK,139,6.5,75%,81.0,AI Suggestion
wall art living room,https://aboutwallart.com/products/floral-large-wall-prints-for-a-living-room-set-of-3-wall-art-prints,,PENDING,PENDING,64,9.1,100%,80.1,AI Suggestion
wall art living room,https://aboutwallart.com/blogs/news-articles-home-decor-inspiration/bathroom-art-ideas-to-transform-your-bathroom-into-an-oasis,,PENDING,PENDING,225,8.4,75%,79.1,AI Suggestion
wall art living room,https://aboutwallart.com/products/large-living-room-pictures-set-of-3-wall-art-prints,,PENDING,PENDING,47,6.6,100%,77.5,AI Suggestion
wall art living room,https://aboutwallart.com/blogs/news-articles-home-decor-inspiration/canvas-paintings-for-living-room,,PENDING,PENDING,43,9.4,100%,73.5,AI Suggestion
wall art living room,https://aboutwallart.com/blogs/news-articles-home-decor-inspiration/what-is-the-3-5-7-rule-in-decorating,,PENDING,PENDING,1489,2.8,50%,72.2,AI Suggestion
large framed wall pictures for living room,https://aboutwallart.com/collections/framed-wall-pictures-for-living-room,,PENDING,KEEP,198,7.8,86%,85.0,AI Suggestion
large framed wall pictures for living room,https://aboutwallart.com/products/floral-large-wall-prints-for-a-living-room-set-of-3-wall-art-prints,,PENDING,LINK,64,9.1,71%,65.8,AI Suggestion
large framed wall pictures for living room,https://aboutwallart.com/products/large-living-room-pictures-set-of-3-wall-art-prints,,PENDING,LINK,47,6.6,71%,63.2,AI Suggestion
large framed wall pictures for living room,https://aboutwallart.com/products/wall-art-for-large-living-room-wall-set-of-3-floral-wall-art-prints,,PENDING,LINK,30,8.2,71%,56.5,AI Suggestion
large framed wall pictures for living room,https://aboutwallart.com/products/Framed-prints-living-room-set-of-3-framed-wall-art?pr_prod_strat=pinned&pr_rec_id=f88259ac0&pr_rec_pid=8168006418718&pr_ref_pid=8168006713630&pr_seq=uniform,,PENDING,LINK,1,1.0,71%,55.0,AI Suggestion
large framed wall pictures for living room,https://aboutwallart.com/products/large-pictures-for-living-room-set-of-3-wall-art-prints,,PENDING,PENDING,1,8.2,86%,55.0,AI Suggestion
large framed wall pictures for living room,https://aboutwallart.com/blogs/news-articles-home-decor-inspiration/wall-art-pictures-for-living-room-grounded-neutral-colours,,PENDING,PENDING,17,7.5,71%,53.3,AI Suggestion
large framed wall pictures for living room,https://aboutwallart.com/blogs/news-articles-home-decor-inspiration/how-i-used-canvas-pictures-for-living-rooms,,PENDING,PENDING,20,9.0,71%,52.7,AI Suggestion
large framed wall pictures for living room,https://aboutwallart.com/blogs/news-articles-home-decor-inspiration/canvas-paintings-for-living-room,,PENDING,PENDING,43,9.4,57%,52.0,AI Suggestion
large framed wall pictures for living room,https://aboutwallart.com/products/wall-pictures-for-bedroom-set-of-3-framed-wall-art-prints?variant=55160455627132&country=GB&currency=GBP,,PENDING,PENDING,8,6.2,71%,51.9,AI Suggestion
bathroom picture ideas,https://aboutwallart.com/blogs/news-articles-home-decor-inspiration/stylish-behind-toilet-decor-5-ideas-to-transform-your-small-bathroom,,PENDING,KEEP,242,5.3,67%,78.0,AI Suggestion
bathroom picture ideas,https://aboutwallart.com/blogs/news-articles-home-decor-inspiration/decorating-above-toilet-stylish-ideas-to-elevate-your-bathroom,,PENDING,LINK,139,6.5,67%,76.8,AI Suggestion
bathroom picture ideas,https://aboutwallart.com/blogs/news-articles-home-decor-inspiration/bathroom-art-ideas-to-transform-your-bathroom-into-an-oasis,,PENDING,LINK,225,8.4,67%,74.9,AI Suggestion
bathroom picture ideas,https://aboutwallart.com/blogs/news-articles-home-decor-inspiration/bathroom-wall-decor-ideas-for-spa-like-spaces,,PENDING,LINK,26,8.1,67%,53.1,AI Suggestion
bathroom picture ideas,https://aboutwallart.com/products/modern-bathroom-wall-decor-ideas-set-of-3-wall-art-prints?pr_prod_strat=e5_desc&pr_rec_id=0793c8f3f&pr_rec_pid=8517977899294&pr_ref_pid=8807650459934&pr_seq=uniform,,PENDING,LINK,1,1.2,67%,52.4,AI Suggestion
bathroom picture ideas,https://aboutwallart.com/products/modern-bathroom-wall-decor-ideas-set-of-3-wall-art-prints,,PENDING,PENDING,13,6.1,67%,51.2,AI Suggestion
bathroom picture ideas,https://aboutwallart.com/blogs/news-articles-home-decor-inspiration/stylish-powder-room-bathroom-decorating-ideas-to-elevate-your-space,,PENDING,PENDING,19,8.3,67%,50.8,AI Suggestion
bathroom picture ideas,https://aboutwallart.com/products/bathroom-framed-pictures-set-of-3-shabby-chic-wall-art,,PENDING,PENDING,5,5.6,67%,49.2,AI Suggestion
bathroom picture ideas,https://aboutwallart.com/products/london-wall-pictures-for-living-room-ideas-set-of-3-wall-art-prints,,PENDING,PENDING,8,7.6,67%,48.1,AI Suggestion
bathroom picture ideas,https://aboutwallart.com/products/small-pictures-for-bathrooms-set-of-3-framed-wall-art,,PENDING,PENDING,3,6.2,67%,48.0,AI Suggestion
framed prints for living room,https://aboutwallart.com/collections/framed-wall-pictures-for-living-room,,PENDING,KEEP,198,7.8,80%,82.2,AI Suggestion
framed prints for living room,https://aboutwallart.com/products/floral-large-wall-prints-for-a-living-room-set-of-3-wall-art-prints,,PENDING,REPURPOSE,64,9.1,80%,70.1,AI Suggestion
framed prints for living room,https://aboutwallart.com/products/Framed-prints-living-room-set-of-3-framed-wall-art?pr_prod_strat=pinned&pr_rec_id=f88259ac0&pr_rec_pid=8168006418718&pr_ref_pid=8168006713630&pr_seq=uniform,,PENDING,LINK,1,1.0,100%,69.3,AI Suggestion
framed prints for living room,https://aboutwallart.com/products/wall-art-framed-for-living-room-set-of-3-paris-landmarks-wall-art-prints,,PENDING,LINK,1,8.1,100%,62.2,AI Suggestion
framed prints for living room,https://aboutwallart.com/products/wall-art-for-large-living-room-wall-set-of-3-floral-wall-art-prints,,PENDING,REPURPOSE,30,8.2,80%,60.8,AI Suggestion
framed prints for living room,https://aboutwallart.com/products/art-wall-for-living-room-set-of-3-wall-art-prints?pr_prod_strat=e5_desc&pr_rec_id=fbc83ae13&pr_rec_pid=8167993245982&pr_ref_pid=8167997440286&pr_seq=uniform,,PENDING,PENDING,7,1.7,80%,60.4,AI Suggestion
framed prints for living room,https://aboutwallart.com/products/bathroom-artwork-prints-set-of-3-framed-wall-art-prints?pr_prod_strat=pinned&pr_rec_id=2502a320f&pr_rec_pid=8167972241694&pr_ref_pid=8167972897054&pr_seq=uniform,,PENDING,PENDING,2,1.0,80%,59.6,AI Suggestion
framed prints for living room,https://aboutwallart.com/products/new-york-white-and-black-art-for-living-room-set-of-3-wall-art-prints,,PENDING,PENDING,18,6.4,80%,59.0,AI Suggestion
framed prints for living room,https://aboutwallart.com/products/classy-bathroom-wall-art-set-of-3-framed-bathroom-prints?pr_prod_strat=pinned&pr_rec_id=9ac792107&pr_rec_pid=8167972667678&pr_ref_pid=8167972897054&pr_seq=uniform,,PENDING,PENDING,2,2.9,80%,57.7,AI Suggestion
framed prints for living room,https://aboutwallart.com/products/large-living-room-pictures-set-of-3-wall-art-prints,,PENDING,PENDING,47,6.6,60%,57.5,AI Suggestion
what colors go with gray,https://aboutwallart.com/blogs/news-articles-home-decor-inspiration/what-colour-goes-with-grey-walls-essential-tips,,PENDING,KEEP,728,5.0,50%,70.0,AI Suggestion
what colors go with gray,https://aboutwallart.com/blogs/news-articles-home-decor-inspiration/what-to-do-when-your-home-lacks-natural-light-decorate-with-living-room-wall-hangings,,PENDING,LINK,30,8.4,50%,45.6,AI Suggestion
what colors go with gray,https://aboutwallart.com/blogs/news-articles-home-decor-inspiration/colors-that-go-with-grey-perfect-combinations-for-home-decor,,PENDING,LINK,12,13.1,50%,35.6,AI Suggestion
what colors go with gray,https://aboutwallart.com/products/backlit-smart-led-bathroom-mirror-oval-dimmable-3-colors-anti-fog-mirrors-with-light-memory-ip65-cri95-large-wall-mounted?pr_prod_strat=pinned&pr_rec_id=46f7428b2&pr_rec_pid=15684721934716&pr_ref_pid=15684721836412&pr_seq=uniform,,PENDING,LINK,1,10.6,50%,34.7,AI Suggestion
laundry room art,https://aboutwallart.com/blogs/news-articles-home-decor-inspiration/stylish-behind-toilet-decor-5-ideas-to-transform-your-small-bathroom,,PENDING,KEEP,242,5.3,67%,78.0,AI Suggestion
laundry room art,https://aboutwallart.com/blogs/news-articles-home-decor-inspiration/moisture-resistant-restroom-wall-art-what-actually-works,,PENDING,LINK,538,5.8,67%,77.5,AI Suggestion
laundry room art,https://aboutwallart.com/blogs/news-articles-home-decor-inspiration/how-bedroom-wall-art-ideas-can-impact-your-quality-of-rest,,PENDING,LINK,107,6.1,67%,77.2,AI Suggestion
laundry room art,https://aboutwallart.com/blogs/news-articles-home-decor-inspiration/decorating-above-toilet-stylish-ideas-to-elevate-your-bathroom,,PENDING,LINK,139,6.5,67%,76.8,AI Suggestion
laundry room art,https://aboutwallart.com/collections/framed-wall-pictures-for-living-room,,PENDING,LINK,198,7.8,67%,75.5,AI Suggestion
laundry room art,https://aboutwallart.com/blogs/news-articles-home-decor-inspiration/bathroom-art-ideas-to-transform-your-bathroom-into-an-oasis,,PENDING,PENDING,225,8.4,67%,74.9,AI Suggestion
laundry room art,https://aboutwallart.com/products/modern-laundry-room-ideas-set-of-3-wall-art-prints,,PENDING,PENDING,26,4.6,100%,73.2,AI Suggestion
laundry room art,https://aboutwallart.com/products/laundry-room-pictures-set-of-2-wall-art-prints,,PENDING,PENDING,7,4.5,100%,67.6,AI Suggestion
laundry room art,https://aboutwallart.com/products/laundry-room-decor-ideas-set-of-2-wall-art-prints,,PENDING,PENDING,10,6.2,100%,66.8,AI Suggestion
laundry room art,https://aboutwallart.com/products/laundry-room-pictures-set-of-2-wall-art-prints?variant=49245209100574&country=GB&currency=GBP,,PENDING,PENDING,1,3.9,100%,66.4,AI Suggestion
bathroom art decor,https://aboutwallart.com/blogs/news-articles-home-decor-inspiration/stylish-behind-toilet-decor-5-ideas-to-transform-your-small-bathroom,,PENDING,KEEP,242,5.3,100%,94.7,AI Suggestion
bathroom art decor,https://aboutwallart.com/blogs/news-articles-home-decor-inspiration/decorating-above-toilet-stylish-ideas-to-elevate-your-bathroom,,PENDING,REPURPOSE,139,6.5,100%,93.5,AI Suggestion
bathroom art decor,https://aboutwallart.com/blogs/news-articles-home-decor-inspiration/bathroom-art-ideas-to-transform-your-bathroom-into-an-oasis,,PENDING,REPURPOSE,225,8.4,100%,91.6,AI Suggestion
bathroom art decor,https://aboutwallart.com/blogs/news-articles-home-decor-inspiration/what-is-the-3-5-7-rule-in-decorating,,PENDING,LINK,1489,2.8,67%,80.5,AI Suggestion
bathroom art decor,https://aboutwallart.com/blogs/news-articles-home-decor-inspiration/do-beige-and-grey-go-together-heres-how-to-make-it-work,,PENDING,LINK,1362,4.3,67%,79.1,AI Suggestion
bathroom art decor,https://aboutwallart.com/blogs/news-articles-home-decor-inspiration/what-colour-goes-with-grey-walls-essential-tips,,PENDING,PENDING,728,5.0,67%,78.3,AI Suggestion
bathroom art decor,https://aboutwallart.com/blogs/news-articles-home-decor-inspiration/choosing-the-right-art-for-grey-walls,,PENDING,PENDING,213,5.7,67%,77.6,AI Suggestion
bathroom art decor,https://aboutwallart.com/blogs/news-articles-home-decor-inspiration/moisture-resistant-restroom-wall-art-what-actually-works,,PENDING,PENDING,538,5.8,67%,77.5,AI Suggestion
bathroom art decor,https://aboutwallart.com/blogs/news-articles-home-decor-inspiration/how-bedroom-wall-art-ideas-can-impact-your-quality-of-rest,,PENDING,PENDING,107,6.1,67%,77.2,AI Suggestion
bathroom art decor,https://aboutwallart.com/blogs/news-articles-home-decor-inspiration/old-money-style-interiors-classic-design-trends,,PENDING,PENDING,299,6.4,67%,77.0,AI Suggestion
framed wall art for bedroom,https://aboutwallart.com/collections/framed-wall-pictures-for-living-room,,PENDING,KEEP,198,7.8,80%,82.2,AI Suggestion
framed wall art for bedroom,https://aboutwallart.com/blogs/news-articles-home-decor-inspiration/stylish-behind-toilet-decor-5-ideas-to-transform-your-small-bathroom,,PENDING,LINK,242,5.3,60%,74.7,AI Suggestion
framed wall art for bedroom,https://aboutwallart.com/blogs/news-articles-home-decor-inspiration/choosing-the-right-art-for-grey-walls,,PENDING,LINK,213,5.7,60%,74.3,AI Suggestion
framed wall art for bedroom,https://aboutwallart.com/blogs/news-articles-home-decor-inspiration/how-bedroom-wall-art-ideas-can-impact-your-quality-of-rest,,PENDING,LINK,107,6.1,60%,73.9,AI Suggestion
framed wall art for bedroom,https://aboutwallart.com/blogs/news-articles-home-decor-inspiration/wall-art-for-high-ceilings-7-creative-ideas,,PENDING,LINK,288,6.4,60%,73.6,AI Suggestion
framed wall art for bedroom,https://aboutwallart.com/blogs/news-articles-home-decor-inspiration/the-case-for-empty-spaces-when-less-truly-is-more,,PENDING,PENDING,102,6.5,60%,73.5,AI Suggestion
framed wall art for bedroom,https://aboutwallart.com/blogs/news-articles-home-decor-inspiration/art-for-offices-inspiring-ideas-for-every-workspace,,PENDING,PENDING,101,7.8,60%,72.2,AI Suggestion
framed wall art for bedroom,https://aboutwallart.com/blogs/news-articles-home-decor-inspiration/bathroom-art-ideas-to-transform-your-bathroom-into-an-oasis,,PENDING,PENDING,225,8.4,60%,71.6,AI Suggestion
framed wall art for bedroom,https://aboutwallart.com/blogs/news-articles-home-decor-inspiration/determining-what-frame-size-do-i-need-for-my-space,,PENDING,PENDING,200,9.1,60%,70.9,AI Suggestion
framed wall art for bedroom,https://aboutwallart.com/pages/write-for-us,,PENDING,PENDING,496,11.1,60%,68.9,AI Suggestion
family wall art,https://aboutwallart.com/blogs/news-articles-home-decor-inspiration/what-is-the-3-5-7-rule-in-decorating,,PENDING,KEEP,1489,2.8,67%,80.5,AI Suggestion
family wall art,https://aboutwallart.com/blogs/news-articles-home-decor-inspiration/do-beige-and-grey-go-together-heres-how-to-make-it-work,,PENDING,LINK,1362,4.3,67%,79.1,AI Suggestion
family wall art,https://aboutwallart.com/blogs/news-articles-home-decor-inspiration/what-colour-goes-with-grey-walls-essential-tips,,PENDING,LINK,728,5.0,67%,78.3,AI Suggestion
family wall art,https://aboutwallart.com/blogs/news-articles-home-decor-inspiration/stylish-behind-toilet-decor-5-ideas-to-transform-your-small-bathroom,,PENDING,LINK,242,5.3,67%,78.0,AI Suggestion
family wall art,https://aboutwallart.com/blogs/news-articles-home-decor-inspiration/choosing-the-right-art-for-grey-walls,,PENDING,LINK,213,5.7,67%,77.6,AI Suggestion
family wall art,https://aboutwallart.com/blogs/news-articles-home-decor-inspiration/moisture-resistant-restroom-wall-art-what-actually-works,,PENDING,PENDING,538,5.8,67%,77.5,AI Suggestion
family wall art,https://aboutwallart.com/blogs/news-articles-home-decor-inspiration/how-bedroom-wall-art-ideas-can-impact-your-quality-of-rest,,PENDING,PENDING,107,6.1,67%,77.2,AI Suggestion
family wall art,https://aboutwallart.com/blogs/news-articles-home-decor-inspiration/old-money-style-interiors-classic-design-trends,,PENDING,PENDING,299,6.4,67%,77.0,AI Suggestion
family wall art,https://aboutwallart.com/blogs/news-articles-home-decor-inspiration/wall-art-for-high-ceilings-7-creative-ideas,,PENDING,PENDING,288,6.4,67%,76.9,AI Suggestion
family wall art,https://aboutwallart.com/blogs/news-articles-home-decor-inspiration/cherry-blossom-art-japan-understanding-the-deep-symbolism,,PENDING,PENDING,114,6.4,67%,76.9,AI Suggestion
beige and grey,https://aboutwallart.com/blogs/news-articles-home-decor-inspiration/do-beige-and-grey-go-together-heres-how-to-make-it-work,,PENDING,KEEP,1362,4.3,100%,95.7,AI Suggestion
beige and grey,https://aboutwallart.com/blogs/home-decor-inspiration/do-beige-and-grey-go-together,,PENDING,LINK,1,2.9,100%,67.4,AI Suggestion
beige and grey,https://aboutwallart.com/blogs/news-articles-home-decor-inspiration/how-to-decorate-with-greige-colours-the-blend-of-grey-beige,,PENDING,LINK,21,8.8,67%,50.8,AI Suggestion
beige and grey,https://aboutwallart.com/products/belmont-viscose-stripe-grey-towels-100-cotton-hotel-quality-super-absorbent-10-piece-bale-set-4-hand-towel-12-face-cloths-by-olivia-rocco,,PENDING,LINK,1,10.4,67%,43.2,AI Suggestion
living room pictures for wall,https://aboutwallart.com/collections/framed-wall-pictures-for-living-room,,PENDING,KEEP,198,7.8,100%,92.2,AI Suggestion
living room pictures for wall,https://aboutwallart.com/blogs/news-articles-home-decor-inspiration/stylish-behind-toilet-decor-5-ideas-to-transform-your-small-bathroom,,PENDING,LINK,242,5.3,60%,74.7,AI Suggestion
living room pictures for wall,https://aboutwallart.com/blogs/news-articles-home-decor-inspiration/bathroom-art-ideas-to-transform-your-bathroom-into-an-oasis,,PENDING,LINK,225,8.4,60%,71.6,AI Suggestion
living room pictures for wall,https://aboutwallart.com/products/floral-large-wall-prints-for-a-living-room-set-of-3-wall-art-prints,,PENDING,REPURPOSE,64,9.1,80%,70.1,AI Suggestion
living room pictures for wall,https://aboutwallart.com/blogs/news-articles-home-decor-inspiration/wall-art-pictures-for-living-room-grounded-neutral-colours,,PENDING,LINK,17,7.5,100%,67.6,AI Suggestion
living room pictures for wall,https://aboutwallart.com/products/large-living-room-pictures-set-of-3-wall-art-prints,,PENDING,PENDING,47,6.6,80%,67.5,AI Suggestion
living room pictures for wall,https://aboutwallart.com/blogs/news-articles-home-decor-inspiration/how-i-used-canvas-pictures-for-living-rooms,,PENDING,PENDING,20,9.0,100%,67.0,AI Suggestion
living room pictures for wall,https://aboutwallart.com/products/big-pictures-for-living-room-set-of-2-wall-art,,PENDING,PENDING,7,6.4,100%,65.7,AI Suggestion
living room pictures for wall,https://aboutwallart.com/products/london-wall-pictures-for-living-room-ideas-set-of-3-wall-art-prints,,PENDING,PENDING,8,7.6,100%,64.8,AI Suggestion
living room pictures for wall,https://aboutwallart.com/blogs/news-articles-home-decor-inspiration/canvas-paintings-for-living-room,,PENDING,PENDING,43,9.4,80%,63.5,AI Suggestion
islamic calligraphy wall art,https://aboutwallart.com/collections/wall-islamic-art,,PENDING,KEEP,102,11.4,75%,76.1,AI Suggestion
islamic calligraphy wall art,https://aboutwallart.com/blogs/news-articles-home-decor-inspiration/what-is-the-3-5-7-rule-in-decorating,,PENDING,LINK,1489,2.8,50%,72.2,AI Suggestion
islamic calligraphy wall art,https://aboutwallart.com/blogs/news-articles-home-decor-inspiration/do-beige-and-grey-go-together-heres-how-to-make-it-work,,PENDING,LINK,1362,4.3,50%,70.7,AI Suggestion
islamic calligraphy wall art,https://aboutwallart.com/blogs/news-articles-home-decor-inspiration/what-colour-goes-with-grey-walls-essential-tips,,PENDING,LINK,728,5.0,50%,70.0,AI Suggestion
islamic calligraphy wall art,https://aboutwallart.com/blogs/news-articles-home-decor-inspiration/stylish-behind-toilet-decor-5-ideas-to-transform-your-small-bathroom,,PENDING,LINK,242,5.3,50%,69.7,AI Suggestion
islamic calligraphy wall art,https://aboutwallart.com/blogs/news-articles-home-decor-inspiration/choosing-the-right-art-for-grey-walls,,PENDING,PENDING,213,5.7,50%,69.3,AI Suggestion
islamic calligraphy wall art,https://aboutwallart.com/blogs/news-articles-home-decor-inspiration/moisture-resistant-restroom-wall-art-what-actually-works,,PENDING,PENDING,538,5.8,50%,69.2,AI Suggestion
islamic calligraphy wall art,https://aboutwallart.com/blogs/news-articles-home-decor-inspiration/how-bedroom-wall-art-ideas-can-impact-your-quality-of-rest,,PENDING,PENDING,107,6.1,50%,68.9,AI Suggestion
islamic calligraphy wall art,https://aboutwallart.com/blogs/news-articles-home-decor-inspiration/old-money-style-interiors-classic-design-trends,,PENDING,PENDING,299,6.4,50%,68.6,AI Suggestion
islamic calligraphy wall art,https://aboutwallart.com/blogs/news-articles-home-decor-inspiration/wall-art-for-high-ceilings-7-creative-ideas,,PENDING,PENDING,288,6.4,50%,68.6,AI Suggestion
does beige and grey go together,https://aboutwallart.com/blogs/news-articles-home-decor-inspiration/do-beige-and-grey-go-together-heres-how-to-make-it-work,,PENDING,KEEP,1362,4.3,80%,85.7,AI Suggestion
does beige and grey go together,https://aboutwallart.com/blogs/home-decor-inspiration/do-beige-and-grey-go-together,,PENDING,LINK,1,2.9,80%,57.4,AI Suggestion
art work for living room,https://aboutwallart.com/collections/framed-wall-pictures-for-living-room,,PENDING,KEEP,198,7.8,80%,82.2,AI Suggestion
art work for living room,https://aboutwallart.com/blogs/news-articles-home-decor-inspiration/stylish-behind-toilet-decor-5-ideas-to-transform-your-small-bathroom,,PENDING,LINK,242,5.3,60%,74.7,AI Suggestion
art work for living room,https://aboutwallart.com/blogs/news-articles-home-decor-inspiration/moisture-resistant-restroom-wall-art-what-actually-works,,PENDING,LINK,538,5.8,60%,74.2,AI Suggestion
art work for living room,https://aboutwallart.com/blogs/news-articles-home-decor-inspiration/art-for-offices-inspiring-ideas-for-every-workspace,,PENDING,LINK,101,7.8,60%,72.2,AI Suggestion
art work for living room,https://aboutwallart.com/blogs/news-articles-home-decor-inspiration/bathroom-art-ideas-to-transform-your-bathroom-into-an-oasis,,PENDING,LINK,225,8.4,60%,71.6,AI Suggestion
art work for living room,https://aboutwallart.com/products/floral-large-wall-prints-for-a-living-room-set-of-3-wall-art-prints,,PENDING,PENDING,64,9.1,80%,70.1,AI Suggestion
art work for living room,https://aboutwallart.com/products/calming-artwork-for-living-room-set-of-3-wall-art-prints,,PENDING,PENDING,6,6.9,100%,64.9,AI Suggestion
art work for living room,https://aboutwallart.com/products/gold-artwork-for-living-room-set-of-3-feathers-wall-art-prints?variant=55160323375484&country=GB&currency=GBP,,PENDING,PENDING,1,6.8,100%,63.5,AI Suggestion
art work for living room,https://aboutwallart.com/blogs/news-articles-home-decor-inspiration/canvas-paintings-for-living-room,,PENDING,PENDING,43,9.4,80%,63.5,AI Suggestion
art work for living room,https://aboutwallart.com/products/wall-art-for-large-living-room-wall-set-of-3-floral-wall-art-prints,,PENDING,PENDING,30,8.2,80%,60.8,AI Suggestion
beige grey,https://aboutwallart.com/blogs/news-articles-home-decor-inspiration/do-beige-and-grey-go-together-heres-how-to-make-it-work,,PENDING,KEEP,1362,4.3,100%,95.7,AI Suggestion
beige grey,https://aboutwallart.com/blogs/news-articles-home-decor-inspiration/what-colour-goes-with-grey-walls-essential-tips,,PENDING,LINK,728,5.0,50%,70.0,AI Suggestion
beige grey,https://aboutwallart.com/blogs/news-articles-home-decor-inspiration/choosing-the-right-art-for-grey-walls,,PENDING,LINK,213,5.7,50%,69.3,AI Suggestion
beige grey,https://aboutwallart.com/blogs/news-articles-home-decor-inspiration/how-to-decorate-with-greige-colours-the-blend-of-grey-beige,,PENDING,REPURPOSE,21,8.8,100%,67.5,AI Suggestion
beige grey,https://aboutwallart.com/blogs/home-decor-inspiration/do-beige-and-grey-go-together,,PENDING,LINK,1,2.9,100%,67.4,AI Suggestion
beige grey,https://aboutwallart.com/blogs/news-articles-home-decor-inspiration/the-new-neutrals-trend-beyond-beige-modern-wall-arts,,PENDING,PENDING,10,6.7,50%,41.3,AI Suggestion
beige grey,https://aboutwallart.com/products/darnell-medium-grey-speckled-planter,,PENDING,PENDING,2,4.8,50%,40.9,AI Suggestion
beige grey,https://aboutwallart.com/products/grey-paintings-for-bedroom-set-of-3-wall-art-prints,,PENDING,PENDING,2,5.2,50%,40.4,AI Suggestion
beige grey,https://aboutwallart.com/products/grey-paintings-for-bedroom-set-of-3-wall-art-prints?variant=55849914237308&country=GB&currency=GBP,,PENDING,PENDING,1,5.8,50%,39.5,AI Suggestion
beige grey,https://aboutwallart.com/blogs/news-articles-home-decor-inspiration/colors-that-go-with-grey-perfect-combinations-for-home-decor,,PENDING,PENDING,12,13.1,50%,35.6,AI Suggestion
bathroom pictures for wall,https://aboutwallart.com/blogs/news-articles-home-decor-inspiration/stylish-behind-toilet-decor-5-ideas-to-transform-your-small-bathroom,,PENDING,KEEP,242,5.3,75%,82.2,AI Suggestion
bathroom pictures for wall,https://aboutwallart.com/collections/framed-wall-pictures-for-living-room,,PENDING,LINK,198,7.8,75%,79.7,AI Suggestion
bathroom pictures for wall,https://aboutwallart.com/blogs/news-articles-home-decor-inspiration/bathroom-art-ideas-to-transform-your-bathroom-into-an-oasis,,PENDING,LINK,225,8.4,75%,79.1,AI Suggestion
bathroom pictures for wall,https://aboutwallart.com/blogs/news-articles-home-decor-inspiration/choosing-the-right-art-for-grey-walls,,PENDING,LINK,213,5.7,50%,69.3,AI Suggestion
bathroom pictures for wall,https://aboutwallart.com/blogs/news-articles-home-decor-inspiration/wall-art-for-high-ceilings-7-creative-ideas,,PENDING,LINK,288,6.4,50%,68.6,AI Suggestion
bathroom pictures for wall,https://aboutwallart.com/blogs/news-articles-home-decor-inspiration/the-case-for-empty-spaces-when-less-truly-is-more,,PENDING,PENDING,102,6.5,50%,68.5,AI Suggestion
bathroom pictures for wall,https://aboutwallart.com/blogs/news-articles-home-decor-inspiration/decorating-above-toilet-stylish-ideas-to-elevate-your-bathroom,,PENDING,PENDING,139,6.5,50%,68.5,AI Suggestion
bathroom pictures for wall,https://aboutwallart.com/blogs/news-articles-home-decor-inspiration/art-for-offices-inspiring-ideas-for-every-workspace,,PENDING,PENDING,101,7.8,50%,67.2,AI Suggestion
bathroom pictures for wall,https://aboutwallart.com/blogs/news-articles-home-decor-inspiration/determining-what-frame-size-do-i-need-for-my-space,,PENDING,PENDING,200,9.1,50%,65.9,AI Suggestion
bathroom pictures for wall,https://aboutwallart.com/products/small-pictures-for-bathrooms-set-of-3-framed-wall-art,,PENDING,PENDING,3,6.2,100%,64.7,AI Suggestion
calming wall art,https://aboutwallart.com/blogs/news-articles-home-decor-inspiration/what-is-the-3-5-7-rule-in-decorating,,PENDING,KEEP,1489,2.8,67%,80.5,AI Suggestion
calming wall art,https://aboutwallart.com/blogs/news-articles-home-decor-inspiration/do-beige-and-grey-go-together-heres-how-to-make-it-work,,PENDING,LINK,1362,4.3,67%,79.1,AI Suggestion
calming wall art,https://aboutwallart.com/blogs/news-articles-home-decor-inspiration/what-colour-goes-with-grey-walls-essential-tips,,PENDING,LINK,728,5.0,67%,78.3,AI Suggestion
calming wall art,https://aboutwallart.com/blogs/news-articles-home-decor-inspiration/stylish-behind-toilet-decor-5-ideas-to-transform-your-small-bathroom,,PENDING,LINK,242,5.3,67%,78.0,AI Suggestion
calming wall art,https://aboutwallart.com/blogs/news-articles-home-decor-inspiration/choosing-the-right-art-for-grey-walls,,PENDING,LINK,213,5.7,67%,77.6,AI Suggestion
calming wall art,https://aboutwallart.com/blogs/news-articles-home-decor-inspiration/moisture-resistant-restroom-wall-art-what-actually-works,,PENDING,PENDING,538,5.8,67%,77.5,AI Suggestion
calming wall art,https://aboutwallart.com/blogs/news-articles-home-decor-inspiration/how-bedroom-wall-art-ideas-can-impact-your-quality-of-rest,,PENDING,PENDING,107,6.1,67%,77.2,AI Suggestion
calming wall art,https://aboutwallart.com/blogs/news-articles-home-decor-inspiration/old-money-style-interiors-classic-design-trends,,PENDING,PENDING,299,6.4,67%,77.0,AI Suggestion
calming wall art,https://aboutwallart.com/blogs/news-articles-home-decor-inspiration/wall-art-for-high-ceilings-7-creative-ideas,,PENDING,PENDING,288,6.4,67%,76.9,AI Suggestion
calming wall art,https://aboutwallart.com/blogs/news-articles-home-decor-inspiration/cherry-blossom-art-japan-understanding-the-deep-symbolism,,PENDING,PENDING,114,6.4,67%,76.9,AI Suggestion
office wall decor ideas,https://aboutwallart.com/blogs/news-articles-home-decor-inspiration/art-for-offices-inspiring-ideas-for-every-workspace,,PENDING,KEEP,101,7.8,100%,92.2,AI Suggestion
office wall decor ideas,https://aboutwallart.com/blogs/news-articles-home-decor-inspiration/stylish-behind-toilet-decor-5-ideas-to-transform-your-small-bathroom,,PENDING,LINK,242,5.3,75%,82.2,AI Suggestion
office wall decor ideas,https://aboutwallart.com/blogs/news-articles-home-decor-inspiration/how-bedroom-wall-art-ideas-can-impact-your-quality-of-rest,,PENDING,LINK,107,6.1,75%,81.4,AI Suggestion
office wall decor ideas,https://aboutwallart.com/blogs/news-articles-home-decor-inspiration/wall-art-for-high-ceilings-7-creative-ideas,,PENDING,LINK,288,6.4,75%,81.1,AI Suggestion
office wall decor ideas,https://aboutwallart.com/blogs/news-articles-home-decor-inspiration/decorating-above-toilet-stylish-ideas-to-elevate-your-bathroom,,PENDING,LINK,139,6.5,75%,81.0,AI Suggestion
office wall decor ideas,https://aboutwallart.com/blogs/news-articles-home-decor-inspiration/masculine-home-decor-stylish-ideas-to-elevate-any-modern-space,,PENDING,PENDING,145,7.2,75%,80.3,AI Suggestion
office wall decor ideas,https://aboutwallart.com/blogs/news-articles-home-decor-inspiration/bathroom-art-ideas-to-transform-your-bathroom-into-an-oasis,,PENDING,PENDING,225,8.4,75%,79.1,AI Suggestion
office wall decor ideas,https://aboutwallart.com/blogs/news-articles-home-decor-inspiration/office-decor-ideas-10,,PENDING,PENDING,59,10.9,100%,76.8,AI Suggestion
office wall decor ideas,https://aboutwallart.com/blogs/news-articles-home-decor-inspiration/what-is-the-3-5-7-rule-in-decorating,,PENDING,PENDING,1489,2.8,50%,72.2,AI Suggestion
office wall decor ideas,https://aboutwallart.com/blogs/news-articles-home-decor-inspiration/top-8-hallway-art-ideas-to-transform-your-space,,PENDING,PENDING,75,8.7,75%,71.3,AI Suggestion
pictures for the wall,https://aboutwallart.com/blogs/news-articles-home-decor-inspiration/choosing-the-right-art-for-grey-walls,,PENDING,KEEP,213,5.7,75%,81.8,AI Suggestion
pictures for the wall,https://aboutwallart.com/blogs/news-articles-home-decor-inspiration/the-case-for-empty-spaces-when-less-truly-is-more,,PENDING,LINK,102,6.5,75%,81.0,AI Suggestion
pictures for the wall,https://aboutwallart.com/collections/framed-wall-pictures-for-living-room,,PENDING,LINK,198,7.8,75%,79.7,AI Suggestion
pictures for the wall,https://aboutwallart.com/blogs/news-articles-home-decor-inspiration/what-is-the-3-5-7-rule-in-decorating,,PENDING,LINK,1489,2.8,50%,72.2,AI Suggestion
pictures for the wall,https://aboutwallart.com/blogs/news-articles-home-decor-inspiration/do-beige-and-grey-go-together-heres-how-to-make-it-work,,PENDING,LINK,1362,4.3,50%,70.7,AI Suggestion
pictures for the wall,https://aboutwallart.com/blogs/news-articles-home-decor-inspiration/stylish-behind-toilet-decor-5-ideas-to-transform-your-small-bathroom,,PENDING,PENDING,242,5.3,50%,69.7,AI Suggestion
pictures for the wall,https://aboutwallart.com/blogs/news-articles-home-decor-inspiration/transforming-spaces-the-power-of-japan-prints-and-feng-shui,,PENDING,PENDING,64,7.8,75%,68.9,AI Suggestion
pictures for the wall,https://aboutwallart.com/blogs/news-articles-home-decor-inspiration/wall-art-for-high-ceilings-7-creative-ideas,,PENDING,PENDING,288,6.4,50%,68.6,AI Suggestion
pictures for the wall,https://aboutwallart.com/blogs/news-articles-home-decor-inspiration/cherry-blossom-art-japan-understanding-the-deep-symbolism,,PENDING,PENDING,114,6.4,50%,68.6,AI Suggestion
pictures for the wall,https://aboutwallart.com/blogs/news-articles-home-decor-inspiration/my-guide-to-the-top-interior-decorating-trends-2026,,PENDING,PENDING,101,7.7,50%,67.3,AI Suggestion
living room picture ideas,https://aboutwallart.com/collections/framed-wall-pictures-for-living-room,,PENDING,KEEP,198,7.8,75%,79.7,AI Suggestion
living room picture ideas,https://aboutwallart.com/blogs/news-articles-home-decor-inspiration/stylish-behind-toilet-decor-5-ideas-to-transform-your-small-bathroom,,PENDING,LINK,242,5.3,50%,69.7,AI Suggestion
living room picture ideas,https://aboutwallart.com/blogs/news-articles-home-decor-inspiration/how-bedroom-wall-art-ideas-can-impact-your-quality-of-rest,,PENDING,LINK,107,6.1,50%,68.9,AI Suggestion
living room picture ideas,https://aboutwallart.com/blogs/news-articles-home-decor-inspiration/decorating-above-toilet-stylish-ideas-to-elevate-your-bathroom,,PENDING,LINK,139,6.5,50%,68.5,AI Suggestion
living room picture ideas,https://aboutwallart.com/blogs/news-articles-home-decor-inspiration/bathroom-art-ideas-to-transform-your-bathroom-into-an-oasis,,PENDING,LINK,225,8.4,50%,66.6,AI Suggestion
living room picture ideas,https://aboutwallart.com/products/large-living-room-pictures-set-of-3-wall-art-prints,,PENDING,PENDING,47,6.6,75%,65.0,AI Suggestion
living room picture ideas,https://aboutwallart.com/products/london-wall-pictures-for-living-room-ideas-set-of-3-wall-art-prints,,PENDING,PENDING,8,7.6,100%,64.8,AI Suggestion
living room picture ideas,https://aboutwallart.com/blogs/news-articles-home-decor-inspiration/wall-art-pictures-for-living-room-grounded-neutral-colours,,PENDING,PENDING,17,7.5,75%,55.1,AI Suggestion
living room picture ideas,https://aboutwallart.com/products/floral-large-wall-prints-for-a-living-room-set-of-3-wall-art-prints,,PENDING,PENDING,64,9.1,50%,55.1,AI Suggestion
living room picture ideas,https://aboutwallart.com/blogs/news-articles-home-decor-inspiration/how-i-used-canvas-pictures-for-living-rooms,,PENDING,PENDING,20,9.0,75%,54.5,AI Suggestion
