Top pages,Clicks,Impressions,CTR,Position
https://aboutwallart.com/blogs/news-articles-home-decor-inspiration/what-is-the-3-5-7-rule-in-decorating,1489,1256143,0.12%,2.81
https://aboutwallart.com/blogs/news-articles-home-decor-inspiration/do-beige-and-grey-go-together-heres-how-to-make-it-work,1362,199454,0.68%,4.26
https://aboutwallart.com/blogs/news-articles-home-decor-inspiration/what-colour-goes-with-grey-walls-essential-tips,728,182395,0.4%,5.01
https://aboutwallart.com/blogs/news-articles-home-decor-inspiration/moisture-resistant-restroom-wall-art-what-actually-works,538,39018,1.38%,5.85
https://aboutwallart.com/pages/write-for-us,496,6383,7.77%,11.11
https://aboutwallart.com/blogs/news-articles-home-decor-inspiration/old-money-style-interiors-classic-design-trends,299,35623,0.84%,6.38
https://aboutwallart.com/,294,69613,0.42%,11.35
https://aboutwallart.com/blogs/news-articles-home-decor-inspiration/wall-art-for-high-ceilings-7-creative-ideas,288,27335,1.05%,6.41
https://aboutwallart.com/blogs/news-articles-home-decor-inspiration/stylish-behind-toilet-decor-5-ideas-to-transform-your-small-bathroom,242,14868,1.63%,5.34
https://aboutwallart.com/blogs/news-articles-home-decor-inspiration/bathroom-art-ideas-to-transform-your-bathroom-into-an-oasis,225,30182,0.75%,8.44
https://aboutwallart.com/blogs/news-articles-home-decor-inspiration/choosing-the-right-art-for-grey-walls,213,29221,0.73%,5.69
https://aboutwallart.com/es/blogs/news-articles-home-decor-inspiration/do-beige-and-grey-go-together-heres-how-to-make-it-work,211,38943,0.54%,3.11
https://aboutwallart.com/blogs/news-articles-home-decor-inspiration/types-of-wall-art,209,37900,0.55%,6.59
https://aboutwallart.com/blogs/news-articles-home-decor-inspiration/determining-what-frame-size-do-i-need-for-my-space,200,67884,0.29%,9.1
https://aboutwallart.com/collections/framed-wall-pictures-for-living-room,198,60405,0.33%,7.82
https://aboutwallart.com/collections/above-fireplaces,164,18599,0.88%,7.28
https://aboutwallart.com/blogs/news-articles-home-decor-inspiration/masculine-home-decor-stylish-ideas-to-elevate-any-modern-space,145,20701,0.7%,7.15
https://aboutwallart.com/blogs/news-articles-home-decor-inspiration/decorating-above-toilet-stylish-ideas-to-elevate-your-bathroom,139,13309,1.04%,6.52
https://aboutwallart.com/blogs/news-articles-home-decor-inspiration/understanding-art-color-meaning-emotions-symbolism,138,44071,0.31%,7.25
https://aboutwallart.com/blogs/news-articles-home-decor-inspiration/cherry-blossom-art-japan-understanding-the-deep-symbolism,114,32514,0.35%,6.41
https://aboutwallart.com/blogs/news-articles-home-decor-inspiration/how-bedroom-wall-art-ideas-can-impact-your-quality-of-rest,107,63453,0.17%,6.11
https://aboutwallart.com/blogs/news-articles-home-decor-inspiration/how-to-mix-and-blend-different-art-style-types,107,18850,0.57%,7.65
https://aboutwallart.com/blogs/news-articles-home-decor-inspiration/the-case-for-empty-spaces-when-less-truly-is-more,102,17215,0.59%,6.49
https://aboutwallart.com/collections/wall-islamic-art,102,12308,0.83%,11.4
https://aboutwallart.com/blogs/news-articles-home-decor-inspiration/art-for-offices-inspiring-ideas-for-every-workspace,101,41297,0.24%,7.8
https://aboutwallart.com/blogs/news-articles-home-decor-inspiration/my-guide-to-the-top-interior-decorating-trends-2026,101,29573,0.34%,7.72
https://aboutwallart.com/blogs/news-articles-home-decor-inspiration/small-studio-apartment-decor-10-genius-tips-and-hacks,98,45109,0.22%,7.2
https://aboutwallart.com/blogs/news-articles-home-decor-inspiration/how-to-hang-wall-art-for-stairs-without-a-straight-wall,84,19302,0.44%,6.75
https://aboutwallart.com/blogs/news-articles-home-decor-inspiration/soothing-color-palettes-7,78,27618,0.28%,7.64
https://aboutwallart.com/blogs/news-articles-home-decor-inspiration/decor-for-nursery-wall-that-stimulates-without-overwhelming,76,9831,0.77%,7.79
https://aboutwallart.com/blogs/news-articles-home-decor-inspiration/top-8-hallway-art-ideas-to-transform-your-space,75,16124,0.47%,8.7
https://aboutwallart.com/es/blogs/news-articles-home-decor-inspiration/how-big-should-wall-art-be-above-a-sofa,66,21287,0.31%,5.9
https://aboutwallart.com/blogs/news-articles-home-decor-inspiration/asian-home-decor-ideas-for-tranquil-nature-led-interiors,66,13470,0.49%,8.6
https://aboutwallart.com/products/floral-large-wall-prints-for-a-living-room-set-of-3-wall-art-prints,64,68782,0.09%,9.08
https://aboutwallart.com/blogs/news-articles-home-decor-inspiration/transforming-spaces-the-power-of-japan-prints-and-feng-shui,64,17605,0.36%,7.76
https://aboutwallart.com/blogs/news-articles-home-decor-inspiration/office-decor-ideas-10,59,10674,0.55%,10.9
https://aboutwallart.com/es/blogs/news-articles-home-decor-inspiration/wall-art-for-high-ceilings-7-creative-ideas,59,7038,0.84%,6.81
https://aboutwallart.com/blogs/news-articles-home-decor-inspiration/coastal-decor-bedroom-ideas-how-to-style-it,57,17222,0.33%,7.91
https://aboutwallart.com/blogs/news-articles-home-decor-inspiration/quirky-kitchen-wall-art-ideas-for-fun-lived-in-spaces,51,8898,0.57%,9.29
https://aboutwallart.com/blogs/news-articles-home-decor-inspiration/the-best-art-for-a-kitchen-wall-ideas,51,7648,0.67%,12.91
https://aboutwallart.com/blogs/news-articles-home-decor-inspiration/wall-decor-ideas-for-large-walls-to-transform-your-space,49,15841,0.31%,7.9
https://aboutwallart.com/blogs/news-articles-home-decor-inspiration/mistakes-when-estimating-the-size-of-a-frame-for-wall-art,49,7200,0.68%,5.42
https://aboutwallart.com/products/3-pictures-above-bed-set-of-3-framed-wall-art,48,38338,0.13%,4.72
https://aboutwallart.com/collections/french-country-wall-art,48,10667,0.45%,10.51
https://aboutwallart.com/products/large-living-room-pictures-set-of-3-wall-art-prints,47,48294,0.1%,6.6
https://aboutwallart.com/blogs/news-articles-home-decor-inspiration/7-inspiring-ideas-wall-art-for-teenagers,47,6160,0.76%,7.32
https://aboutwallart.com/products/bedroom-framed-prints-set-of-3-wall-art-prints,45,58128,0.08%,6.46
https://aboutwallart.com/blogs/news-articles-home-decor-inspiration/what-is-wall-art-guide,45,15927,0.28%,5.89
https://aboutwallart.com/es/blogs/news-articles-home-decor-inspiration/old-money-style-interiors-classic-design-trends,45,7666,0.59%,6.15
https://aboutwallart.com/blogs/news-articles-home-decor-inspiration/my-guide-to-decorate-a-powder-room-with-style,44,4368,1.01%,8.11
https://aboutwallart.com/blogs/news-articles-home-decor-inspiration/canvas-paintings-for-living-room,43,17854,0.24%,9.44
https://aboutwallart.com/collections/japan-wall-art,42,28210,0.15%,8.18
https://aboutwallart.com/collections/bohemian-wall-art,42,16559,0.25%,11.32
https://aboutwallart.com/fr/collections/wall-islamic-art,42,4971,0.84%,10.96
https://aboutwallart.com/blogs/news-articles-home-decor-inspiration/japandi-home-decor-a-calm-blend-of-east-meets-west,40,9600,0.42%,7.69
https://aboutwallart.com/blogs/news-articles-home-decor-inspiration/can-the-right-art-for-the-kitchen-turn-it-into-an-inviting-space,38,7192,0.53%,8.77
https://aboutwallart.com/blogs/news-articles-home-decor-inspiration/how-could-your-art-for-an-office-wall-fuel-productivity,37,16852,0.22%,12.16
https://aboutwallart.com/blogs/news-articles-home-decor-inspiration/corridor-decor-ideas-transforming-your-hallways-with-style,37,8995,0.41%,7.35
https://aboutwallart.com/blogs/news-articles-home-decor-inspiration/creating-a-retreat-with-black-and-white-wall-art-for-bedroom,36,13321,0.27%,7.52
https://aboutwallart.com/blogs/news-articles-home-decor-inspiration/understanding-art-in-interior-design,34,10685,0.32%,9.99
https://aboutwallart.com/blogs/news-articles-home-decor-inspiration/using-black-accents-to-add-drama-and-depth-to-your-home,34,6831,0.5%,6.3
https://aboutwallart.com/blogs/news-articles-home-decor-inspiration/the-ultimate-wall-art-placement-guide-where-to-hang-art-in-every-room-of-your-home,33,4519,0.73%,7.01
https://aboutwallart.com/blogs/news-articles-home-decor-inspiration/a-journey-through-the-history-of-wall-art,32,5916,0.54%,6.14
https://aboutwallart.com/blogs/news-articles-home-decor-inspiration/designing-a-kids-playroom-childrens-playroom-ideas,31,16803,0.18%,8.19
https://aboutwallart.com/products/wall-art-for-large-living-room-wall-set-of-3-floral-wall-art-prints,30,73072,0.04%,8.23
https://aboutwallart.com/blogs/news-articles-home-decor-inspiration/what-to-do-when-your-home-lacks-natural-light-decorate-with-living-room-wall-hangings,30,9569,0.31%,8.37
https://aboutwallart.com/blogs/news-articles-home-decor-inspiration/first-apartment-essentials-ultimate-guide,30,8638,0.35%,12.38
https://aboutwallart.com/blogs/news-articles-home-decor-inspiration/how-nature-inspired-art-can-transform-your-walls,30,8213,0.37%,9.85
https://aboutwallart.com/products/wall-art-neutral-set-of-3-framed-wall-art-prints,29,37417,0.08%,7.61
https://aboutwallart.com/blogs/news-articles-home-decor-inspiration/home-trotters-style-travel-inspired-decor-ideas-for-every-room,28,44541,0.06%,10.87
https://aboutwallart.com/blogs/news-articles-home-decor-inspiration/how-to-choose-art-for-bedrooms,28,9794,0.29%,6
https://aboutwallart.com/blogs/news-articles-home-decor-inspiration/understanding-landscape-art-styles,26,17377,0.15%,6.79
https://aboutwallart.com/products/modern-laundry-room-ideas-set-of-3-wall-art-prints,26,13694,0.19%,4.58
https://aboutwallart.com/collections/bathroom-decor-for-walls?page=2,26,8787,0.3%,10.81
https://aboutwallart.com/blogs/news-articles-home-decor-inspiration/bathroom-wall-decor-ideas-for-spa-like-spaces,26,4006,0.65%,8.08
https://aboutwallart.com/blogs/news-articles-home-decor-inspiration/art-moderne-home-decor-streamlined-1930s-inspired-design-ideas-1,26,2484,1.05%,8.95
https://aboutwallart.com/pages/old-money-home-decor,26,2392,1.09%,7.62
https://aboutwallart.com/blogs/news-articles-home-decor-inspiration/what-is-canvas-art,24,21278,0.11%,6.95
https://aboutwallart.com/blogs/news-articles-home-decor-inspiration/black-and-white-art-styles-and-how-to-use-them-at-home,24,7164,0.34%,7.54
https://aboutwallart.com/collections/office-wall-artwork,22,22710,0.1%,18.46
https://aboutwallart.com/blogs/news-articles-home-decor-inspiration/5-calming-wall-art-ideas-to-create-a-relaxing-bedroom-decor,22,5665,0.39%,9.5
https://aboutwallart.com/blogs/news-articles-home-decor-inspiration/solving-moisture-problems-with-safe-bathtub-decor-ideas,22,3690,0.6%,7.29
https://aboutwallart.com/products/botanical-prints-set-of-3-wall-art-prints,21,11787,0.18%,8.23
https://aboutwallart.com/products/large-frames-for-pictures-in-sizes-a4-a3-a2-20x30-in,21,11313,0.19%,5.23
https://aboutwallart.com/blogs/news-articles-home-decor-inspiration/how-to-decorate-with-greige-colours-the-blend-of-grey-beige,21,9378,0.22%,8.84
https://aboutwallart.com/blogs/news-articles-home-decor-inspiration/understanding-interior-decorating-terms,21,8057,0.26%,9.85
https://aboutwallart.com/blogs/news-articles-home-decor-inspiration/art-inspired-by-nature-ways-to-bring-the-outdoors-inside,21,5241,0.4%,8.09
https://aboutwallart.com/blogs/news-articles-home-decor-inspiration/how-i-used-canvas-pictures-for-living-rooms,20,6973,0.29%,9
https://aboutwallart.com/blogs/news-articles-home-decor-inspiration/how-to-make-a-breakfast-nook-that-s-both-cosy-and-chic,20,2788,0.72%,7.79
https://aboutwallart.com/blogs/news-articles-home-decor-inspiration/blossoming-trends-botanical-wall-art-for-bedroom,19,28881,0.07%,7.44
https://aboutwallart.com/blogs/news-articles-home-decor-inspiration/fixing-a-room-with-too-much-neutral-tones,19,5753,0.33%,5.8
https://aboutwallart.com/blogs/news-articles-home-decor-inspiration/top-5-islamic-art-wall-ideas-revealed,19,4861,0.39%,7.25
https://aboutwallart.com/collections/christian-wall-art,19,3658,0.52%,9.06
https://aboutwallart.com/blogs/news-articles-home-decor-inspiration/master-botanical-themed-bedroom-like-a-professional-designer,19,2876,0.66%,6.81
https://aboutwallart.com/blogs/news-articles-home-decor-inspiration/stylish-powder-room-bathroom-decorating-ideas-to-elevate-your-space,19,2324,0.82%,8.28
https://aboutwallart.com/blogs/news-articles-home-decor-inspiration/my-guide-to-guy-home-decor-creating-a-stylish-masculine-home,19,1679,1.13%,7.24
https://aboutwallart.com/products/new-york-white-and-black-art-for-living-room-set-of-3-wall-art-prints,18,52942,0.03%,6.36
https://aboutwallart.com/products/islamic-wall-art-in-the-uk-set-of-2-wall-art-prints,18,9910,0.18%,7.05
https://aboutwallart.com/blogs/news-articles-home-decor-inspiration/accent-wall-art-ideas-7,18,9280,0.19%,7.69
https://aboutwallart.com/products/botanical-bathroom-art-framed-set-of-3-wall-prints,18,9203,0.2%,9.12
https://aboutwallart.com/blogs/news-articles-home-decor-inspiration/feng-shui-bedroom-tips-and-tricks,18,8496,0.21%,8.71
https://aboutwallart.com/blogs/news-articles-home-decor-inspiration/abstract-wall-art-ideas-8-inspiring-ideas,18,3596,0.5%,8.35
https://aboutwallart.com/blogs/news-articles-home-decor-inspiration/creative-office-wall-design-ideas-to-inspire-productivity,18,2822,0.64%,9.08
https://aboutwallart.com/es/blogs/news-articles-home-decor-inspiration/10-creative-kitchen-wall-decor-ideas,18,2503,0.72%,5.22
https://aboutwallart.com/es/blogs/news-articles-home-decor-inspiration/decorating-your-yoga-studio-with-spiritual-home-decor,18,1423,1.26%,5.96
https://aboutwallart.com/blogs/news-articles-home-decor-inspiration/solving-extra-large-wall-art-placement-where-to-hang,18,1381,1.3%,8.9
https://aboutwallart.com/products/bedroom-art-prints-set-of-3-framed-wall-prints,17,53573,0.03%,7.98
https://aboutwallart.com/blogs/news-articles-home-decor-inspiration/wall-art-pictures-for-living-room-grounded-neutral-colours,17,13517,0.13%,7.47
https://aboutwallart.com/blogs/news-articles-home-decor-inspiration/nature-inspired-wall-art-7-tips,17,12479,0.14%,8.77
https://aboutwallart.com/blogs/news-articles-home-decor-inspiration/canvas-wall-arts-vs-framed-prints-whats-best-for-each-room,17,4664,0.36%,9.07
https://aboutwallart.com/blogs/news-articles-home-decor-inspiration/preppy-decorating-style-how-to-bring-this-classic-look-into-your-home,17,3962,0.43%,6.49
https://aboutwallart.com/fr/blogs/news-articles-home-decor-inspiration/how-big-should-wall-art-be-above-a-sofa,17,3117,0.55%,6.92
https://aboutwallart.com/blogs/news-articles-home-decor-inspiration/art-deco-home-decor-glam-1920s-style-ideas-for-modern-homes,17,2317,0.73%,8.82
https://aboutwallart.com/collections/teal-colour-wall-art,16,10363,0.15%,8.96
https://aboutwallart.com/blogs/news-articles-home-decor-inspiration/decorate-your-home-office-with-calming-wall-art,16,8815,0.18%,11.67
https://aboutwallart.com/collections/travel-wall-art,16,5168,0.31%,12.18
https://aboutwallart.com/blogs/news-articles-home-decor-inspiration/smart-ways-to-decorate-a-professional-office-for-style-and-productivity,16,4820,0.33%,9.95
https://aboutwallart.com/collections/tropical-wall-art,15,7307,0.21%,13.58
https://aboutwallart.com/blogs/news-articles-home-decor-inspiration/discover-perfect-above-the-bed-decor-ideas,15,6725,0.22%,9.74
https://aboutwallart.com/blogs/news-articles-home-decor-inspiration/how-can-the-right-bedroom-art-ideas-transform-your-space,15,5475,0.27%,7.84
https://aboutwallart.com/blogs/news-articles-home-decor-inspiration/how-to-add-personality-with-nursery-colours,15,4313,0.35%,8.99
https://aboutwallart.com/blogs/news-articles-home-decor-inspiration/desert-brown-decor-warm-neutral-ideas-inspired-by-the-desert,15,3487,0.43%,8.3
https://aboutwallart.com/es/blogs/news-articles-home-decor-inspiration/transforming-spaces-the-power-of-japan-prints-and-feng-shui,15,2644,0.57%,5.93
https://aboutwallart.com/pages/home-decor-wholesale-b2b-supplier,15,2118,0.71%,15.41
https://aboutwallart.com/blogs/news-articles-home-decor-inspiration/kitchen-wall-art-expert-interior-design-tips-trends-2026,15,1290,1.16%,5.89
https://aboutwallart.com/blogs/news-articles-home-decor-inspiration/how-to-use-color-psychology-in-interior-design,14,8101,0.17%,12.99
https://aboutwallart.com/blogs/news-articles-home-decor-inspiration/from-blank-to-beautiful-gallery-wall-ideas-for-huge-walls,14,4718,0.3%,7.9
https://aboutwallart.com/blogs/news-articles-home-decor-inspiration/how-i-use-wall-art-to-create-a-calm-and-productive-home-office,14,3352,0.42%,9.38
https://aboutwallart.com/blogs/news-articles-home-decor-inspiration/how-to-use-art-on-walls-to-anchor-a-color-scheme,14,3261,0.43%,9.75
https://aboutwallart.com/es/blogs/news-articles-home-decor-inspiration/top-8-hallway-art-ideas-to-transform-your-space,14,2909,0.48%,7.19
https://aboutwallart.com/products/modern-bathroom-wall-decor-ideas-set-of-3-wall-art-prints,13,30825,0.04%,6.08
https://aboutwallart.com/products/contemporary-art-for-living-room-set-of-3-wall-art-prints,13,25801,0.05%,7.34
https://aboutwallart.com/products/wall-art-prints-of-london-for-living-room-set-of-3-wall-art-prints,13,16695,0.08%,14
https://aboutwallart.com/blogs/news-articles-home-decor-inspiration/how-to-decorate-a-large-wall-in-a-living-room-with-wall-art,13,6427,0.2%,13.3
https://aboutwallart.com/products/botanical-print-framed-set-of-3-wall-art-for-home-office-decor,13,5344,0.24%,8.91
https://aboutwallart.com/blogs/news-articles-home-decor-inspiration/how-to-hang-art-easy-steps-for-perfect-display,13,4387,0.3%,7.71
https://aboutwallart.com/blogs/news-articles-home-decor-inspiration/bringing-scandinavian-design-decor-into-your-home,13,4191,0.31%,9.86
https://aboutwallart.com/blogs/news-articles-home-decor-inspiration/childrens-room-wall-art-ideas-for-every-age-and-interest,13,3984,0.33%,9.29
https://aboutwallart.com/products/islamic-wall-art-with-frame-for-living-room-set-of-3-prints,13,3389,0.38%,6.54
https://aboutwallart.com/blogs/news-articles-home-decor-inspiration/multi-use-room-ideas-smart-zoning-for-small-homes,13,2699,0.48%,7.59
https://aboutwallart.com/blogs/news-articles-home-decor-inspiration/bold-vs-muted-color-trends,13,2435,0.53%,6.64
https://aboutwallart.com/blogs/news-articles-home-decor-inspiration/how-can-you-make-large-dining-rooms-feel-more-inviting,13,1283,1.01%,9.09
https://aboutwallart.com/pages/reviews,13,661,1.97%,7.4
https://aboutwallart.com/products/wall-decor-ideas-for-office-set-of-3-wall-art-prints,12,29497,0.04%,6.53
https://aboutwallart.com/products/print-love-word-art-set-of-3-wall-art-prints-for-bedroom,12,21144,0.06%,9.01
https://aboutwallart.com/products/mens-bedroom-wall-art-set-of-3-wall-art-prints,12,19277,0.06%,7.26
https://aboutwallart.com/blogs/news-articles-home-decor-inspiration/how-to-decorate-a-really-small-bedroom-10-space-saving-tips,12,17329,0.07%,11.22
https://aboutwallart.com/collections/bathroom-decor-for-walls,12,6379,0.19%,18.68
https://aboutwallart.com/blogs/news-articles-home-decor-inspiration/7-essential-tips-for-wall-art-hanging-systems,12,4963,0.24%,7.84
https://aboutwallart.com/blogs/news-articles-home-decor-inspiration/calming-home-decor-ideas-for-a-stress-free-space,12,2699,0.44%,9
https://aboutwallart.com/products/christian-artwork-set-of-3-wall-art-prints,12,2514,0.48%,7.83
https://aboutwallart.com/blogs/news-articles-home-decor-inspiration/how-to-decorate-a-bathtub-and-transform-your-bathroom,12,1962,0.61%,9.33
https://aboutwallart.com/blogs/news-articles-home-decor-inspiration/colors-that-go-with-grey-perfect-combinations-for-home-decor,12,1650,0.73%,13.05
https://aboutwallart.com/products/mid-century-modern-artwork-set-of-3-framed-wall-art-prints,11,20316,0.05%,7.95
https://aboutwallart.com/collections/scandinavian-wall-art,11,12354,0.09%,11.27
https://aboutwallart.com/products/bedroom-wall-picture-set-of-3-prints-for-bedroom-walls,11,9890,0.11%,6.31
https://aboutwallart.com/blogs/news-articles-home-decor-inspiration/dive-into-the-rich-history-of-islamic-calligraphy-wall-art,11,6084,0.18%,7.32
https://aboutwallart.com/blogs/news-articles-home-decor-inspiration/guest-bedroom-decorating-ideas-for-a-welcoming-space,11,3096,0.36%,12.02
https://aboutwallart.com/blogs/news-articles-home-decor-inspiration/year-round-decor-ideas-you-dont-need-to-pack-away,11,1480,0.74%,10.24
https://aboutwallart.com/products/christian-wall-art-in-uk-for-bedroom-set-of-3-wall-art-prints,11,1245,0.88%,7.76
https://aboutwallart.com/products/wall-art-in-sets-of-3-for-living-room-decor,10,28731,0.03%,8.61
https://aboutwallart.com/products/living-room-wall-art-decor-set-of-3-chinoiserie-wall-art-prints,10,22273,0.04%,10.6
https://aboutwallart.com/products/modern-beach-house-decor-set-of-3-wall-art-prints,10,21226,0.05%,6.59
https://aboutwallart.com/products/farmhouse-decor-bedroom-set-of-3-wall-art-prints,10,11002,0.09%,8.52
https://aboutwallart.com/products/bathroom-decor-in-black-an-gold-set-of-3-framed-wall-art,10,8867,0.11%,4.8
https://aboutwallart.com/blogs/news-articles-home-decor-inspiration/art-print-vs-poster-what-s-the-difference-and-which-should-you-choose,10,6899,0.14%,7.92
https://aboutwallart.com/blogs/news-articles-home-decor-inspiration/the-new-neutrals-trend-beyond-beige-modern-wall-arts,10,6602,0.15%,6.7
https://aboutwallart.com/blogs/news-articles-home-decor-inspiration/designing-a-slow-living-room-decor-wall-space,10,6407,0.16%,10.56
https://aboutwallart.com/products/abstract-marble-teal-painting-set-of-3-wall-art-prints,10,5190,0.19%,6.13
https://aboutwallart.com/blogs/news-articles-home-decor-inspiration/creating-a-gallery-wall-feel-in-a-small-flat,10,4692,0.21%,7.86
https://aboutwallart.com/products/laundry-room-decor-ideas-set-of-2-wall-art-prints,10,4333,0.23%,6.17
https://aboutwallart.com/blogs/news-articles-home-decor-inspiration/mid-century-modern-interior-decor-uses-conversational-pieces,10,3989,0.25%,8.25
https://aboutwallart.com/products/teal-living-room-artwork-set-of-3-wall-art-prints,10,3115,0.32%,11.3
https://aboutwallart.com/products/black-and-white-japanese-art-set-of-3-wall-art-prints,10,1659,0.6%,4.41
https://aboutwallart.com/blogs/news-articles-home-decor-inspiration/art-as-stress-relief-how-creativity-can-calm-the-mind,10,1573,0.64%,7.79
https://aboutwallart.com/products/framed-coastal-wall-art-set-of-3-wall-art-prints,10,1458,0.69%,7.57
https://aboutwallart.com/collections/birthstone-gifts-that-arent-jewelry,10,462,2.16%,8.03
https://aboutwallart.com/blogs/news-articles-home-decor-inspiration/diy-accent-wall-ideas-7,9,26603,0.03%,8.86
https://aboutwallart.com/products/wall-decor-for-a-bathroom-set-of-3-botanical-framed-wall-art,9,24447,0.04%,6.38
https://aboutwallart.com/collections/wall-art-for-a-bedroom,9,9107,0.1%,10.86
https://aboutwallart.com/collections/coastal-decor,9,8612,0.1%,13.11
https://aboutwallart.com/blogs/news-articles-home-decor-inspiration/minimalist-bedroom-decor-ideas-for-calm-restful-nights,9,8202,0.11%,9.02
https://aboutwallart.com/fr/collections/framed-wall-pictures-for-living-room,9,7662,0.12%,6.78
https://aboutwallart.com/collections/black-and-white-art-on-wall?page=2,9,7239,0.12%,8.04
https://aboutwallart.com/blogs/news-articles-home-decor-inspiration/how-to-match-prints-for-the-wall-with-your-interior-color,9,4201,0.21%,7.87
https://aboutwallart.com/blogs/news-articles-home-decor-inspiration/how-to-decorate-japandi-style-interiors-and-what-it-is,9,3876,0.23%,11.4
https://aboutwallart.com/blogs/news-articles-home-decor-inspiration/how-can-home-decor-modern-accessories-transform-your-space,9,3448,0.26%,13.75
https://aboutwallart.com/blogs/news-articles-home-decor-inspiration/earthy-neutrals-how-to-create-a-calming-sanctuary-in-your-home,9,3371,0.27%,7.24
https://aboutwallart.com/blogs/news-articles-home-decor-inspiration/the-role-of-wall-art-in-mood-setting-enhance-your-space-with-style,9,3313,0.27%,9.03
https://aboutwallart.com/blogs/news-articles-home-decor-inspiration/toilet-decor-ideas-to-instantly-upgrade-a-small-bathroom,9,2631,0.34%,8.12
https://aboutwallart.com/es/blogs/news-articles-home-decor-inspiration/black-and-white-art-styles-and-how-to-use-them-at-home,9,2479,0.36%,5.37
https://aboutwallart.com/blogs/news-articles-home-decor-inspiration/transform-your-home-into-an-oasis-using-biophilic-design,9,2388,0.38%,11.08
https://aboutwallart.com/products/white-and-black-prints-set-of-3-wall-art-prints,9,1452,0.62%,8.15
https://aboutwallart.com/es/collections/wall-art-for-a-bedroom,9,793,1.13%,6.5
https://aboutwallart.com/blogs/news-articles-home-decor-inspiration/what-is-minimalist-wall-art-simplicity-that-speaks-volumes,8,13358,0.06%,7.79
https://aboutwallart.com/products/london-wall-pictures-for-living-room-ideas-set-of-3-wall-art-prints,8,13119,0.06%,7.63
https://aboutwallart.com/collections/minimalist-art-prints,8,10576,0.08%,15.66
https://aboutwallart.com/products/framed-art-for-bathroom-set-of-3-green-botanical-wall-art,8,9008,0.09%,7.76
https://aboutwallart.com/products/japanese-cherry-blossom-tree-set-of-3-framed-wall-art,8,6984,0.11%,6.52
https://aboutwallart.com/blogs/news-articles-home-decor-inspiration/earth-inspired-living-the-down-to-earth-colour-trends,8,5577,0.14%,8.24
https://aboutwallart.com/blogs/news-articles-home-decor-inspiration/zen-decor-ideas-achieving-calm-and-serenity-in-your-living,8,5135,0.16%,8.39
https://aboutwallart.com/blogs/news-articles-home-decor-inspiration/10-creative-ideas-for-decorating-your-living-room-wall,8,4492,0.18%,9.05
https://aboutwallart.com/blogs/news-articles-home-decor-inspiration/turn-plain-walls-into-a-stunning-cozy-interiors-retreat,8,4472,0.18%,7.81
https://aboutwallart.com/blogs/news-articles-home-decor-inspiration/wall-art-for-nursery-ideas,8,3786,0.21%,10.79
https://aboutwallart.com/blogs/news-articles-home-decor-inspiration/solving-focal-point-issues-with-the-right-sitting-room-art,8,3482,0.23%,9.79
https://aboutwallart.com/blogs/news-articles-home-decor-inspiration/farmhouse-living-room-ideas-for-cosy-rustic-style,8,3447,0.23%,10.47
https://aboutwallart.com/blogs/news-articles-home-decor-inspiration/colour-trends-for-2026-paint-shades-designers-recommend,8,3428,0.23%,4.64
https://aboutwallart.com/es,8,2592,0.31%,11.17
https://aboutwallart.com/collections/laundry-room,8,2131,0.38%,12.06
https://aboutwallart.com/es/blogs/news-articles-home-decor-inspiration/home-decorating-trends-for-2026-what-s-in-and-what-s-out,8,1318,0.61%,5.21
https://aboutwallart.com/blogs/news-articles-home-decor-inspiration/types-of-wall-art-materials-guide-to-choosing-the-one,8,1255,0.64%,5.22
https://aboutwallart.com/blogs/news-articles-home-decor-inspiration/everything-you-need-about-perfect-art-for-kitchen-walls,8,923,0.87%,5.82
https://aboutwallart.com/products/wall-pictures-for-bedroom-set-of-3-framed-wall-art-prints?variant=55160455627132&country=GB&currency=GBP,8,809,0.99%,6.17
https://aboutwallart.com/pages/ambassadors,8,171,4.68%,5.37
https://aboutwallart.com/products/manhattan-black-and-white-prints-set-of-3-wall-art-prints,7,32742,0.02%,5.71
https://aboutwallart.com/products/japanese-wall-art-print-set-of-3-framed-prints,7,19762,0.04%,8.75
https://aboutwallart.com/fr/blogs/news-articles-home-decor-inspiration/what-is-the-3-5-7-rule-in-decorating,7,18770,0.04%,4.31
https://aboutwallart.com/products/framed-landscape-print-for-home-office-decor-set-of-3-wall-art-prints,7,17110,0.04%,9.8
https://aboutwallart.com/products/big-pictures-for-living-room-set-of-2-wall-art,7,12552,0.06%,6.4
https://aboutwallart.com/blogs/news-articles-home-decor-inspiration/bible-scripture-wall-art-prints-inspire-your-home-decor,7,6973,0.1%,10.35
https://aboutwallart.com/collections/earth-tone-wall-decor,7,6477,0.11%,10.6
https://aboutwallart.com/products/framed-bedroom-wall-art-set-of-2-wall-art-prints,7,6417,0.11%,10.34
https://aboutwallart.com/products/laundry-room-pictures-set-of-2-wall-art-prints,7,4317,0.16%,4.47
https://aboutwallart.com/collections/farmhouse-wall-art,7,3965,0.18%,15.79
https://aboutwallart.com/collections/chinoiserie-wall-decor,7,3659,0.19%,10.47
https://aboutwallart.com/products/japandi-interior-design-set-of-3-wall-art-prints,7,3554,0.2%,6.51
https://aboutwallart.com/blogs/news-articles-home-decor-inspiration/canvas-wall-arts-vs-framed-prints-whats-best-for-each-room/,7,2387,0.29%,6.46
https://aboutwallart.com/blogs/news-articles-home-decor-inspiration/creative-toilet-decorations-to-elevate-your-small-bathroom,7,2276,0.31%,7.44
https://aboutwallart.com/collections/teal-colour-wall-art?page=2,7,2194,0.32%,10.51
https://aboutwallart.com/blogs/news-articles-home-decor-inspiration/never-too-small-wall-decoration-office-ideas-for-apartments,7,2133,0.33%,7.3
https://aboutwallart.com/es/blogs/news-articles-home-decor-inspiration/small-studio-apartment-decor-10-genius-tips-and-hacks,7,2071,0.34%,8.11
https://aboutwallart.com/blogs/news-articles-home-decor-inspiration/exploring-chinoiserie-wall-murals-in-todays-interiors,7,1593,0.44%,9.38
https://aboutwallart.com/blogs/news-articles-home-decor-inspiration/budget-friendly-bedroom-ideas-for-teens-ideas-that-look-expensive,7,1471,0.48%,8.25
https://aboutwallart.com/products/art-wall-for-living-room-set-of-3-wall-art-prints?pr_prod_strat=e5_desc&pr_rec_id=fbc83ae13&pr_rec_pid=8167993245982&pr_ref_pid=8167997440286&pr_seq=uniform,7,612,1.14%,1.7
https://aboutwallart.com/es/blogs/news-articles-home-decor-inspiration/boho-wall-art-trends-which-styles-are-trending-now,7,416,1.68%,5.76
https://aboutwallart.com/es/pages/write-for-us,7,270,2.59%,11.13
https://aboutwallart.com/blogs/news-articles-home-decor-inspiration,7,203,3.45%,26.2
https://aboutwallart.com/products/large-art-for-living-room-set-of-3-christian-wall-art-prints,6,25641,0.02%,8.06
https://aboutwallart.com/products/landscape-painting-japan-set-of-3-wall-art-prints-for-living-room,6,18562,0.03%,10.04
https://aboutwallart.com/products/calming-artwork-for-living-room-set-of-3-wall-art-prints,6,12080,0.05%,6.92
https://aboutwallart.com/products/living-room-pictures-for-the-walls-set-of-3-art-prints,6,9750,0.06%,10.03
https://aboutwallart.com/products/pink-swan-nursery-wall-decor-set-of-3-wall-art-prints,6,9441,0.06%,8.51
https://aboutwallart.com/products/art-for-a-bathroom-wall-set-of-3-wall-art-prints,6,6911,0.09%,8.09
https://aboutwallart.com/blogs/news-articles-home-decor-inspiration/wall-gallery-layouts-ideas-that-will-transform-any-room,6,4097,0.15%,6.28
https://aboutwallart.com/collections/personalised-family-gifts,6,3542,0.17%,13.21
https://aboutwallart.com/blogs/news-articles-home-decor-inspiration/current-home-decor-trends-transforming-spaces-in-2025,6,3519,0.17%,8.09
https://aboutwallart.com/products/classy-bathroom-wall-art-uk-set-of-3-wall-art-prints,6,3412,0.18%,5.05
https://aboutwallart.com/products/artistic-black-and-white-wall-pictures-set-of-3-art-prints,6,3098,0.19%,7.69
https://aboutwallart.com/collections/marble-wall-art,6,2885,0.21%,9.24
https://aboutwallart.com/es/blogs/news-articles-home-decor-inspiration/using-wall-art-to-complement-color-schemes-in-bedrooms,6,2423,0.25%,6.29
https://aboutwallart.com/products/mens-bedroom-wall-art-set-of-3-wall-art-prints?variant=49245239968030,6,2392,0.25%,6.69
https://aboutwallart.com/es/blogs/news-articles-home-decor-inspiration/how-to-hang-wall-art-for-stairs-without-a-straight-wall,6,2382,0.25%,8.07
https://aboutwallart.com/products/floral-art-for-bathroom-walls-uk-set-of-2-wall-art-prints,6,2379,0.25%,6.54
https://aboutwallart.com/es/blogs/news-articles-home-decor-inspiration/soothing-color-palettes-7,6,1797,0.33%,9.48
https://aboutwallart.com/blogs/news-articles-home-decor-inspiration/boho-wall-art-trends-which-styles-are-trending-now,6,1318,0.46%,5.06
https://aboutwallart.com/fr,6,1213,0.49%,20.13
https://aboutwallart.com/blogs/news-articles-home-decor-inspiration/luxurious-retreats-creating-opulent-and-relaxing-spaces-at-home,6,1109,0.54%,9.28
https://aboutwallart.com/pages/masculine-living-room-ideas,6,1044,0.57%,11.89
https://aboutwallart.com/products/japanese-art-print-set-of-2-wall-art-prints-for-living-room,6,1012,0.59%,7.02
https://aboutwallart.com/collections/light-up-your-wall-art,6,995,0.6%,12.13
https://aboutwallart.com/products/wall-picture-for-living-room-set-of-3-japanese-art-prints?variant=55161206079868,6,927,0.65%,5.69
https://aboutwallart.com/es/products/zack-calzo-premium-brushed-steel-shoe-horn-wall-mounted-55cm,6,274,2.19%,6.82
https://aboutwallart.com/products/2-tier-entryway-table,6,59,10.17%,4
https://aboutwallart.com/products/large-paintings-for-living-room-wall-set-of-3-wall-art-prints,5,38073,0.01%,8.62
https://aboutwallart.com/products/bathroom-artwork-prints-set-of-3-framed-wall-art-prints,5,14142,0.04%,6.02
https://aboutwallart.com/products/floral-art-for-bathroom-walls-uk-set-of-2-wall-art-prints-3,5,10239,0.05%,7.76
https://aboutwallart.com/products/bathroom-framed-pictures-set-of-3-shabby-chic-wall-art,5,10138,0.05%,5.61
https://aboutwallart.com/blogs/news-articles-home-decor-inspiration/wall-art-for-living-room-inspiring-ideas-tips,5,9426,0.05%,8.54
https://aboutwallart.com/products/japanese-art-wall-set-of-3-framed-wall-art,5,7606,0.07%,5.18
https://aboutwallart.com/products/artwork-for-kitchen-walls-set-of-3-wall-art,5,7111,0.07%,7.25
https://aboutwallart.com/products/laundry-room-decor-accessories-set-of-2-wall-art-prints,5,6288,0.08%,5.62
https://aboutwallart.com/products/calm-artwork-wall-art-prints-set-of-3-framed-prints,5,4621,0.11%,8.9
https://aboutwallart.com/blogs/news-articles-home-decor-inspiration/what-is-minimalist-art-the-beauty-of-less-is-more,5,3316,0.15%,10.84
https://aboutwallart.com/products/japanese-cherry-blossom-art-set-of-3-wall-art-prints,5,3238,0.15%,9.78
https://aboutwallart.com/products/japanese-crane-art-for-bedroom-set-of-3-wall-art-prints,5,3215,0.16%,10.42
https://aboutwallart.com/blogs/news-articles-home-decor-inspiration/interior-design-ideas-for-bedrooms-creating-your-sanctuary,5,2673,0.19%,7.92
https://aboutwallart.com/collections/office-wall-artwork?page=5,5,2532,0.2%,14.39
https://aboutwallart.com/blogs/news-articles-home-decor-inspiration/how-to-create-a-focal-point-gallery-wall-in-any-room,5,2079,0.24%,8.94
https://aboutwallart.com/pages/transitional-interior-design,5,1396,0.36%,10.38
https://aboutwallart.com/blogs/news-articles-home-decor-inspiration/what-are-the-key-home-interior-trends-2026-for-living-rooms,5,1377,0.36%,9.02
https://aboutwallart.com/collections/mediterranean-home-decor/travel-wall-art,5,1254,0.4%,9.03
https://aboutwallart.com/products/japanese-art-prints-set-of-3-framed-wall-art,5,1251,0.4%,7.18
https://aboutwallart.com/es/collections/framed-wall-pictures-for-living-room,5,1234,0.41%,5.62
https://aboutwallart.com/collections/all,5,1168,0.43%,11.35
https://aboutwallart.com/blogs/news-articles-home-decor-inspiration/kitchen-trends-for-2026-colours-layouts-and-must-have-features/,5,1026,0.49%,6.56
https://aboutwallart.com/fr/products/mens-bedroom-wall-art-set-of-3-wall-art-prints,5,841,0.59%,6.38
https://aboutwallart.com/es/blogs/news-articles-home-decor-inspiration/colors-that-go-with-grey-perfect-combinations-for-home-decor,5,805,0.62%,10.55
https://aboutwallart.com/blogs/news-articles-home-decor-inspiration/how-can-dining-room-galleries-transform-your-meals,5,797,0.63%,8.87
https://aboutwallart.com/blogs/news-articles-home-decor-inspiration/how-to-create-a-wow-factor-with-wall-art-decor,5,727,0.69%,12.91
https://aboutwallart.com/es/blogs/news-articles-home-decor-inspiration/kitchen-wall-art-expert-interior-design-tips-trends-2026,5,390,1.28%,4.43
https://aboutwallart.com/products/farmhouse-prints-for-a-bathroom-set-of-3-wall-art?pr_prod_strat=pinned&pr_rec_id=49a17ecea&pr_rec_pid=8811305828638&pr_ref_pid=9014023455006&pr_seq=uniform,5,25,20%,3.6
https://aboutwallart.com/fr/products/hans-wegner-ch07-shell-chair-brown-oak,5,8,62.5%,2.12
https://aboutwallart.com/products/japanese-bedroom-decor-set-of-3-wall-art-prints,4,16518,0.02%,7.94
https://aboutwallart.com/products/botanical-prints-for-kitchen-wall-set-of-3-wall-art-prints,4,14448,0.03%,6.93
https://aboutwallart.com/products/landscape-picture-frame-set-of-3-wall-art-prints,4,9129,0.04%,5.34
https://aboutwallart.com/products/christian-art-modern-for-bedroom-set-of-3-wall-art-prints-1,4,6557,0.06%,7.46
https://aboutwallart.com/collections/sun-and-moon-art,4,6291,0.06%,9.7
http://aboutwallart.com/cdn/shop/articles/small-studio-apartment-decor-10-genius-tips-hacks-for-maximising-space-500378.jpg?v=1765626345,4,5337,0.07%,14.48
https://aboutwallart.com/products/animal-wall-art-for-nursery-set-of-3-wall-art-prints,4,5111,0.08%,9.6
https://aboutwallart.com/blogs/news-articles-home-decor-inspiration/using-wall-art-to-complement-color-schemes-in-bedrooms,4,5086,0.08%,10.91
https://aboutwallart.com/products/artwork-for-the-kitchen-set-of-3-framed-wall-art,4,4845,0.08%,8.74
https://aboutwallart.com/products/christian-set-of-3-pictures-for-hallway-set-of-3-wall-art-prints,4,4798,0.08%,7.89
https://aboutwallart.com/blogs/news-articles-home-decor-inspiration/tips-for-gallery-wall-planning-to-showcase-your-style,4,3700,0.11%,5.86
https://aboutwallart.com/products/arabic-calligraphy-art-wall-art-print?variant=46491518763294,4,3233,0.12%,9.42
https://aboutwallart.com/collections/eclectic-maximalist-decor,4,3109,0.13%,10.37
https://aboutwallart.com/blogs/news-articles-home-decor-inspiration/understanding-wall-art-size-guide,4,2888,0.14%,8.35
https://aboutwallart.com/blogs/news-articles-home-decor-inspiration/studio-apartment-ideas-small-space-design-solutions-for-2026,4,2607,0.15%,4.3
https://aboutwallart.com/products/large-living-room-wall-art-set-of-3-wall-art-prints,4,2437,0.16%,7.78
https://aboutwallart.com/blogs/news-articles-home-decor-inspiration/home-decorating-trends-for-2026-what-s-in-and-what-s-out,4,2319,0.17%,5.31
https://aboutwallart.com/products/toilet-wall-decor-set-of-3-blue-botanical-wall-art,4,2272,0.18%,6.47
https://aboutwallart.com/blogs/news-articles-home-decor-inspiration/designing-impactful-gallery-walls-for-modern-homes-10-beautiful-gallery-wall-ideas,4,2234,0.18%,8.51
https://aboutwallart.com/products/classy-bathroom-wall-art-set-of-3-framed-bathroom-prints,4,2138,0.19%,5.55
https://aboutwallart.com/products/white-and-black-wall-art-set-of-3-prints,4,2089,0.19%,6.17
https://aboutwallart.com/blogs/news-articles-home-decor-inspiration/stylish-bedroom-ideas-to-create-the-perfect-guest-room,4,1791,0.22%,9.33
https://aboutwallart.com/products/3-pictures-above-bed-set-of-3-framed-wall-art?variant=55160998855036&country=GB&currency=GBP,4,1499,0.27%,6.1
https://aboutwallart.com/pages/zen-room-decorations,4,1479,0.27%,10.22
https://aboutwallart.com/collections/spiritual-wall-art,4,1322,0.3%,11.21
https://aboutwallart.com/es/blogs/news-articles-home-decor-inspiration/determining-what-frame-size-do-i-need-for-my-space,4,1299,0.31%,6.42
https://aboutwallart.com/blogs/news-articles-home-decor-inspiration/how-to-use-art-on-walls-to-anchor-a-color-scheme?_pos=1&_sid=8c93e9c77&_ss=r,4,1171,0.34%,9.53
https://aboutwallart.com/products/relax-soak-unwind-wall-art-set-of-3-art-prints,4,1156,0.35%,7.41
https://aboutwallart.com/blogs/news-articles-home-decor-inspiration/wall-arts-for-living-room-the-dilemma-of-wallpaper-vs-art,4,964,0.41%,7.27
https://aboutwallart.com/es/blogs/news-articles-home-decor-inspiration/understanding-art-in-interior-design,4,904,0.44%,8.94
https://aboutwallart.com/blogs/news-articles-home-decor-inspiration/are-your-kitchen-walls-begging-for-a-makeover-that-s-both-chic-and-practical,4,863,0.46%,12.42
https://aboutwallart.com/fr/blogs/news-articles-home-decor-inspiration/transforming-spaces-the-power-of-japan-prints-and-feng-shui,4,861,0.46%,11.95
https://aboutwallart.com/products/paris-vintage-posters-travel-art-prints-set-of-3-wall-art-prints,4,841,0.48%,9.59
https://aboutwallart.com/blogs/news-articles-home-decor-inspiration/the-symbolism-behind-wedding-anniversary-gifts-by-year?_pos=6&_sid=e7e6f067b&_ss=r,4,812,0.49%,21.44
https://aboutwallart.com/blogs/news-articles-home-decor-inspiration/coastal-home-decor-light-breezy-ideas-for-a-beach-inspired-home,4,721,0.55%,9.62
https://aboutwallart.com/blogs/news-articles-home-decor-inspiration/the-best-art-for-bedrooms-relaxing-pieces-and-placement-tips,4,693,0.58%,5.46
https://aboutwallart.com/blogs/news-articles-home-decor-inspiration/hanging-framed-pictures-in-living-room-a-design-guide,4,591,0.68%,6.06
https://aboutwallart.com/blogs/news-articles-home-decor-inspiration/childrens-room-picture-ideas-to-inspire-imagination,4,494,0.81%,8.86
https://aboutwallart.com/blogs/news-articles-home-decor-inspiration/art-as-stress-relief-how-creativity-can-calm-the-mind/,4,468,0.85%,4.68
https://aboutwallart.com/blogs/news-articles-home-decor-inspiration/list-of-interior-design-styles-find-the-perfect-look-for-your-home,4,394,1.02%,13.55
https://aboutwallart.com/products/3-pictures-above-bed-set-of-3-framed-wall-art?variant=55160998789500&country=GB&currency=GBP,4,390,1.03%,6.97
https://aboutwallart.com/blogs/news-articles-home-decor-inspiration/wall-art-interior-styling-how-to-create-cohesive-calm-beautiful-home-interiors,4,371,1.08%,6.39
https://aboutwallart.com/fr/blogs/news-articles-home-decor-inspiration/old-money-style-interiors-classic-design-trends,4,224,1.79%,5.81
https://aboutwallart.com/fr/blogs/news-articles-home-decor-inspiration/bible-scripture-wall-art-prints-inspire-your-home-decor,4,167,2.4%,7.1
https://aboutwallart.com/fr/collections/bundles,4,145,2.76%,7.55
https://aboutwallart.com/products/zack-bevo-premium-brushed-stainless-steel-butter-dish-german-engineering-excellence,4,38,10.53%,7.05
https://aboutwallart.com/products/wall-pictures-for-bathroom-set-of-3-framed-wall-art-prints?pr_prod_strat=pinned&pr_rec_id=1af6c8825&pr_rec_pid=8167973191966&pr_ref_pid=8802079899934&pr_seq=uniform,4,26,15.38%,6.65
https://aboutwallart.com/products/abstract-marble-teal-painting-set-of-3-wall-art-prints?pr_prod_strat=collection_fallback&pr_rec_id=aa1c9b9fe&pr_rec_pid=8168004059422&pr_ref_pid=8517913968926&pr_seq=uniform,4,14,28.57%,8.43
https://aboutwallart.com/collections/art-prints-for-wall,3,12589,0.02%,10.69
https://aboutwallart.com/products/arabic-calligraphy-art-wall-art-print,3,9150,0.03%,6.62
https://aboutwallart.com/products/tropical-bedroom-decor-set-of-3-wall-art-prints-1,3,7992,0.04%,6.57
https://aboutwallart.com/blogs/news-articles-home-decor-inspiration/chic-pink-preppy-room-ideas-for-a-stylish-and-fun-space,3,6018,0.05%,7.43
https://aboutwallart.com/products/christian-living-room-wall-prints-set-of-3-wall-art-prints,3,5889,0.05%,9.27
https://aboutwallart.com/products/geometric-patterns-in-islamic-art-for-bedroom-set-of-3-wall-art-prints,3,5874,0.05%,9.79
https://aboutwallart.com/collections/prints-of-love,3,4987,0.06%,12.68
https://aboutwallart.com/products/abstract-large-wall-art-set-of-3-black-and-gold-prints,3,4713,0.06%,6.65
https://aboutwallart.com/products/copper-wall-art-set-of-3-framed-wall-art-prints,3,4604,0.07%,6.26
https://aboutwallart.com/products/wabi-sabi-wall-art-set-of-3-framed-wall-art-prints,3,4471,0.07%,8.66
https://aboutwallart.com/products/botanical-art-print-set-of-3-wall-art-prints,3,4373,0.07%,8.33
https://aboutwallart.com/blogs/news-articles-home-decor-inspiration/home-decor-trends-now-what-people-are-actually-buying-in-2027,3,4084,0.07%,7.82
https://aboutwallart.com/products/asian-living-room-wall-pictures-set-of-2-wall-art-prints,3,4060,0.07%,9.77
https://aboutwallart.com/products/small-pictures-for-bathrooms-set-of-3-framed-wall-art,3,3617,0.08%,6.24
https://aboutwallart.com/fr/collections/all,3,3224,0.09%,7.57
https://aboutwallart.com/products/framed-pictures-for-bathroom-set-of-3-wall-art-prints,3,3087,0.1%,8.47
https://aboutwallart.com/products/coffee-shop-decorations-set-of-3-wall-art-prints,3,3070,0.1%,8.35
https://aboutwallart.com/collections/pink-wall-art,3,2910,0.1%,14.1
https://aboutwallart.com/products/coffee-art-prints-set-of-3-wall-art,3,2788,0.11%,7.28
https://aboutwallart.com/blogs/news-articles-home-decor-inspiration/modern-wall-art-ideas,3,2763,0.11%,10.49
https://aboutwallart.com/blogs/news-articles-home-decor-inspiration/essential-accessories-for-living-room-decor-for-your-space,3,2723,0.11%,12.92
https://aboutwallart.com/blogs/news-articles-home-decor-inspiration/prints-for-living-room,3,2380,0.13%,9.3
https://aboutwallart.com/blogs/news-articles-home-decor-inspiration/home-decor-trends-for-2026-key-looks-for-every-room,3,2299,0.13%,5.7
https://aboutwallart.com/products/cherry-blossoms-wall-art-for-home-office-set-of-2,3,2208,0.14%,9.58
https://aboutwallart.com/products/bathroom-wall-art-prints-set-of-3,3,1867,0.16%,8.03
https://aboutwallart.com/products/islamic-wall-art-frames-set-of-3-wall-art-prints,3,1787,0.17%,7.09
https://aboutwallart.com/blogs/news-articles-home-decor-inspiration/how-to-create-a-gallery-wall-simple-steps-to-transform-any-room,3,1718,0.17%,6.8
https://aboutwallart.com/products/botanical-prints-set-of-3-wall-art-prints?pr_prod_strat=pinned&pr_rec_id=44cd18ee2&pr_rec_pid=8167978565918&pr_ref_pid=8167978205470&pr_seq=uniform,3,1664,0.18%,1.04
https://aboutwallart.com/blogs/news-articles-home-decor-inspiration/laundry-room-decor-tips-for-a-functional-and-beautiful-space,3,1549,0.19%,8.21
https://aboutwallart.com/blogs/news-articles-home-decor-inspiration/the-next-5-years-home-decor-design-trends,3,1541,0.19%,9.7
https://aboutwallart.com/products/bathroom-wall-art-uk-set-of-3-tropical-gold-wall-art,3,1478,0.2%,6.66
https://aboutwallart.com/products/botanical-prints-for-kitchen-wall-set-of-3-wall-art-prints?pr_prod_strat=pinned&pr_rec_id=5612d5109&pr_rec_pid=8167989051678&pr_ref_pid=8167977091358&pr_seq=uniform,3,1428,0.21%,11.65
https://aboutwallart.com/es/products/black-and-white-prints-set-of-3-framed-wall-art-prints?pr_prod_strat=pinned&pr_rec_id=dd713a7ce&pr_rec_pid=8167991083294&pr_ref_pid=8167990853918&pr_seq=uniform,3,1340,0.22%,1.05
https://aboutwallart.com/blogs/news-articles-home-decor-inspiration/how-can-current-interior-design-trends-help-create-a-calmer-home,3,1241,0.24%,11.02
https://aboutwallart.com/blogs/news-articles-home-decor-inspiration/boho-art-design-how-to-master-bohemian-wall-decor,3,1232,0.24%,6.17
https://aboutwallart.com/collections/zodiac-wall-art,3,1223,0.25%,11.02
https://aboutwallart.com/blogs/news-articles-home-decor-inspiration/how-to-design-lounge-room-that-feels-effortlessly-stylish,3,1063,0.28%,4.92
https://aboutwallart.com/blogs/news-articles-home-decor-inspiration/understanding-art-and-wellbeing-impact-and-insights,3,1004,0.3%,9.96
https://aboutwallart.com/blogs/news-articles-home-decor-inspiration/small-space-decorating-ideas-8-smart-ideas,3,992,0.3%,11.3
https://aboutwallart.com/products/zen-wall-art-set-of-3-wall-art-prints,3,927,0.32%,8.01
https://aboutwallart.com/products/pictures-for-the-hallway-set-of-3-framed-wall-art-prints?variant=55856534421884&country=GB&currency=GBP,3,889,0.34%,7.27
https://aboutwallart.com/blogs/news-articles-home-decor-inspiration/family-room-interiors-to-inspire-comfort-and-togetherness,3,830,0.36%,9.57
https://aboutwallart.com/products/bedroom-pictures-for-wall-set-of-3-art-prints?variant=55849798271356,3,799,0.38%,4.12
https://aboutwallart.com/products/neutral-gold-wall-art-for-bathroom-walls-set-of-3-wall-art?pr_prod_strat=pinned&pr_rec_id=c07e81ccb&pr_rec_pid=8811280400670&pr_ref_pid=8811288756510&pr_seq=uniform,3,748,0.4%,9.02
https://aboutwallart.com/blogs/news-articles-home-decor-inspiration/choosing-art-for-small-spaces-7-smart-tips,3,667,0.45%,9.53
https://aboutwallart.com/blogs/news-articles-home-decor-inspiration/apartment-interior-renovation-checklist-planning-design-trends-cost-factors,3,605,0.5%,6.6
https://aboutwallart.com/blogs/news-articles-home-decor-inspiration/the-best-art-for-bedrooms-relaxing-pieces-and-placement-tips/,3,578,0.52%,6.55
https://aboutwallart.com/blogs/news-articles-home-decor-inspiration/a-guide-to-a-different-type-of-interior-design-for-a-calming-home,3,551,0.54%,6.73
https://aboutwallart.com/collections/games-room-decor,3,538,0.56%,10.94
https://aboutwallart.com/es/blogs/news-articles-home-decor-inspiration/top-8-coastal-decor-home-ideas-on-a-budget,3,506,0.59%,6.72
https://aboutwallart.com/es/blogs/news-articles-home-decor-inspiration/creating-a-gallery-wall-feel-in-a-small-flat,3,462,0.65%,10.03
https://aboutwallart.com/products/new-york-city-wall-art-set-of-3-prints-for-home-office-decor,3,372,0.81%,10.42
https://aboutwallart.com/blogs/news-articles-home-decor-inspiration/childrens-room-wall-art-ideas-for-every-age-and-interest/,3,335,0.9%,6.71
https://aboutwallart.com/products/modern-islamic-wall-art-set-of-2-wall-art-prints-1,3,323,0.93%,10.83
https://aboutwallart.com/blogs/news-articles-home-decor-inspiration/design-principles-in-art-simple-rules-for-better-wall-displays,3,301,1%,5.13
https://aboutwallart.com/blogs/news-articles-home-decor-inspiration/summer-design-ideas-made-easy-complete-beginners-guide,3,166,1.81%,15.7
https://aboutwallart.com/products/churchill-games-extra-small-white-and-black-noughts-and-crosses?pr_prod_strat=e5_desc&pr_rec_id=0fd6fd30d&pr_rec_pid=15684430889340&pr_ref_pid=15684438196604&pr_seq=uniform,3,132,2.27%,7.4
https://aboutwallart.com/products/cherry-blossoms-wall-art-for-home-office-set-of-2?pr_prod_strat=pinned&pr_rec_id=3f3d85dbc&pr_rec_pid=8167992262942&pr_ref_pid=8167992099102&pr_seq=uniform,3,106,2.83%,1.03
https://aboutwallart.com/blogs/news-articles-home-decor-inspiration/birthstone-presents-beyond-jewellery,3,55,5.45%,6.95
https://aboutwallart.com/products/industrial-pipe-clothing-rack-heavy-duty-wall-mounted-garment-bar-open-wardrobe-storage-adjustable-90-cm-135-cm-108cm,3,44,6.82%,11.02
https://aboutwallart.com/products/wall-art-bathroom-set-of-3-framed-bathroom-prints?variant=55856542417276,3,20,15%,7.35
https://aboutwallart.com/collections/biophilic-interior-design?page=3,3,16,18.75%,5.88
https://aboutwallart.com/products/modern-bathroom-wall-decor-ideas-set-of-3-wall-art-prints?variant=55160422662524&country=GB&currency=GBP,3,15,20%,6.87
https://aboutwallart.com/products/floral-kitchen-prints-for-walls-set-of-2-wall-art-prints?pr_prod_strat=e5_desc&pr_rec_id=c03899d6a&pr_rec_pid=9018058735902&pr_ref_pid=8236092326174&pr_seq=uniform,3,10,30%,5.5
https://aboutwallart.com/products/copper-wall-art-set-of-3-framed-wall-art-prints?pr_prod_strat=e5_desc&pr_rec_id=662702d6a&pr_rec_pid=8168003240222&pr_ref_pid=8167989608734&pr_seq=uniform,3,7,42.86%,4
https://aboutwallart.com/products/living-room-prints-set-of-3-wall-art?variant=49280560038174&currency=GBP,3,4,75%,2
https://aboutwallart.com/products/salmo-large-white-marble-obelisk?variant=56104449409404&country=GB&currency=GBP&utm_medium=product_sync&utm_source=google&utm_content=sag_organic&utm_campaign=sag_organic,3,3,100%,4.33
https://aboutwallart.com/products/framed-large-wall-art-set-of-3-modern-mid-century-wall-art,2,21819,0.01%,10.27
https://aboutwallart.com/products/boho-nursery-decor-set-of-2-wall-art-prints,2,21186,0.01%,6.92
https://aboutwallart.com/products/black-and-white-line-art-for-bedroom-set-of-2-wall-art-prints,2,13139,0.02%,8.01
https://aboutwallart.com/blogs/news-articles-home-decor-inspiration/tips-for-using-wall-art-decor-for-bedroom-to-elevate-your-space,2,7653,0.03%,6.49
https://aboutwallart.com/products/french-country-bedroom-decor-set-of-3-framed-wall-art-prints,2,7326,0.03%,4.18
https://aboutwallart.com/products/grey-paintings-for-bedroom-set-of-3-wall-art-prints,2,7229,0.03%,5.22
https://aboutwallart.com/products/art-wall-office-set-of-3-framed-wall-art,2,5089,0.04%,11.32
https://aboutwallart.com/products/paris-posters-for-living-room-set-of-3-wall-art-prints,2,4615,0.04%,7.52
https://aboutwallart.com/products/personalised-family-tree-gift-wall-art-print,2,4524,0.04%,6.78
https://aboutwallart.com/products/small-pictures-for-bathroom-set-of-2-wall-art-prints,2,3625,0.06%,8.94
https://aboutwallart.com/products/wall-art-for-bathrooms-uk-set-of-3-bathroom-wall-decor,2,3462,0.06%,7.72
https://aboutwallart.com/blogs/news-articles-home-decor-inspiration/creative-childrens-room-wall-decorations,2,3385,0.06%,9.25
https://aboutwallart.com/products/botanical-bathroom-set-of-3-bathroom-wall-decor,2,3062,0.07%,10.14
https://aboutwallart.com/collections/abstract-art-prints,2,2757,0.07%,33.77
https://aboutwallart.com/blogs/news-articles-home-decor-inspiration/wall-gallery-layouts-from-blank-walls-to-a-perfect-gallery,2,2732,0.07%,7.78
https://aboutwallart.com/products/luxury-wall-decor-set-of-2-wall-art-prints,2,2724,0.07%,10.16
https://aboutwallart.com/products/hallway-art-set-of-2-flying-birds-wall-art-prints,2,2399,0.08%,8.86
https://aboutwallart.com/collections/pastel-art,2,2380,0.08%,10.85
https://aboutwallart.com/es/blogs/news-articles-home-decor-inspiration/bible-scripture-wall-art-prints-inspire-your-home-decor,2,2343,0.09%,5.99
https://aboutwallart.com/blogs/news-articles-home-decor-inspiration/12-small-restroom-decor-ideas,2,2306,0.09%,7.78
https://aboutwallart.com/products/ideas-for-office-wall-decor-set-of-3-wall-art-prints,2,1961,0.1%,11.1
https://aboutwallart.com/products/wall-decor-bedroom-set-of-3-wall-art-prints,2,1871,0.11%,6.17
https://aboutwallart.com/products/utility-room-decor-wall-art-print,2,1785,0.11%,5.17
https://aboutwallart.com/products/ramadan-decoration-ideas-set-of-3-wall-art-prints,2,1777,0.11%,6.99
https://aboutwallart.com/products/bathroom-pictures-framed-set-of-3-botanical-wall-art-prints,2,1652,0.12%,6.29
https://aboutwallart.com/blogs/news-articles-home-decor-inspiration/a-guide-to-finding-your-home-decor-style,2,1516,0.13%,10.24
https://aboutwallart.com/products/oriental-wall-art-set-of-3-wall-art-prints,2,1466,0.14%,6.9
https://aboutwallart.com/es/blogs/news-articles-home-decor-inspiration/discover-perfect-above-the-bed-decor-ideas,2,1403,0.14%,6.99
https://aboutwallart.com/products/personalised-wall-art-family-tree,2,1393,0.14%,8.25
https://aboutwallart.com/products/robots-nursery-hanging-decor-set-of-3-wall-art-prints,2,1334,0.15%,8.5
https://aboutwallart.com/products/large-wall-art-for-living-room-set-of-3-wall-art-prints,2,1323,0.15%,10.24
https://aboutwallart.com/products/wall-art-for-bathrooms-uk-set-of-3-bathroom-wall-decor?variant=55161232490876&country=GB&currency=GBP,2,1255,0.16%,8.77
https://aboutwallart.com/blogs/news-articles-home-decor-inspiration/how-to-create-a-cohesive-design-scheme-for-your-home-a-designer-s-step-by-step-guide,2,1221,0.16%,5.37
https://aboutwallart.com/products/beach-theme-decor-wall-art-set-of-3-wall-art-prints,2,1052,0.19%,7.66
https://aboutwallart.com/blogs/news-articles-home-decor-inspiration/entryway-decor-ideas-for-a-welcoming-first-impression,2,1007,0.2%,12.82
https://aboutwallart.com/products/pictures-for-the-hallway-set-of-3-framed-wall-art-prints?variant=55161022939516&country=GB&currency=GBP,2,961,0.21%,7.08
https://aboutwallart.com/products/japandi-art-for-bedroom-set-of-3-wall-art-prints,2,958,0.21%,7.25
https://aboutwallart.com/blogs/news-articles-home-decor-inspiration/choosing-the-right-wall-art-for-living-room-tips-and-trends,2,934,0.21%,7.61
https://aboutwallart.com/blogs/news-articles-home-decor-inspiration/best-minimalist-black-and-white-art-for-small-spaces-and-apartments,2,918,0.22%,7.69
https://aboutwallart.com/products/asian-artwork-set-of-3-framed-wall-art-prints,2,911,0.22%,7.21
https://aboutwallart.com/products/christian-religious-wall-art-set-of-3-prints-for-bedroom-walls,2,854,0.23%,9.03
https://aboutwallart.com/blogs/news-articles-home-decor-inspiration/how-big-should-wall-art-be-above-a-sofa/,2,817,0.24%,6.31
https://aboutwallart.com/products/scandi-artwork-prints-set-of-3-framed-prints,2,750,0.27%,7.44
https://aboutwallart.com/es/blogs/news-articles-home-decor-inspiration/black-and-white-magic-creating-galleries-framed-wall-art,2,703,0.28%,6.43
https://aboutwallart.com/blogs/news-articles-home-decor-inspiration/office-wall-decor-ideas-trending-wall-art-ideas-for-every-room,2,695,0.29%,9.18
https://aboutwallart.com/products/japanese-pagoda-set-of-3-wall-art-prints-for-office,2,668,0.3%,11.13
https://aboutwallart.com/es/blogs/news-articles-home-decor-inspiration/8-creative-teenage-bedroom-decor-ideas,2,628,0.32%,18.23
https://aboutwallart.com/collections/dressing-room-decor,2,622,0.32%,9.82
https://aboutwallart.com/collections/scandi-home-decor-1,2,622,0.32%,14.43
https://aboutwallart.com/es/blogs/news-articles-home-decor-inspiration/calming-home-decor-ideas-for-a-stress-free-space,2,603,0.33%,8.59
https://aboutwallart.com/pages/mediterranean-home-decor-trend,2,568,0.35%,9.93
https://aboutwallart.com/products/bathroom-prints-in-uk-set-of-3-chinoiserie-wall-prints,2,550,0.36%,8.37
https://aboutwallart.com/es/blogs/news-articles-home-decor-inspiration/blossoming-trends-botanical-wall-art-for-bedroom,2,540,0.37%,9.1
https://aboutwallart.com/blogs/news-articles-home-decor-inspiration/best-plants-for-offices-bring-life-into-your-workspace,2,537,0.37%,9.28
https://aboutwallart.com/products/utility-room-decor-wall-art-print?variant=49245196681502&country=GB&currency=GBP,2,535,0.37%,4.81
https://aboutwallart.com/products/classy-bathroom-wall-art-set-of-3-framed-bathroom-prints?variant=55160860344700&country=GB&currency=GBP,2,535,0.37%,7.52
https://aboutwallart.com/products/wall-pictures-for-lounge-room-set-of-2-italian-lifestyle-wall-art-prints?variant=55748669538684&country=GB&currency=GBP,2,527,0.38%,4.63
https://aboutwallart.com/products/islamic-framed-wall-art-print,2,509,0.39%,8.19
https://aboutwallart.com/products/french-country-bedroom-decor-set-of-3-framed-wall-art-prints?variant=55849209069948,2,498,0.4%,7.85
https://aboutwallart.com/products/islamic-prints-wall-art-for-hallway-decor,2,492,0.41%,9.41
https://aboutwallart.com/es/blogs/news-articles-home-decor-inspiration/stylish-behind-toilet-decor-5-ideas-to-transform-your-small-bathroom,2,416,0.48%,4.52
https://aboutwallart.com/blogs/news-articles-home-decor-inspiration/black-and-white-magic-creating-galleries-framed-wall-art,2,408,0.49%,5.65
https://aboutwallart.com/blogs/news-articles-home-decor-inspiration/black-and-white-wall-art-expert-design-tips-and-inspiration,2,406,0.49%,7.1
https://aboutwallart.com/blogs/news-articles-home-decor-inspiration/how-to-use-typography-for-a-playful-kitchen-wall-art-decor,2,402,0.5%,9.94
https://aboutwallart.com/blogs/news-articles-home-decor-inspiration/essential-tips-for-moving-house,2,387,0.52%,8.61
https://aboutwallart.com/blogs/news-articles-home-decor-inspiration/japanese-cherry-blossom-art-for-small-spaces-and-apartments,2,374,0.53%,7.07
https://aboutwallart.com/pages/about-us,2,364,0.55%,4.24
https://aboutwallart.com/products/pictures-for-the-hallway-set-of-3-framed-wall-art-prints?variant=55849766289788&country=GB&currency=GBP,2,363,0.55%,6.94
https://aboutwallart.com/collections/industrial-home-decor/living-room-art,2,359,0.56%,8.76
https://aboutwallart.com/blogs/news-articles-home-decor-inspiration/how-to-create-a-focal-point-gallery-wall-in-any-room/,2,353,0.57%,5.89
https://aboutwallart.com/products/mens-bedroom-wall-art-set-of-3-wall-art-prints?variant=55160915493244,2,353,0.57%,6.59
https://aboutwallart.com/products/hallway-wall-art-set-of-3-wall-art-prints,2,351,0.57%,7.92
https://aboutwallart.com/pages/interior-design-guide-principles-and-concepts,2,307,0.65%,12.91
https://aboutwallart.com/collections/modern-home-decor-1,2,306,0.65%,27.48
https://aboutwallart.com/blogs/news-articles-home-decor-inspiration/how-to-select-the-right-pictures-frames-for-your-artwork,2,300,0.67%,8.34
https://aboutwallart.com/products/artwork-for-the-kitchen-set-of-3-framed-wall-art?variant=55160540463484&country=GB&currency=GBP,2,297,0.67%,10.54
https://aboutwallart.com/es/blogs/news-articles-home-decor-inspiration/master-botanical-themed-bedroom-like-a-professional-designer,2,296,0.68%,5.89
https://aboutwallart.com/products/Islamic-wall-Art-With-Frame-for-living-room-Set-of-3-wall-art-prints,2,294,0.68%,10.06
https://aboutwallart.com/blogs/news-articles-home-decor-inspiration/kitchen-trends-for-2026-colours-layouts-and-must-have-features,2,290,0.69%,6.87
https://aboutwallart.com/blogs/news-articles-home-decor-inspiration/designing-a-clutter-free-kids-playroom-childrens-playroom-ideas?_pos=7&_sid=e3c44c775&_ss=r,2,288,0.69%,5.78
https://aboutwallart.com/fr/collections/scandinavian-wall-art,2,278,0.72%,19.81
https://aboutwallart.com/es/blogs/news-articles-home-decor-inspiration/canvas-wall-arts-vs-framed-prints-whats-best-for-each-room,2,272,0.74%,7.34
https://aboutwallart.com/es/blogs/news-articles-home-decor-inspiration/the-ultimate-wall-art-placement-guide-where-to-hang-art-in-every-room-of-your-home,2,266,0.75%,6.81
https://aboutwallart.com/products/walnut-wood-laundry-hamper,2,262,0.76%,8.39
https://aboutwallart.com/blogs/news-articles-home-decor-inspiration/creative-study-room-decor-ideas-to-boost-focus-and-style,2,261,0.77%,6.58
https://aboutwallart.com/fr/blogs/news-articles-home-decor-inspiration/wall-art-for-high-ceilings-7-creative-ideas,2,248,0.81%,3.94
https://aboutwallart.com/blogs/news-articles-home-decor-inspiration/how-to-make-a-rental-decor-feel-like-home,2,247,0.81%,10.54
https://aboutwallart.com/pages/contact,2,237,0.84%,9.72
https://aboutwallart.com/es/blogs/news-articles-home-decor-inspiration/how-to-decorate-a-large-wall-in-a-living-room-with-wall-art,2,222,0.9%,9.93
https://aboutwallart.com/products/bathroom-artwork-prints-set-of-3-framed-wall-art-prints?pr_prod_strat=pinned&pr_rec_id=2502a320f&pr_rec_pid=8167972241694&pr_ref_pid=8167972897054&pr_seq=uniform,2,213,0.94%,1
https://aboutwallart.com/es/blogs/news-articles-home-decor-inspiration/hanging-framed-pictures-in-living-room-a-design-guide,2,204,0.98%,5.21
https://aboutwallart.com/blogs/news-articles-home-decor-inspiration/how-to-use-wall-art-to-brighten-a-dark-room,2,196,1.02%,9.94
https://aboutwallart.com/collections/above-fireplaces?page=2,2,190,1.05%,7.61
https://aboutwallart.com/blogs/news-articles-home-decor-inspiration/how-to-care-for-and-maintain-wall-art,2,190,1.05%,10.85
https://aboutwallart.com/es/products/japan-art-prints-set-of-3-wall-art-prints-for-living-room,2,184,1.09%,9.25
https://aboutwallart.com/es/blogs/news-articles-home-decor-inspiration/types-of-wall-art-materials-guide-to-choosing-the-one,2,176,1.14%,5.56
https://aboutwallart.com/products/mens-bedroom-wall-art-set-of-3-wall-art-prints?variant=55160916181372,2,154,1.3%,5.91
https://aboutwallart.com/cdn/shop/articles/quirky-kitchen-wall-art-ideas-for-fun-lived-in-spaces-7265243.png?v=1768947558&width=360,2,141,1.42%,19.38
https://aboutwallart.com/blogs/news-articles-home-decor-inspiration/your-ultimate-interior-styles-list-for-a-beautiful-home,2,137,1.46%,9.33
https://aboutwallart.com/products/office-wall-decorations-set-of-3-framed-wall-art-prints?pr_prod_strat=use_description&pr_rec_id=3499e27c1&pr_rec_pid=8167998587166&pr_ref_pid=8167999963422&pr_seq=uniform,2,120,1.67%,1.25
https://aboutwallart.com/products/nursery-prints-set-of-3-wall-art-prints?variant=55849792962940,2,117,1.71%,7.17
https://aboutwallart.com/es/blogs/news-articles-home-decor-inspiration/a-journey-through-the-history-of-wall-art,2,115,1.74%,5.98
https://aboutwallart.com/collections/new-arrivals,2,111,1.8%,3.61
https://aboutwallart.com/pages/gallery-wall-planner,2,111,1.8%,21.58
https://aboutwallart.com/products/islamic-wall-art-in-the-uk-set-of-2-wall-art-prints?variant=44621641941278,2,108,1.85%,12.44
https://aboutwallart.com/es/blogs/news-articles-home-decor-inspiration/design-principles-in-art-simple-rules-for-better-wall-displays,2,107,1.87%,6.74
https://aboutwallart.com/products/abstract-wall-art-framed-set-of-3-purple-wall-art-prints?variant=55850477617532&country=GB&currency=GBP,2,103,1.94%,4.13
https://aboutwallart.com/products/space-posters-set-of-3-wall-art-prints,2,102,1.96%,9.43
https://aboutwallart.com/blogs/news-articles-home-decor-inspiration/how-to-use-a-nursery-decor-style-that-grows-with-your-child,2,92,2.17%,10.05
https://aboutwallart.com/es/products/norway-narrow-walnut-bedside-table,2,91,2.2%,3.62
https://aboutwallart.com/products/scandinavian-white-oak-logan-narrow-bedside-table,2,91,2.2%,6.54
https://aboutwallart.com/es/blogs/news-articles-home-decor-inspiration/summer-design-ideas-made-easy-complete-beginners-guide,2,89,2.25%,6.82
https://aboutwallart.com/fr/pages/write-for-us,2,85,2.35%,8.12
https://aboutwallart.com/pages/join-us,2,81,2.47%,7.58
https://aboutwallart.com/products/framed-artworks-set-of-3-chinoiserie-wall-art-prints?variant=55748541153660&country=GB&currency=GBP,2,81,2.47%,8.51
https://aboutwallart.com/products/wall-decor-for-childrens-rooms-butterfly-wall-art?variant=47781219205406&country=GB&currency=GBP,2,80,2.5%,7.62
https://aboutwallart.com/blogs/news-articles-home-decor-inspiration/ideas-for-decorating-the-home-7,2,80,2.5%,9.1
https://aboutwallart.com/blogs/news-articles-home-decor-inspiration/warm-minimalism-how-to-create-a-calm-yet-cosy-home/,2,78,2.56%,7.85
https://aboutwallart.com/es/pages/wall-art-size-calculator,2,77,2.6%,11.04
https://aboutwallart.com/products/belluri-raindrop-mirror-with-candle-holders,2,66,3.03%,6.35
https://aboutwallart.com/products/teal-coloured-wall-art-set-of-3-framed-wall-art-prints?variant=55160722325884&country=GB&currency=GBP,2,61,3.28%,8.82
https://aboutwallart.com/collections/pastel-art/living-room-art?page=3,2,61,3.28%,11.44
https://aboutwallart.com/products/utility-room-decor-wall-art-print?variant=49245196419358&country=GB&currency=GBP,2,48,4.17%,12.73
https://aboutwallart.com/products/morocco-prints-set-of-3-wall-art-prints,2,46,4.35%,11.04
https://aboutwallart.com/es/blogs/news-articles-home-decor-inspiration/solving-focal-point-issues-with-the-right-sitting-room-art,2,43,4.65%,6.56
https://aboutwallart.com/es/blogs/news-articles-home-decor-inspiration/my-guide-to-guy-home-decor-creating-a-stylish-masculine-home,2,42,4.76%,5.29
https://aboutwallart.com/es/blogs/news-articles-home-decor-inspiration/birthstone-presents-beyond-jewellery,2,42,4.76%,14.76
https://aboutwallart.com/es/products/berries-prints-for-a-kitchen-wall-set-of-2-wall-art-prints?pr_prod_strat=e5_desc&pr_rec_id=de3689842&pr_rec_pid=8236083544350&pr_ref_pid=8167974732062&pr_seq=uniform,2,38,5.26%,4.89
https://aboutwallart.com/es/pages/zen-room-decorations,2,37,5.41%,10.3
https://aboutwallart.com/products/bathroom-wall-art-prints-set-of-3?variant=55161139462524&country=GB&currency=GBP,2,27,7.41%,6.74
https://aboutwallart.com/products/new-york-city-wall-art-set-of-3-prints-for-home-office-decor?variant=55161035784572&country=GB&currency=GBP,2,24,8.33%,7.75
https://aboutwallart.com/products/ubravoo-baby-gate-for-doors-and-stairs-height-100-cm-safety-pet-gate-automatic-closure-triple-locking,2,23,8.7%,4.39
https://aboutwallart.com/products/zen-bedroom-decor-set-of-3-japanese-wall-art?pr_prod_strat=e5_desc&pr_rec_id=29826fb0e&pr_rec_pid=9018015875358&pr_ref_pid=9015609622814&pr_seq=uniform,2,21,9.52%,1.62
https://aboutwallart.com/blogs/news-articles-home-decor-inspiration/tagged/current-wall-colour-trends,2,21,9.52%,9.57
https://aboutwallart.com/products/coffee-prints-for-kitchen-set-of-3-wall-art-prints?variant=55161410158972&country=GB&currency=GBP,2,20,10%,3.9
https://aboutwallart.com/products/japandi-art-for-bedroom-set-of-3-wall-art-prints?variant=55161849086332,2,20,10%,6
https://aboutwallart.com/products/modern-laundry-room-ideas-set-of-3-wall-art-prints?variant=49245266936094,2,20,10%,14.25
https://aboutwallart.com/products/zack-bevo-premium-brushed-stainless-steel-butter-dish-german-engineering-excellence?variant=55924089389436&country=GB&currency=GBP,2,19,10.53%,6.05
https://aboutwallart.com/products/japandi-art-for-bedroom-set-of-3-wall-art-prints?variant=55856501686652&country=GB&currency=GBP,2,18,11.11%,6.78
https://aboutwallart.com/products/buddha-inspiration-quote-art-set-of-3-wall-art-prints?variant=55160310989180&country=GB&currency=GBP,2,15,13.33%,6.27
https://aboutwallart.com/products/nursery-art-wall-decor-set-of-2-framed-wall-art?pr_prod_strat=pinned&pr_rec_id=0aac1d2ba&pr_rec_pid=8168009531678&pr_ref_pid=8168009761054&pr_seq=uniform,2,15,13.33%,6.33
https://aboutwallart.com/es/products/zack-donare-premium-brushed-steel-thermal-ice-bucket-professional-grade,2,15,13.33%,7.67
https://aboutwallart.com/products/art-prints-for-the-bathroom-set-of-3-wall-art-prints?pr_prod_strat=pinned&pr_rec_id=7cfe23379&pr_rec_pid=8167974273310&pr_ref_pid=9013683388702&pr_seq=uniform,2,14,14.29%,1.79
https://aboutwallart.com/products/orbello-white-mist-70cm-extra-large-concrete-sphere-planter-207l-round-plant-pot?pr_prod_strat=e5_desc&pr_rec_id=5024f20a8&pr_rec_pid=15682195816828&pr_ref_pid=15682198503804&pr_seq=uniform,2,13,15.38%,7
https://aboutwallart.com/es/products/toilet-wall-decoration-set-of-3-floral-wall-art-prints?pr_prod_strat=pinned&pr_rec_id=08f9d7ecc&pr_rec_pid=8167972765982&pr_ref_pid=8167971029278&pr_seq=uniform,2,12,16.67%,5.5
https://aboutwallart.com/es/products/country-bathroom-decor-set-of-3-wall-art?pr_prod_strat=pinned&pr_rec_id=cb68fc465&pr_rec_pid=8167971029278&pr_ref_pid=8167971520798&pr_seq=uniform,2,12,16.67%,6.58
https://aboutwallart.com/es/products/wall-prints-living-room-set-of-3-scandinavian-wall-art?pr_prod_strat=pinned&pr_rec_id=08df4e112&pr_rec_pid=8168001077534&pr_ref_pid=8167997964574&pr_seq=uniform,2,12,16.67%,8.83
https://aboutwallart.com/fr/products/morocco-prints-set-of-3-wall-art-prints?pr_prod_strat=pinned&pr_rec_id=ebb6f3ac0&pr_rec_pid=8167986299166&pr_ref_pid=8167986266398&pr_seq=uniform,2,11,18.18%,6.55
https://aboutwallart.com/products/laundry-room-art-prints-set-of-2-wall-art-prints?pr_prod_strat=pinned&pr_rec_id=2c11c3ab6&pr_rec_pid=9522889130270&pr_ref_pid=9522889228574&pr_seq=uniform,2,10,20%,5.5
https://aboutwallart.com/products/bradbury-light-oak-effect-desk?pr_prod_strat=pinned&pr_rec_id=c64488507&pr_rec_pid=15684534796668&pr_ref_pid=15684504781180&pr_seq=uniform,2,10,20%,9.9
https://aboutwallart.com/es/blogs/news-articles-home-decor-inspiration/unveiling-the-essence-of-scandinavian-interior-design,2,9,22.22%,8
https://aboutwallart.com/products/christian-modern-art-for-bedroom-set-of-3-wall-art-prints?variant=55856509518204,2,9,22.22%,8
https://aboutwallart.com/products/farmhouse-prints-for-a-bathroom-set-of-3-wall-art?pr_prod_strat=e5_desc&pr_rec_id=44820f8bd&pr_rec_pid=8811305828638&pr_ref_pid=8809464758558&pr_seq=uniform,2,8,25%,3.75
https://aboutwallart.com/fr/products/Islamic-wall-Art-With-Frame-for-living-room-Set-of-3-prints?pr_prod_strat=e5_desc&pr_rec_id=cbc688cd0&pr_rec_pid=8167985447198&pr_ref_pid=8167986037022&pr_seq=uniform,2,8,25%,4.75
https://aboutwallart.com/products/darnell-medium-grey-speckled-planter,2,8,25%,4.75
https://aboutwallart.com/es/products/botanicals-wal-art-set-of-3-wall-art-prints?variant=55849395618172,2,8,25%,5.5
https://aboutwallart.com/products/classy-bathroom-wall-art-set-of-3-framed-bathroom-prints?pr_prod_strat=pinned&pr_rec_id=9ac792107&pr_rec_pid=8167972667678&pr_ref_pid=8167972897054&pr_seq=uniform,2,7,28.57%,2.86
https://aboutwallart.com/products/ureshii-coffee-table?variant=55924118913404&country=GB&currency=GBP,2,7,28.57%,4
https://aboutwallart.com/products/🛁✨-zack-linea-premium-polished-stainless-steel-61-5cm-towel-rail-german-engineering-excellence,2,7,28.57%,6.86
https://aboutwallart.com/products/wright-walnut-bedside-table?variant=55924040302972,2,6,33.33%,5.17
https://aboutwallart.com/es/products/solara-plinth-side-table-marble,2,6,33.33%,6
https://aboutwallart.com/products/industrial-pipe-clothing-rack-heavy-duty-wall-mounted-garment-bar-open-wardrobe-storage-adjustable-90-cm-135-cm-108cm?variant=55927962763644,2,5,40%,1.2
https://aboutwallart.com/products/wall-decor-for-bathroom-set-of-3-relaxing-wall-art?variant=55849065283964&country=GB&currency=GBP&utm_medium=product_sync&utm_source=google&utm_content=sag_organic&utm_campaign=sag_organic,2,5,40%,4
https://aboutwallart.com/products/pictures-for-the-hallway-set-of-3-framed-wall-art-prints?variant=55161022611836&country=GB&currency=GBP&utm_medium=product_sync&utm_source=google&utm_content=sag_organic&utm_campaign=sag_organic,2,5,40%,7.2
https://aboutwallart.com/es/products/personalised-family-tree-gift-wall-art-print?pr_prod_strat=pinned&pr_rec_id=19cab0861&pr_rec_pid=8167984726302&pr_ref_pid=8167983612190&pr_seq=uniform,2,5,40%,8
https://aboutwallart.com/fr/products/zack-avio-square-cosmetic-mirror-5x-magnification-premium-stainless-steel-✨?pr_prod_strat=pinned&pr_rec_id=72ac4f9be&pr_rec_pid=15682244772220&pr_ref_pid=15682248704380&pr_seq=uniform,2,5,40%,15.2
https://aboutwallart.com/products/childrens-world-map-set-of-2-wall-art-for-nursery?pr_prod_strat=pinned&pr_rec_id=828b142dd&pr_rec_pid=8168008548638&pr_ref_pid=8168008778014&pr_seq=uniform,2,4,50%,1.5
https://aboutwallart.com/products/white-and-black-prints-set-of-3-wall-art-prints?variant=55161173279100&country=GB&currency=GBP&utm_medium=product_sync&utm_source=google&utm_content=sag_organic&utm_campaign=sag_organic,2,4,50%,2.5
https://aboutwallart.com/fr/products/large-picture-for-living-room-set-of-3-framed-wall-art?lfgid=37194,2,4,50%,3
https://aboutwallart.com/products/islamic-wall-art-in-the-uk-set-of-2-wall-art-prints?variant=44621641744670&country=GB&currency=GBP&utm_medium=product_sync&utm_source=google&utm_content=sag_organic&utm_campaign=sag_organic,2,3,66.67%,1
https://aboutwallart.com/products/wall-art-with-bible-verses-set-of-3-framed-wall-art-prints?currency=GBP&variant=47761797153054,2,3,66.67%,1.67
https://aboutwallart.com/products/narrow-entryway-console-table,2,3,66.67%,2
https://aboutwallart.com/es/products/barcelona-style-daybed-black-leather-wood-frame?variant=56078159348092,2,3,66.67%,2.67
https://aboutwallart.com/products/luxe-egyptian-ultra-soft-cotton-towels-700gsm-high-absorbency-plush-spa-face-cloths-hand-towels-bath-towels-xl-bath-sheets-oeko-tex-certified-by-olivia-rocco?pr_prod_strat=pinned&pr_rec_id=4480daae8&pr_rec_pid=15683143991676&pr_ref_pid=15683143336316&pr_seq=uniform,2,3,66.67%,3.67
https://aboutwallart.com/products/sherman-black-wood-and-rattan-two-door-side-cabinet,2,3,66.67%,3.67
https://aboutwallart.com/es/products/Art-painting-for-living-room-set-of-3-Japanese-wall-art?_pos=37&_sid=6d7b7f3d9&_ss=r,2,2,100%,3
https://aboutwallart.com/es/products/living-room-wall-art-decor-set-of-3-chinoiserie-wall-art-prints?pr_prod_strat=collection_fallback&pr_rec_id=a8571b84c&pr_rec_pid=8771818062110&pr_ref_pid=8167981941022&pr_seq=uniform,2,2,100%,4.5
https://aboutwallart.com/products/islamic-wall-frames-wall-art-print?variant=55161619579260&country=GB&currency=GBP&utm_medium=product_sync&utm_source=google&utm_content=sag_organic&utm_campaign=sag_organic,2,2,100%,8
https://aboutwallart.com/products/harlow-white-and-bamboo-top-1-drawer-kit?pr_prod_strat=e5_desc&pr_rec_id=cc9e4fb9e&pr_rec_pid=15684420698492&pr_ref_pid=15684541579644&pr_seq=uniform,2,2,100%,8.5
https://aboutwallart.com/products/unique-wall-art-for-living-room-set-of-3-framed-wall-art,1,13642,0.01%,8.34
https://aboutwallart.com/products/wall-decor-nautical-set-of-3-wall-art-prints,1,7290,0.01%,4.89
https://aboutwallart.com/products/professional-office-decor-ideas-set-of-2-wall-art-prints,1,7039,0.01%,9.91
https://aboutwallart.com/products/cool-office-decor-set-of-3-wall-art-prints,1,7032,0.01%,8.28
https://aboutwallart.com/products/modern-home-office-ideas-set-of-3-wall-art-prints,1,6179,0.02%,11.1
https://aboutwallart.com/products/bedroom-pictures-for-wall-set-of-3-art-prints,1,4768,0.02%,7.87
https://aboutwallart.com/collections/black-and-white-art-on-wall,1,4444,0.02%,13.41
https://aboutwallart.com/products/bathroom-art-wall-decor-set-of-2-wall-art-prints,1,4340,0.02%,6.77
https://aboutwallart.com/es/blogs/news-articles-home-decor-inspiration/wall-gallery-layouts-ideas-that-will-transform-any-room,1,3633,0.03%,6.13
https://aboutwallart.com/collections/neutral-wall-art,1,3540,0.03%,17.06
https://aboutwallart.com/products/wall-art-sets-of-3-for-living-room-shabby-chic-wall-art-prints,1,3534,0.03%,7.57
https://aboutwallart.com/blogs/news-articles-home-decor-inspiration/embrace-natures-palette-using-earth-tone-colors,1,3467,0.03%,10.23
https://aboutwallart.com/blogs/news-articles-home-decor-inspiration/personalised-family-presents-for-everlasting-memories,1,3386,0.03%,8.74
https://aboutwallart.com/products/large-pictures-for-living-room-set-of-3-wall-art-prints,1,3188,0.03%,8.18
https://aboutwallart.com/collections/gold-wall-art,1,2931,0.03%,23.69
https://aboutwallart.com/collections/coffee-wall-art,1,2614,0.04%,13.93
https://aboutwallart.com/products/shabby-chic-floral-art-for-the-kitchen-set-of-3-art-prints,1,2398,0.04%,10.46
https://aboutwallart.com/products/arabic-calligraphy-art-wall-art-print?variant=44621615333662,1,2143,0.05%,11.54
https://aboutwallart.com/cdn/shop/products/arabic-calligraphy-art-wall-art-print-945507.jpg?v=1749591916&width=1946,1,1965,0.05%,17.89
https://aboutwallart.com/products/arabic-calligraphy-prints-for-bedroom-set-of-2-wall-art-prints,1,1964,0.05%,8.37
https://aboutwallart.com/blogs/news-articles-home-decor-inspiration/how-to-use-current-wall-colour-trends-for-a-truly-calming-home,1,1891,0.05%,6.25
https://aboutwallart.com/blogs/news-articles-home-decor-inspiration/dark-moody-hues-how-to-add-drama-and-depth-to-your-interiors,1,1802,0.06%,5.93
https://aboutwallart.com/products/japandi-wall-art-prints-set-of-3-framed-prints,1,1641,0.06%,6.19
https://aboutwallart.com/products/moon-wall-art-for-living-room-set-of-3-wall-art-prints,1,1628,0.06%,8.05
https://aboutwallart.com/products/office-desk-decor-set-of-3-wall-art-prints,1,1579,0.06%,6.76
https://aboutwallart.com/collections/contemporary-wall-art,1,1536,0.07%,19.29
https://aboutwallart.com/products/large-living-room-pictures-set-of-3-wall-art-prints?variant=49245258973470,1,1529,0.07%,4.91
https://aboutwallart.com/products/wall-art-marble-inspired-set-of-3-wall-art-prints,1,1444,0.07%,5.45
https://aboutwallart.com/products/scandinavian-decor-style-for-living-room-set-of-3-wall-art,1,1403,0.07%,8.74
https://aboutwallart.com/collections/hallways,1,1365,0.07%,16.12
https://aboutwallart.com/products/desk-office-decor-set-of-3-wall-art-prints,1,1326,0.08%,6.37
https://aboutwallart.com/es/blogs/news-articles-home-decor-inspiration/just-married-first-home-decor-with-wall-art-about-love,1,1260,0.08%,4.24
https://aboutwallart.com/cdn/shop/products/arabic-calligraphy-art-wall-art-print-945507.jpg?crop=center&height=2048&v=1749591916&width=2048,1,1257,0.08%,18.51
https://aboutwallart.com/cdn/shop/products/floral-wall-art-for-large-living-room-wall-set-of-3-wall-art-prints-835410.jpg?v=1749590056&width=1946,1,1240,0.08%,12.56
https://aboutwallart.com/blogs/news-articles-home-decor-inspiration/tiny-studio-apartment-ideas-small-space-design-solutions-for-2026,1,1223,0.08%,6.04
https://aboutwallart.com/products/boho-chic-wall-art-prints-set-of-bathroom-wall-decor,1,1178,0.08%,9.53
https://aboutwallart.com/collections/teens-bedroom-decor,1,1150,0.09%,8.85
https://aboutwallart.com/products/lemons-print-set-of-2-wall-art-prints,1,1142,0.09%,8.43
https://aboutwallart.com/products/botanical-prints-for-kitchen-wall-set-of-3-wall-art-prints?variant=55160545051004,1,1140,0.09%,11.94
https://aboutwallart.com/products/large-paintings-for-living-room-wall-set-of-3-wall-art-prints?variant=49280563609886&currency=GBP,1,1136,0.09%,7.87
https://aboutwallart.com/products/bathroom-pictures-framed-set-of-3-botanical-gold-wall-art-prints?variant=55160616321404&country=GB&currency=GBP,1,1131,0.09%,8.68
https://aboutwallart.com/products/japanese-zen-decor-for-bedroom-set-of-3-wall-art-prints,1,1129,0.09%,6.69
https://aboutwallart.com/collections/office-wall-artwork?page=10,1,1124,0.09%,9.06
https://aboutwallart.com/products/large-frames-for-pictures-in-sizes-a4-a3-a2-20x30-in?variant=55162340344188,1,1114,0.09%,4.99
https://aboutwallart.com/collections/laundry-room-decor,1,1113,0.09%,16.37
https://aboutwallart.com/products/office-paintings-ideas-set-of-3-wall-art-prints,1,1065,0.09%,8.22
https://aboutwallart.com/es/blogs/news-articles-home-decor-inspiration/how-to-decorate-with-greige-colours-the-blend-of-grey-beige,1,1036,0.1%,10.74
https://aboutwallart.com/collections/breakfast-nook-decor,1,1033,0.1%,11.62
https://aboutwallart.com/products/zen-bedroom-decor-set-of-3-japanese-wall-art,1,1027,0.1%,8.58
https://aboutwallart.com/products/babys-room-pictures-wall-art-print,1,1027,0.1%,9.26
https://aboutwallart.com/products/home-office-decor-ideas-set-of-3-wall-art-prints,1,1023,0.1%,11.06
https://aboutwallart.com/fr/blogs/news-articles-home-decor-inspiration/determining-what-frame-size-do-i-need-for-my-space,1,1022,0.1%,9.17
https://aboutwallart.com/collections/wall-art-for-nurseries,1,1014,0.1%,21.65
https://aboutwallart.com/es/blogs/news-articles-home-decor-inspiration/creating-a-retreat-with-black-and-white-wall-art-for-bedroom,1,994,0.1%,8.91
https://aboutwallart.com/products/nursery-pictures-for-wall-wall-art-print?variant=46491703279902,1,973,0.1%,9.14
https://aboutwallart.com/blogs/news-articles-home-decor-inspiration/atmosphere-with-art-transform-your-space,1,960,0.1%,11.8
https://aboutwallart.com/cdn/shop/products/prints-for-a-bathroom-set-of-3-wall-art-prints-411964.jpg?v=1749590924&width=1946,1,951,0.11%,10.62
https://aboutwallart.com/pages/unique-wall-art,1,944,0.11%,30.93
https://aboutwallart.com/blogs/news-articles-home-decor-inspiration/decorating-with-framed-artwork-prints,1,929,0.11%,8.27
https://aboutwallart.com/pages/biophilic-interior-design,1,920,0.11%,8.08
https://aboutwallart.com/blogs/news-articles-home-decor-inspiration/how-to-decorate-a-master-bedroom-stylish-ideas-for-comfort,1,900,0.11%,10.89
https://aboutwallart.com/es/blogs/news-articles-home-decor-inspiration/how-to-create-a-focal-point-gallery-wall-in-any-room,1,889,0.11%,7.01
https://aboutwallart.com/products/office-artwork-ideas-set-of-3-wall-art-prints?variant=55161850790268&country=GB&currency=GBP,1,889,0.11%,11.5
https://aboutwallart.com/products/living-room-framed-prints-set-of-3-japandi-wall-art,1,882,0.11%,7.45
https://aboutwallart.com/collections/mediterranean-home-decor/living-room-art,1,848,0.12%,8.99
https://aboutwallart.com/products/bedroom-wall-picture-set-of-3-prints-for-bedroom-walls?variant=55160358371708&country=GB&currency=GBP,1,844,0.12%,5.22
https://aboutwallart.com/blogs/news-articles-home-decor-inspiration/the-role-of-colour-in-office-spaces-create-productivity-through-design,1,830,0.12%,10.36
https://aboutwallart.com/blogs/news-articles-home-decor-inspiration/lighting-challenges-when-using-a-deep-winter-colour-palette,1,802,0.12%,6.04
https://aboutwallart.com/products/large-living-room-pictures-set-of-3-wall-art-prints?variant=55849278964092,1,800,0.12%,4.54
https://aboutwallart.com/products/bedroom-pictures-for-wall-set-of-3-art-prints?variant=55856616702332&country=GB&currency=GBP,1,793,0.13%,3.62
https://aboutwallart.com/es/blogs/news-articles-home-decor-inspiration/childrens-room-picture-ideas-to-inspire-imagination,1,769,0.13%,8.53
https://aboutwallart.com/products/paintings-for-bedroom-wall-set-of-3-wall-art-prints,1,766,0.13%,8
https://aboutwallart.com/products/wall-art-london-travel-posters-set-of-2-wall-art-prints,1,737,0.14%,9.63
https://aboutwallart.com/products/blue-cottagecore-bedroom-set-of-3-framed-wall-art-prints,1,736,0.14%,6.91
https://aboutwallart.com/blogs/news-articles-home-decor-inspiration/fresh-ideas-for-sitting-room-designs-to-transform-your-space,1,700,0.14%,6.74
https://aboutwallart.com/es/collections/best-sellers,1,690,0.14%,6.77
https://aboutwallart.com/products/gold-floral-bedroom-wall-art-set-of-3-wall-art-prints,1,684,0.15%,8.44
https://aboutwallart.com/products/sun-and-moon-wall-art-set-of-2-wall-art-prints,1,675,0.15%,8.05
https://aboutwallart.com/products/japanese-wall-art-pictures-for-bedrooms-set-of-3-wall-art-prints,1,640,0.16%,7.42
https://aboutwallart.com/products/japandi-interior-design-set-of-3-wall-art-prints?variant=55161848725884,1,638,0.16%,5.64
https://aboutwallart.com/es/blogs/news-articles-home-decor-inspiration/home-decor-trends-for-2026-key-looks-for-every-room,1,621,0.16%,7.42
https://aboutwallart.com/fr/blogs/news-articles-home-decor-inspiration/cherry-blossom-art-japan-understanding-the-deep-symbolism,1,621,0.16%,10.89
https://aboutwallart.com/blogs/news-articles-home-decor-inspiration/bathroom-wall-decor-ideas-for-spa-like-spaces/,1,599,0.17%,6.33
https://aboutwallart.com/products/ruby-birthstone-significance-framed-wall-art-print,1,528,0.19%,5.88
https://aboutwallart.com/fr/blogs/news-articles-home-decor-inspiration/bathroom-wall-decor-ideas-for-spa-like-spaces,1,523,0.19%,7.71
https://aboutwallart.com/es/blogs/news-articles-home-decor-inspiration/designing-impactful-gallery-walls-for-modern-homes-10-beautiful-gallery-wall-ideas,1,510,0.2%,6.18
https://aboutwallart.com/products/botanical-bedroom-decor-set-of-3-wall-art-prints,1,510,0.2%,9.53
https://aboutwallart.com/blogs/news-articles-home-decor-inspiration/elevate-your-space-small-bathroom-wall-art-ideas,1,501,0.2%,13.57
https://aboutwallart.com/products/utility-room-decor-wall-art-print?variant=49244266529054&currency=GBP,1,500,0.2%,6.35
https://aboutwallart.com/collections/childrens-bedroom-decor-1,1,495,0.2%,20.35
https://aboutwallart.com/products/art-for-the-office-wall-set-of-3-framed-wall-art-prints,1,483,0.21%,9.23
https://aboutwallart.com/products/wall-art-in-bedrooms-set-of-3-prints,1,482,0.21%,9.46
https://aboutwallart.com/products/large-living-room-pictures-set-of-3-wall-art-prints?variant=49245259170078&currency=GBP,1,479,0.21%,7.5
https://aboutwallart.com/products/Islamic-wall-Art-With-Frame-for-living-room-Set-of-3-wall-art-prints?variant=55850289201532,1,478,0.21%,6.96
https://aboutwallart.com/products/modern-wall-art-living-room-set-of-3-asian-inspired-wall-art-prints,1,476,0.21%,7.58
https://aboutwallart.com/blogs/news-articles-home-decor-inspiration/main-bedroom-decoration-ideas-for-comfort-and-style,1,472,0.21%,7.56
https://aboutwallart.com/es/products/artistic-black-and-white-wall-pictures-set-of-3-art-prints,1,465,0.22%,6.59
https://aboutwallart.com/products/grey-paintings-for-bedroom-set-of-3-wall-art-prints?variant=55849914237308&country=GB&currency=GBP,1,456,0.22%,5.85
https://aboutwallart.com/products/pictures-for-the-hallway-set-of-3-framed-wall-art-prints?variant=55161022939516,1,454,0.22%,8.6
https://aboutwallart.com/products/christian-art-wall-for-bedroom-set-of-3-wall-art-prints,1,453,0.22%,5.78
https://aboutwallart.com/products/office-artwork-ideas-set-of-3-wall-art-prints?variant=55856593863036&country=GB&currency=GBP,1,448,0.22%,6.73
https://aboutwallart.com/collections/best-sellers,1,442,0.23%,9.31
https://aboutwallart.com/es/products/large-living-room-pictures-set-of-3-wall-art-prints,1,442,0.23%,10.35
https://aboutwallart.com/fr/blogs/news-articles-home-decor-inspiration/types-of-wall-art,1,437,0.23%,6.08
https://aboutwallart.com/blogs/news-articles-home-decor-inspiration/the-surprising-ways-art-can-transform-your-workspace,1,430,0.23%,8.84
https://aboutwallart.com/products/pictures-for-childrens-bedrooms-set-of-3-wall-art-prints,1,416,0.24%,5.87
https://aboutwallart.com/products/wall-paintings-for-kitchen-set-of-3-botanical-art-prints,1,416,0.24%,9.95
https://aboutwallart.com/es/blogs/news-articles-home-decor-inspiration/colour-trends-for-2026-paint-shades-designers-recommend,1,413,0.24%,5.52
https://aboutwallart.com/products/islamic-wall-art-frames-set-of-3-wall-art-prints?variant=55160926241148&country=GB&currency=GBP,1,412,0.24%,5.52
https://aboutwallart.com/es/blogs/news-articles-home-decor-inspiration/essential-tips-for-man-decorating-stylish-ideas,1,411,0.24%,6.94
https://aboutwallart.com/es/blogs/news-articles-home-decor-inspiration/designing-a-slow-living-room-decor-wall-space,1,404,0.25%,10.8
https://aboutwallart.com/products/prints-for-offices-set-of-3-wall-art-prints,1,400,0.25%,9.81
https://aboutwallart.com/products/wall-art-for-laundry-room-set-of-3-wall-art-prints,1,393,0.25%,6.16
https://aboutwallart.com/blogs/news-articles-home-decor-inspiration/balancing-function-and-aesthetics-a-guide-to-practical-interior-design,1,393,0.25%,10.52
https://aboutwallart.com/products/office-walls-decor-set-of-3-framed-wall-art,1,379,0.26%,8.93
https://aboutwallart.com/products/mens-bedroom-wall-art-set-of-3-wall-art-prints?variant=55160916574588&country=GB&currency=GBP,1,377,0.27%,8.31
https://aboutwallart.com/es/blogs/news-articles-home-decor-inspiration/smart-ways-to-decorate-a-professional-office-for-style-and-productivity,1,375,0.27%,10.53
https://aboutwallart.com/products/paintings-for-bedroom-wall-set-of-3-wall-art-prints?variant=55161852002684&country=GB&currency=GBP,1,371,0.27%,7.41
https://aboutwallart.com/products/large-living-room-pictures-set-of-3-wall-art-prints?variant=55856566763900,1,367,0.27%,6.86
https://aboutwallart.com/es/blogs/news-articles-home-decor-inspiration/entryway-decor-ideas-for-a-welcoming-first-impression,1,359,0.28%,8.04
https://aboutwallart.com/pages/wildlife-home-decor-trend,1,357,0.28%,11.99
https://aboutwallart.com/products/professional-office-decor-ideas-set-of-2-wall-art-prints?variant=55848534016380,1,337,0.3%,6.94
https://aboutwallart.com/es/collections/teal-colour-wall-art?page=4,1,336,0.3%,11.88
https://aboutwallart.com/blogs/news-articles-home-decor-inspiration/how-texture-art-can-completely-change-your-space,1,334,0.3%,8.07
https://aboutwallart.com/products/bedroom-pictures-for-wall-set-of-3-art-prints?pr_prod_strat=pinned&pr_rec_id=f27b2b090&pr_rec_pid=8167995736350&pr_ref_pid=8167994065182&pr_seq=uniform,1,332,0.3%,1.18
https://aboutwallart.com/products/industrial-pipe-clothing-rack-wall-mounted-wood-shelf-pipe-shelving-floating-shelves-retail-garment-rack-display-rack-clothes,1,332,0.3%,10.92
https://aboutwallart.com/cdn/shop/products/farmhouse-bathroom-wall-decor-set-of-3-wall-art-558755.jpg?crop=center&height=2048&v=1749592636&width=2048,1,330,0.3%,18.48
https://aboutwallart.com/products/botanical-bathroom-wall-decor-uk-set-of-3-art-prints,1,324,0.31%,10.06
https://aboutwallart.com/es/products/print-love-word-art-set-of-3-wall-art-prints-for-bedroom,1,324,0.31%,12.86
https://aboutwallart.com/collections/pink-wall-art/living-room-art,1,315,0.32%,8.2
https://aboutwallart.com/products/bedroom-pictures-for-wall-set-of-3-art-prints?variant=55849797779836&country=GB&currency=GBP,1,312,0.32%,3.82
https://aboutwallart.com/products/family-wall-art-personalised?variant=46491288207646&country=GB&currency=GBP,1,307,0.33%,8.16
https://aboutwallart.com/products/bathroom-decor-uk-set-of-3-eclectic-framed-wall-art,1,307,0.33%,10
https://aboutwallart.com/products/botanical-prints-set-of-3-wall-art-prints?variant=44621765542174,1,306,0.33%,1.12
https://aboutwallart.com/products/mens-bedroom-wall-art-set-of-3-wall-art-prints?variant=55160915493244&country=GB&currency=GBP,1,303,0.33%,6.68
https://aboutwallart.com/fr/products/bohemian-kitchen-art-wall-set-of-3-art-prints?pr_prod_strat=e5_desc&pr_rec_id=47f11f470&pr_rec_pid=8807203406110&pr_ref_pid=9012071203102&pr_seq=uniform,1,295,0.34%,1.32
https://aboutwallart.com/cdn/shop/products/black-and-white-prints-set-of-3-manhattan-wall-art-prints-152097.jpg?v=1749590118&width=1946,1,289,0.35%,15.67
https://aboutwallart.com/blogs/news-articles-home-decor-inspiration/warm-minimalism-how-to-create-a-calm-yet-cosy-home,1,288,0.35%,7.47
https://aboutwallart.com/fr/blogs/news-articles-home-decor-inspiration/list-of-interior-design-styles-find-the-perfect-look-for-your-home,1,288,0.35%,12.78
https://aboutwallart.com/products/prints-for-bedroom-set-of-3-wall-art,1,287,0.35%,9.59
https://aboutwallart.com/products/islamic-home-decor-set-of-3-wall-art-prints,1,287,0.35%,11.56
https://aboutwallart.com/products/modern-islamic-artwork-wall-art-print?variant=55162007060860&country=GB&currency=GBP,1,285,0.35%,7.39
https://aboutwallart.com/blogs/news-articles-home-decor-inspiration/mistakes-in-colour-schemes-living-room-designers-avoid,1,284,0.35%,12.49
https://aboutwallart.com/cdn/shop/files/mens-bedroom-wall-art-set-of-3-wall-art-prints-537201.jpg?v=1749589919&width=1946,1,284,0.35%,14.68
https://aboutwallart.com/es/blogs/news-articles-home-decor-inspiration/best-plants-for-offices-bring-life-into-your-workspace,1,283,0.35%,8.54
https://aboutwallart.com/pages/preppy-style-interiors,1,278,0.36%,9.68
https://aboutwallart.com/products/bedroom-art-wall-set-of-3-wall-art-prints?variant=55849662120316&country=GB&currency=GBP,1,276,0.36%,9.4
https://aboutwallart.com/products/framed-print-set-of-3-landscape-wall-art-for-living-room?variant=55850272326012,1,273,0.37%,8.12
https://aboutwallart.com/cdn/shop/files/3-pictures-above-bed-set-of-3-framed-wall-art-996001.jpg?v=1749592343&width=1946,1,272,0.37%,18.29
https://aboutwallart.com/products/bathroom-pictures-framed-set-of-3-botanical-gold-wall-art-prints?variant=49280531104030&currency=GBP,1,270,0.37%,7.36
https://aboutwallart.com/products/utility-room-decor-wall-art-print?variant=55161583501692&country=GB&currency=GBP,1,260,0.38%,4.53
https://aboutwallart.com/products/botanical-large-artwork-for-hallway-set-of-2-wall-art-prints,1,259,0.39%,9.16
https://aboutwallart.com/products/bedroom-pictures-for-wall-set-of-3-art-prints?variant=55160765448572&country=GB&currency=GBP,1,257,0.39%,4.83
https://aboutwallart.com/cdn/shop/products/modern-beach-house-decor-set-of-3-wall-art-prints-411726.jpg?crop=center&height=2048&v=1749591039&width=2048,1,257,0.39%,14.86
https://aboutwallart.com/products/large-frames-for-pictures-in-sizes-a4-a3-a2-20x30-in?variant=55162340376956,1,254,0.39%,6.71
https://aboutwallart.com/products/islamic-wall-art-in-the-uk-set-of-2-wall-art-prints?variant=55848695005564&country=GB&currency=GBP,1,243,0.41%,7.52
https://aboutwallart.com/products/backlit-smart-led-bathroom-mirror-oval-dimmable-3-colors-anti-fog-mirrors-with-light-memory-ip65-cri95-large-wall-mounted?pr_prod_strat=pinned&pr_rec_id=46f7428b2&pr_rec_pid=15684721934716&pr_ref_pid=15684721836412&pr_seq=uniform,1,240,0.42%,10.6
https://aboutwallart.com/products/zen-wall-art-set-of-3-wall-art-prints?variant=55849112568188&country=GB&currency=GBP,1,237,0.42%,5.78
https://aboutwallart.com/blogs/news-articles-home-decor-inspiration/transform-your-interior-design-of-house-how-wall-art-creates-a-calm-home,1,237,0.42%,10.72
https://aboutwallart.com/collections/dark-and-moody,1,235,0.43%,7.9
https://aboutwallart.com/es/blogs/news-articles-home-decor-inspiration/home-trotters-style-travel-inspired-decor-ideas-for-every-room,1,235,0.43%,10.36
https://aboutwallart.com/products/living-room-wall-art-decor-set-of-3-chinoiserie-wall-art-prints?variant=55160355553660,1,233,0.43%,11
https://aboutwallart.com/es/blogs/news-articles-home-decor-inspiration/the-best-art-for-a-kitchen-wall-ideas,1,233,0.43%,19.19
https://aboutwallart.com/products/small-pictures-for-bathroom-set-of-2-wall-art-prints?variant=55848445510012&country=GB&currency=GBP,1,229,0.44%,7.11
https://aboutwallart.com/products/japandi-wall-art-prints-set-of-3-framed-prints?variant=44621576143134,1,225,0.44%,6.52
https://aboutwallart.com/products/small-pictures-for-bathroom-set-of-2-wall-art-prints?variant=55848446820732&country=GB&currency=GBP,1,223,0.45%,6.92
https://aboutwallart.com/collections/minimalist-home-decor-1,1,221,0.45%,21.76
https://aboutwallart.com/products/laundry-room-pictures-set-of-2-wall-art-prints?variant=49245209100574&country=GB&currency=GBP,1,220,0.45%,3.89
https://aboutwallart.com/blogs/news-articles-home-decor-inspiration/tips-for-using-wall-art-decor-for-bedroom-to-elevate-your-space/,1,217,0.46%,7.75
https://aboutwallart.com/products/buddha-inspiration-quote-art-set-of-3-wall-art-prints,1,212,0.47%,7.77
https://aboutwallart.com/blogs/news-articles-home-decor-inspiration/home-office-decor-inspiration-work-from-home-in-style,1,212,0.47%,8.68
https://aboutwallart.com/products/wall-picture-for-living-room-set-of-3-japanese-art-prints,1,211,0.47%,8.27
https://aboutwallart.com/products/allah-arabic-calligraphy-prints-for-bedroom-set-of-3-wall-art-prints,1,210,0.48%,7.03
https://aboutwallart.com/products/wabi-sabi-wall-art-set-of-3-framed-wall-art-prints?variant=55850420633980,1,209,0.48%,7.4
https://aboutwallart.com/products/blue-living-room-wall-art-set-of-3-wall-art-prints?variant=55849217917308&country=GB&currency=GBP,1,208,0.48%,11.23
https://aboutwallart.com/products/islamic-wall-art-frames-set-of-3-wall-art-prints?variant=55849199403388&country=GB&currency=GBP,1,206,0.49%,6.84
https://aboutwallart.com/products/modern-bathroom-wall-decor-ideas-set-of-3-wall-art-prints?pr_prod_strat=e5_desc&pr_rec_id=0793c8f3f&pr_rec_pid=8517977899294&pr_ref_pid=8807650459934&pr_seq=uniform,1,203,0.49%,1.22
https://aboutwallart.com/blogs/news-articles-home-decor-inspiration/quirky-kitchen-wall-art-ideas-for-fun-lived-in-spaces#botanical-art,1,198,0.51%,10.51
https://aboutwallart.com/products/framed-art-for-bathroom-set-of-3-green-botanical-wall-art?variant=47153193156894,1,197,0.51%,1.11
https://aboutwallart.com/products/botanical-prints-framed-set-of-3-wall-art-prints,1,196,0.51%,13.7
https://aboutwallart.com/products/bathroom-wall-decor-art,1,193,0.52%,7.68
https://aboutwallart.com/products/big-prints-for-walls-set-of-2-moroccan-inspired-wall-art-prints?variant=55848711618940,1,193,0.52%,8.12
https://aboutwallart.com/products/artistic-black-and-white-wall-pictures-set-of-3-art-prints?variant=55849743352188,1,189,0.53%,4.15
https://aboutwallart.com/collections/french-country-home-decor/black-and-white-gallery-wall,1,186,0.54%,9.31
https://aboutwallart.com/products/wall-abstract-art-set-of-3-marble-wall-art-prints?variant=55160738283900&country=GB&currency=GBP,1,182,0.55%,4.46
https://aboutwallart.com/products/full-house-wall-art-bundle-decor-for-every-room-in-a-3-bedroom-home-copy-1,1,182,0.55%,6.91
https://aboutwallart.com/products/white-and-black-wall-art-set-of-3-prints?variant=55849557328252,1,180,0.56%,4.47
https://aboutwallart.com/pages/modern-glam-luxe-interiors,1,180,0.56%,10.66
https://aboutwallart.com/products/bedroom-decor-for-walls-set-of-3-wall-art-prints?pr_prod_strat=pinned&pr_rec_id=72afe9385&pr_rec_pid=8167977812254&pr_ref_pid=8167976173854&pr_seq=uniform,1,179,0.56%,2.1
https://aboutwallart.com/products/laundry-room-decor-accessories-set-of-2-wall-art-prints?pr_prod_strat=pinned&pr_rec_id=3f41387ee&pr_rec_pid=9445406900510&pr_ref_pid=9522888933662&pr_seq=uniform,1,178,0.56%,5.47
https://aboutwallart.com/es/pages/modern-farmhouse-home-decor,1,175,0.57%,4.86
https://aboutwallart.com/es/blogs/news-articles-home-decor-inspiration/how-to-create-a-relaxing-workspace-practical-ways-to-support-mental-health-at-work,1,175,0.57%,6.47
https://aboutwallart.com/products/nordic-wall-art-set-of-3-framed-wall-art-prints,1,169,0.59%,7.49
https://aboutwallart.com/products/christian-large-prints-for-living-room-set-of-3-wall-art-prints?variant=55160430690684,1,169,0.59%,9.67
https://aboutwallart.com/fr/blogs/news-articles-home-decor-inspiration/bathroom-art-ideas-to-transform-your-bathroom-into-an-oasis,1,167,0.6%,14.06
https://aboutwallart.com/products/classy-bathroom-wall-art-uk-set-of-3-wall-art-prints?variant=55160716132732&country=GB&currency=GBP,1,166,0.6%,4.99
https://aboutwallart.com/products/japanese-cherry-blossom-art-set-of-3-wall-art-prints?variant=55161344491900&country=GB&currency=GBP,1,163,0.61%,3.41
https://aboutwallart.com/products/shabby-chic-style-bathroom-set-of-3-wall-art-prints,1,161,0.62%,5.68
https://aboutwallart.com/products/scandinavian-walnut-logan-narrow-bedside-table,1,161,0.62%,6.55
https://aboutwallart.com/products/scandinavian-wall-art-hallway-ideas-set-of-2-wall-art-prints?variant=47759865544990,1,158,0.63%,5.91
https://aboutwallart.com/blogs/news-articles-home-decor-inspiration/top-interior-design-trends-to-watch-for-in-the-coming-year,1,158,0.63%,8.83
https://aboutwallart.com/products/islamic-mosaic-wall-art-set-of-3-pictures-for-hallway,1,156,0.64%,13.36
https://aboutwallart.com/products/art-for-a-bedroom-set-of-3-japanese-wall-art,1,153,0.65%,5.95
https://aboutwallart.com/products/islamic-art-and-geometry-for-bedroom-set-of-3-wall-art-prints,1,147,0.68%,5.33
https://aboutwallart.com/es/collections/bohemian-wall-art,1,147,0.68%,6.08
https://aboutwallart.com/products/mens-bedroom-wall-art-set-of-3-wall-art-prints?variant=49245240197406&currency=GBP,1,146,0.68%,5.49
https://aboutwallart.com/blogs/news-articles-home-decor-inspiration/mistakes-in-colour-schemes-living-room-designers-avoid/,1,146,0.68%,6.78
https://aboutwallart.com/products/wall-decor-ideas-for-office-set-of-3-wall-art-prints?variant=55160806769020,1,146,0.68%,11.55
https://aboutwallart.com/products/zen-art-set-of-3-wall-art-prints?variant=55856509256060&country=GB&currency=GBP,1,144,0.69%,6.02
https://aboutwallart.com/blogs/news-articles-home-decor-inspiration/color-psychology-in-art-how-shades-shape-emotion,1,143,0.7%,8.49
https://aboutwallart.com/products/zara-rattan-dining-chair?pr_prod_strat=e5_desc&pr_rec_id=c6a7a50a2&pr_rec_pid=15686316491132&pr_ref_pid=15686315901308&pr_seq=uniform,1,142,0.7%,8.89
https://aboutwallart.com/pages/modern-farmhouse-home-decor,1,141,0.71%,11.77
https://aboutwallart.com/products/classy-bathroom-wall-art-set-of-3-framed-bathroom-prints?variant=55160860574076&country=GB&currency=GBP,1,139,0.72%,6.26
https://aboutwallart.com/products/wall-art-for-the-office-set-of-3-wall-art-prints?pr_prod_strat=e5_desc&pr_rec_id=e5b333b9e&pr_rec_pid=8167976632606&pr_ref_pid=9018051166494&pr_seq=uniform,1,136,0.74%,2.34
https://aboutwallart.com/products/french-country-bedroom-decor-set-of-3-framed-wall-art-prints?variant=55161079890300&country=GB&currency=GBP,1,135,0.74%,5.61
https://aboutwallart.com/products/scandinavian-walnut-oslo-console-dressing-table-and-desk,1,134,0.75%,6.34
https://aboutwallart.com/products/wall-art-framed-for-living-room-set-of-3-paris-landmarks-wall-art-prints,1,130,0.77%,8.12
https://aboutwallart.com/blogs/news-articles-home-decor-inspiration/how-big-should-wall-art-be-above-a-sofa,1,127,0.79%,6.44
https://aboutwallart.com/products/small-bathroom-wall-art-set-of-2-wall-art-prints?pr_prod_strat=e5_desc&pr_rec_id=47110c2b5&pr_rec_pid=9011015647518&pr_ref_pid=8167973519646&pr_seq=uniform,1,126,0.79%,6.76
https://aboutwallart.com/collections/home-bar-decoration,1,125,0.8%,18.6
https://aboutwallart.com/products/christian-set-of-3-pictures-for-hallway-set-of-3-wall-art-prints?variant=55850672750972,1,122,0.82%,6.89
https://aboutwallart.com/products/wall-frames-islamic-set-of-2-wall-art-prints,1,121,0.83%,10.17
https://aboutwallart.com/products/toilet-wall-decor-set-of-3-blue-botanical-wall-art?variant=55160281596284&country=GB&currency=GBP,1,121,0.83%,11.58
https://aboutwallart.com/blogs/news-articles-home-decor-inspiration/what-is-typographic-art-exploring-words-as-visual-design,1,120,0.83%,6.73
https://aboutwallart.com/products/islamic-wall-art-in-the-uk-set-of-2-wall-art-prints?pr_prod_strat=e5_desc&pr_rec_id=2dfe94ea5&pr_rec_pid=8167987347742&pr_ref_pid=8167986364702&pr_seq=uniform,1,120,0.83%,11.07
https://aboutwallart.com/blogs/news-articles-home-decor-inspiration/tagged/home-interior-trends-2026,1,119,0.84%,9.46
https://aboutwallart.com/products/classy-bathroom-wall-art-uk-set-of-3-wall-art-prints?variant=55850459234684&country=GB&currency=GBP,1,118,0.85%,4.62
https://aboutwallart.com/products/christian-set-of-3-pictures-for-hallway-set-of-3-wall-art-prints?variant=47756449710366&currency=GBP,1,118,0.85%,6.55
https://aboutwallart.com/blogs/news-articles-home-decor-inspiration/stylish-man-cave-decorations-for-wall-personalise-your-space/,1,118,0.85%,9.86
https://aboutwallart.com/products/wright-walnut-bedside-table,1,117,0.85%,6.33
https://aboutwallart.com/products/prints-for-bathroom-walls-set-of-3-botanical-wall-art-prints,1,115,0.87%,8.01
https://aboutwallart.com/products/modern-art-wall-decoration-set-of-3-moroccan-inspired-wall-art-prints?variant=55748563173756&country=GB&currency=GBP,1,114,0.88%,14.55
https://aboutwallart.com/products/anniversary-wedding-gifts-set-of-3-wall-art-prints?pr_prod_strat=pinned&pr_rec_id=ca28313cd&pr_rec_pid=8168007827742&pr_ref_pid=8168007991582&pr_seq=uniform,1,113,0.88%,6.03
https://aboutwallart.com/es/blogs/news-articles-home-decor-inspiration/exploring-chinoiserie-wall-murals-in-todays-interiors,1,112,0.89%,5.58
https://aboutwallart.com/es/blogs/news-articles-home-decor-inspiration/embrace-natures-palette-using-earth-tone-colors,1,111,0.9%,7.78
https://aboutwallart.com/products/art-prints-for-the-bathroom-set-of-3-wall-art-prints?pr_prod_strat=e5_desc&pr_rec_id=2d9082061&pr_rec_pid=8167974273310&pr_ref_pid=8167974076702&pr_seq=uniform,1,107,0.93%,1.2
https://aboutwallart.com/es/blogs/news-articles-home-decor-inspiration/everything-you-need-about-perfect-art-for-kitchen-walls,1,107,0.93%,5.99
https://aboutwallart.com/fr/products/morocco-prints-set-of-3-wall-art-prints,1,107,0.93%,6.42
https://aboutwallart.com/products/nursery-artwork-set-of-3-wall-art-prints?variant=55161859604860&country=GB&currency=GBP,1,106,0.94%,41.35
https://aboutwallart.com/products/prints-for-office-walls-set-of-3-wall-art-prints?pr_prod_strat=e5_desc&pr_rec_id=4e4b39515&pr_rec_pid=8167993966878&pr_ref_pid=8167996358942&pr_seq=uniform,1,105,0.95%,1.92
https://aboutwallart.com/products/chinoiserie-prints-set-of-2-japanese-crane-art-wall-art?variant=46492124610846,1,105,0.95%,6.7
https://aboutwallart.com/blogs/news-articles-home-decor-inspiration/my-guide-to-guy-home-decor-creating-a-stylish-masculine-home/,1,105,0.95%,7.81
https://aboutwallart.com/products/magnetic-adsorption-refrigerator-side-rack-wall-mounted-multi-function-storage-holder?pr_prod_strat=e5_desc&pr_rec_id=c8fd30af7&pr_rec_pid=15684717281660&pr_ref_pid=15684724195708&pr_seq=uniform,1,104,0.96%,4.98
https://aboutwallart.com/products/japanese-cherry-blossom-tree-set-of-3-framed-wall-art?variant=55849274245500,1,103,0.97%,6.69
https://aboutwallart.com/products/small-pictures-for-bathroom-set-of-2-wall-art-prints?variant=55848445968764,1,103,0.97%,7.88
https://aboutwallart.com/products/art-wall-for-bathroom-set-of-3-wall-art-prints?variant=55850247618940&country=GB&currency=GBP,1,103,0.97%,11.52
https://aboutwallart.com/es/collections/office-wall-artwork?page=2,1,102,0.98%,4.61
https://aboutwallart.com/products/wall-pictures-for-lounge-room-set-of-2-italian-lifestyle-wall-art-prints?variant=55748669211004&country=GB&currency=GBP,1,101,0.99%,2.05
https://aboutwallart.com/products/bathroom-decor-in-black-an-gold-set-of-3-framed-wall-art?variant=55849616245116,1,101,0.99%,4.07
https://aboutwallart.com/fr/blogs/news-articles-home-decor-inspiration/current-home-decor-trends-transforming-spaces-in-2025,1,101,0.99%,30.5
https://aboutwallart.com/products/rainbow-prints-for-girls-room-wall-art-print,1,100,1%,9.68
https://aboutwallart.com/cdn/shop/products/eclectic-floral-wall-art-for-the-bathroom-set-of-3-wall-art-261779.jpg?v=1749590758&width=1946,1,100,1%,14.51
https://aboutwallart.com/blogs/news-articles-home-decor-inspiration/top-small-living-room-decor-ideas-trends-you-need-to-know,1,99,1.01%,15.19
https://aboutwallart.com/products/nursery-wall-art-decor-set-of-2-wall-art-prints?variant=55848435941756&country=GB&currency=GBP,1,99,1.01%,19.57
https://aboutwallart.com/products/modern-bathroom-wall-decor-ideas-set-of-3-wall-art-prints?variant=55161830801788,1,98,1.02%,16.68
https://aboutwallart.com/blogs/news-articles-home-decor-inspiration/explore-the-most-popular-home-decor-styles-for-every-space,1,97,1.03%,15.54
https://aboutwallart.com/cdn/shop/products/black-and-white-line-art-for-bedroom-set-of-2-wall-art-prints-229070.jpg?crop=center&height=2048&v=1749590221&width=2048,1,97,1.03%,16.05
https://aboutwallart.com/products/small-framed-pictures-set-of-3-asian-inspired-wall-art?variant=55748516741500&country=GB&currency=GBP,1,96,1.04%,7.39
https://aboutwallart.com/products/laundry-room-art-prints-set-of-2-wall-art-prints?variant=49245207429406&country=GB&currency=GBP,1,96,1.04%,12.02
https://aboutwallart.com/products/zen-art-set-of-3-wall-art-prints?variant=55856509452668&country=GB&currency=GBP,1,95,1.05%,8.26
https://aboutwallart.com/blogs/home-decor-inspiration/do-beige-and-grey-go-together,1,94,1.06%,2.86
https://aboutwallart.com/products/boho-hippo-bookends?pr_prod_strat=pinned&pr_rec_id=3eebc7de8&pr_rec_pid=15684508352892&pr_ref_pid=15684705649020&pr_seq=uniform,1,94,1.06%,8.61
https://aboutwallart.com/cdn/shop/products/minimalist-office-decor-set-of-3-wall-art-prints-349246.jpg?v=1749591557&width=1946,1,94,1.06%,19.06
https://aboutwallart.com/blogs/news-articles-home-decor-inspiration/stylish-man-cave-decorations-for-wall-personalise-your-space,1,92,1.09%,9.99
https://aboutwallart.com/products/zack-percetto-premium-brushed-stainless-steel-75cm-magnetic-board-german-innovation-✨,1,91,1.1%,6.91
https://aboutwallart.com/blogs/news-articles-home-decor-inspiration/stylish-family-area-ideas-for-a-cosy-and-functional-home,1,90,1.11%,6.73
https://aboutwallart.com/blogs/news-articles-home-decor-inspiration/timeless-tranquility-elevate-your-space-with-neutral-wall-decor?_pos=80&_sid=ab7e2462b&_ss=r,1,90,1.11%,7.14
https://aboutwallart.com/pages/home-decor-by-trend,1,90,1.11%,25.59
https://aboutwallart.com/products/mota-burl-wood-design-curved-coffee-table,1,89,1.12%,5.66
https://aboutwallart.com/es/blogs/news-articles-home-decor-inspiration/fun-and-stylish-decorating-ideas-for-a-teenage-bedroom,1,89,1.12%,12.42
https://aboutwallart.com/cdn/shop/articles/7-creative-ideas-for-wall-art-for-high-ceilings-3757932.jpg?v=1765626544&width=360,1,89,1.12%,22.02
https://aboutwallart.com/products/scandinavian-wall-decor-framed-wall-art-set-of-3?variant=55849362981244,1,88,1.14%,8.64
https://aboutwallart.com/products/modern-islamic-artwork-wall-art-print?variant=47756511117598&country=GB&currency=GBP,1,87,1.15%,11.89
https://aboutwallart.com/es/products/art-for-the-bedroom-set-of-3-wall-prints?pr_prod_strat=pinned&pr_rec_id=de471263c&pr_rec_pid=8167977943326&pr_ref_pid=8167976534302&pr_seq=uniform,1,86,1.16%,2.35
https://aboutwallart.com/products/Framed-prints-living-room-set-of-3-framed-wall-art?pr_prod_strat=pinned&pr_rec_id=f88259ac0&pr_rec_pid=8168006418718&pr_ref_pid=8168006713630&pr_seq=uniform,1,85,1.18%,1.02
https://aboutwallart.com/es/blogs/news-articles-home-decor-inspiration/fixing-a-room-with-too-much-neutral-tones,1,84,1.19%,5.99
https://aboutwallart.com/products/canvas-painting-wall-decor-set-of-3-abstract-clocks-wall-art-prints?variant=55850764042620,1,83,1.2%,8.77
https://aboutwallart.com/products/canvas-painting-wall-decor-set-of-3-abstract-clocks-wall-art-prints?variant=55748645781884,1,82,1.22%,5.17
https://aboutwallart.com/products/islamic-wall-art-with-frame-for-living-room-set-of-3-prints?variant=55850289037692,1,82,1.22%,6
https://aboutwallart.com/blogs/news-articles-home-decor-inspiration/solve-your-how-to-decorate-your-home-problems-with-these-tips,1,82,1.22%,8.13
https://aboutwallart.com/es/blogs/news-articles-home-decor-inspiration/studio-apartment-ideas-small-space-design-solutions-for-2026,1,81,1.23%,5.41
https://aboutwallart.com/products/bathroom-decor-green-set-of-3-wall-art-prints?variant=55161191039356&country=GB&currency=GBP,1,81,1.23%,8.53
https://aboutwallart.com/products/wall-picture-for-living-room-set-of-3-japanese-art-prints?variant=55161205260668,1,80,1.25%,5.22
https://aboutwallart.com/products/islamic-wall-art-with-frame-for-living-room-set-of-3-prints?variant=55850289430908&country=GB&currency=GBP,1,80,1.25%,5.67
https://aboutwallart.com/products/zen-wall-art-set-of-3-wall-art-prints?variant=55849112502652&country=GB&currency=GBP,1,79,1.27%,5.96
https://aboutwallart.com/products/teal-wall-art-for-living-room-framed-wall-art-set-of-3?pr_prod_strat=collection_fallback&pr_rec_id=9f33776a7&pr_rec_pid=8167996784926&pr_ref_pid=9012003438878&pr_seq=uniform,1,78,1.28%,5.51
https://aboutwallart.com/cdn/shop/files/ideas-for-office-wall-decor-set-of-3-wall-art-prints-777957.jpg?v=1749589399&width=1946,1,78,1.28%,18.56
https://aboutwallart.com/fr/blogs/news-articles-home-decor-inspiration/choosing-the-right-art-for-grey-walls,1,77,1.3%,3.01
https://aboutwallart.com/products/large-living-room-pictures-set-of-3-wall-art-prints?variant=55161248579964&country=GB&currency=GBP,1,77,1.3%,6.52
https://aboutwallart.com/products/bathroom-decor-blue-set-of-3-wall-art-prints?variant=55161098600828&country=GB&currency=GBP,1,77,1.3%,10.23
https://aboutwallart.com/cdn/shop/articles/designing-a-clutter-free-kids-playroom-childrens-playroom-ideas-6384847.jpg?v=1765626530&width=360,1,76,1.32%,20.05
https://aboutwallart.com/pages/modern-art-wall-decoration-shop-by-room,1,75,1.33%,12
https://aboutwallart.com/products/bathroom-wall-decoration-set-of-2-framed-wall-art-prints,1,73,1.37%,4.71
https://aboutwallart.com/products/paintings-for-bedroom-walls-set-of-3-framed-wall-art?variant=55160710594940,1,73,1.37%,4.99
https://aboutwallart.com/products/zen-themed-room-decor-set-of-3-wall-art-prints?variant=55160265113980&country=GB&currency=GBP,1,73,1.37%,6.81
https://aboutwallart.com/products/japanese-art-prints-set-of-3-framed-wall-art?variant=55161122718076&country=GB&currency=GBP,1,73,1.37%,8.55
https://aboutwallart.com/products/landscape-picture-frame-set-of-3-wall-art-prints?variant=55161431687548&country=GB&currency=GBP,1,72,1.39%,7.11
https://aboutwallart.com/products/pictures-for-the-hallway-set-of-3-framed-wall-art-prints?variant=55849766355324&country=GB&currency=GBP,1,72,1.39%,7.83
https://aboutwallart.com/products/framed-picture-for-bathroom-set-of-2-wall-art-prints?pr_prod_strat=pinned&pr_rec_id=f18976d3f&pr_rec_pid=8167973421342&pr_ref_pid=8803732848926&pr_seq=uniform,1,72,1.39%,9.18
https://aboutwallart.com/products/ballerina-artwork-set-of-3-wall-art-prints?variant=55160902582652&country=GB&currency=GBP,1,72,1.39%,13.96
https://aboutwallart.com/products/fox-prints-for-woodland-nursery-wall-decor-set-of-3-wall-art-prints?variant=55160976146812&country=GB&currency=GBP,1,71,1.41%,11.87
https://aboutwallart.com/es/products/art-wall-office-set-of-3-framed-wall-art?pr_prod_strat=pinned&pr_rec_id=ff3b4d8a7&pr_rec_pid=8167996817694&pr_ref_pid=8167998325022&pr_seq=uniform,1,69,1.45%,1.48
https://aboutwallart.com/products/personalised-wall-decor-family-tree-wall-art-print,1,69,1.45%,13.16
https://aboutwallart.com/cdn/shop/products/office-desk-decor-set-of-3-wall-art-prints-972626.jpg?v=1749591651&width=1946,1,69,1.45%,14.43
https://aboutwallart.com/products/shibori-tie-dye-set-of-3-framed-wall-art-prints?variant=55160433246588,1,68,1.47%,9
https://aboutwallart.com/products/art-for-a-bathrooms-set-of-3-framed-wall-art?pr_prod_strat=e5_desc&pr_rec_id=2d9082061&pr_rec_pid=8566718071070&pr_ref_pid=8167974076702&pr_seq=uniform,1,67,1.49%,1.33
https://aboutwallart.com/products/utility-room-decor-wall-art-print?variant=49245196484894&country=GB&currency=GBP,1,66,1.52%,4.86
https://aboutwallart.com/products/japanese-wall-decor-set-of-3-bedroom-wall-prints?pr_prod_strat=pinned&pr_rec_id=5a2bbdb78&pr_rec_pid=8167994065182&pr_ref_pid=8167994851614&pr_seq=uniform,1,66,1.52%,5.24
https://aboutwallart.com/products/bathroom-decor-green-set-of-3-wall-art-prints?variant=55161190416764&country=GB&currency=GBP,1,66,1.52%,7.59
https://aboutwallart.com/cdn/shop/products/japandi-wall-art-living-room-set-of-3-art-prints-458716.jpg?crop=center&height=2048&v=1749590825&width=2048,1,66,1.52%,13.73
https://aboutwallart.com/products/laundry-room-pictures-set-of-2-wall-art-prints?variant=49245209297182&country=GB&currency=GBP,1,65,1.54%,4.49
https://aboutwallart.com/es/products/art-for-the-kitchen-wall-set-of-2-wall-art-prints,1,65,1.54%,7.29
https://aboutwallart.com/cdn/shop/files/landscape-picture-frame-set-of-3-wall-art-prints-764088.jpg?v=1749589909&width=1946,1,65,1.54%,20.78
https://aboutwallart.com/es/products/wall-art-for-the-bedroom-set-of-3-bohemian-wall-art-prints,1,64,1.56%,5.36
https://aboutwallart.com/products/large-frames-for-pictures-in-sizes-a4-a3-a2-20x30-in?variant=44621725696286&country=GB&currency=GBP,1,64,1.56%,5.39
https://aboutwallart.com/products/art-for-huge-wall-set-of-3-asian-inspired-wall-art-prints?variant=55748547674492,1,63,1.59%,10.05
https://aboutwallart.com/products/allah-muhammad-prints-for-bedroom-set-of-2-wall-art-prints,1,62,1.61%,5.06
https://aboutwallart.com/products/islamic-prints-wall-art-for-hallway-decor?variant=47756502008094&country=GB&currency=GBP,1,62,1.61%,5.1
https://aboutwallart.com/products/wright-narrow-walnut-bedside-table,1,62,1.61%,7.81
https://aboutwallart.com/products/garnet-january-birthstone-wall-art-print?pr_prod_strat=pinned&pr_rec_id=e4a2090a5&pr_rec_pid=8167985119518&pr_ref_pid=8167970373918&pr_seq=uniform,1,62,1.61%,8.31
https://aboutwallart.com/products/laundry-room-pictures-set-of-2-wall-art-prints?variant=55848641659260,1,61,1.64%,5.33
https://aboutwallart.com/products/eid-mubarak-decorations-wall-art-print?pr_prod_strat=copurchase_transfer_learning&pr_rec_id=fe19bae29&pr_rec_pid=8167986626846&pr_ref_pid=8167982137630&pr_seq=uniform,1,61,1.64%,8.69
https://aboutwallart.com/products/zack-argos-brushed-stainless-steel-door-stop-50618,1,61,1.64%,9.79
https://aboutwallart.com/products/framed-print-set-of-3-landscape-wall-art-for-living-room?variant=55850271736188,1,61,1.64%,9.8
https://aboutwallart.com/cdn/shop/products/asian-living-room-wall-pictures-set-of-2-wall-art-prints-326614.jpg?v=1749590913&width=1946,1,61,1.64%,18.52
https://aboutwallart.com/es/blogs/news-articles-home-decor-inspiration/toilet-decor-ideas-to-instantly-upgrade-a-small-bathroom,1,60,1.67%,7.57
https://aboutwallart.com/products/white-gold-vanity-desk-with-mirror-led-lighting-2-drawers-modern-dresser-dressing-table-makeup-table-for-bedroom-household-home,1,60,1.67%,10.73
https://aboutwallart.com/collections/games-room-decor-1,1,60,1.67%,24.22
https://aboutwallart.com/products/zen-wall-art-set-of-3-wall-art-prints?variant=55856614637948,1,59,1.69%,3.46
https://aboutwallart.com/products/bumble-bee-art-framed-wall-art-print?variant=44621764428062,1,59,1.69%,7.71
https://aboutwallart.com/products/prints-for-office-set-of-3-framed-wall-art-prints?pr_prod_strat=pinned&pr_rec_id=bbfa81e03&pr_rec_pid=8168004518174&pr_ref_pid=8168004813086&pr_seq=uniform,1,57,1.75%,1.19
https://aboutwallart.com/products/wall-picture-with-frame-set-of-3-moroccan-inspired-wall-art?variant=55748614750588,1,57,1.75%,2.89
https://aboutwallart.com/products/wall-picture-for-living-room-set-of-3-japanese-art-prints?variant=47140648190238,1,57,1.75%,6.37
https://aboutwallart.com/fr/blogs/news-articles-home-decor-inspiration/colour-trends-for-2026-paint-shades-designers-recommend,1,57,1.75%,11.75
https://aboutwallart.com/products/cherry-blossoms-wall-art-for-home-office-set-of-2?variant=46492065628446,1,56,1.79%,3.84
https://aboutwallart.com/fr/blogs/news-articles-home-decor-inspiration/exploring-chinoiserie-wall-murals-in-todays-interiors,1,56,1.79%,6.27
https://aboutwallart.com/products/industrial-pipe-clothing-rack-wall-mounted-wood-shelf-pipe-shelving-floating-shelves-retail-garment-rack-display-rack-clothes?pr_prod_strat=pinned&pr_rec_id=9f9081e8c&pr_rec_pid=15684717740412&pr_ref_pid=15684717379964&pr_seq=uniform,1,56,1.79%,7.52
https://aboutwallart.com/products/botanical-large-artwork-for-hallway-set-of-2-wall-art-prints?variant=55848611250556,1,56,1.79%,8.05
https://aboutwallart.com/products/coffee-prints-set-of-3-wall-art-prints?variant=55161377685884,1,55,1.82%,6.22
https://aboutwallart.com/products/japandi-wall-art-prints-set-of-3-framed-prints?variant=55160390353276&country=GB&currency=GBP,1,55,1.82%,18.36
https://aboutwallart.com/fr/products/black-and-white-line-art-for-bedroom-set-of-2-wall-art-prints,1,54,1.85%,5.02
https://aboutwallart.com/products/zen-bedroom-decor-set-of-3-wall-art-prints?pr_prod_strat=e5_desc&pr_rec_id=11875a0f8&pr_rec_pid=8517913968926&pr_ref_pid=8167996457246&pr_seq=uniform,1,54,1.85%,6.2
https://aboutwallart.com/products/calming-art-set-of-3-asian-inspired-wall-art-prints?variant=55849326051708&country=GB&currency=GBP,1,54,1.85%,7.48
https://aboutwallart.com/products/bedroom-pictures-for-wall-set-of-3-art-prints?variant=55160765251964,1,52,1.92%,3.15
https://aboutwallart.com/es/blogs/news-articles-home-decor-inspiration/7-inspiring-ideas-wall-art-for-teenagers,1,51,1.96%,9.53
https://aboutwallart.com/collections/bathroom-accessories,1,51,1.96%,79.16
https://aboutwallart.com/blogs/news-articles-home-decor-inspiration/how-a-single-wall-can-transform-your-space-bedroom-decor,1,50,2%,10.1
https://aboutwallart.com/es/blogs/news-articles-home-decor-inspiration/stylish-bathroom-en-suite-ideas-to-elevate-your-space,1,49,2.04%,8.12
https://aboutwallart.com/products/bathroom-pictures-framed-set-of-3-botanical-wall-art-prints?variant=55160615862652,1,49,2.04%,9.67
https://aboutwallart.com/blogs/news-articles-home-decor-inspiration/inspiration-for-home-decor-8-fresh-ideas,1,49,2.04%,15.9
https://aboutwallart.com/es/products/artwork-for-living-room-set-of-3-wall-art-with-gold?pr_prod_strat=pinned&pr_rec_id=488e0cce6&pr_rec_pid=8167990984990&pr_ref_pid=8167991083294&pr_seq=uniform,1,48,2.08%,2.81
https://aboutwallart.com/fr/products/norway-walnut-round-coffee-table,1,48,2.08%,5.42
https://aboutwallart.com/products/wright-walnut-dining-chair-set-of-2,1,48,2.08%,6.73
https://aboutwallart.com/products/classy-bathroom-wall-art-uk-set-of-3-wall-art-prints?pr_prod_strat=pinned&pr_rec_id=586fe19ba&pr_rec_pid=8167972897054&pr_ref_pid=8811288756510&pr_seq=uniform,1,47,2.13%,10.94
https://aboutwallart.com/products/taurus-zodiac-wall-art-print?variant=46491583840542,1,47,2.13%,11.28
https://aboutwallart.com/es/products/artistic-black-and-white-wall-pictures-set-of-3-art-prints?variant=55849743286652,1,46,2.17%,5.46
https://aboutwallart.com/products/prints-for-the-kitchen-set-of-2-wall-art-prints?variant=55848700838268,1,46,2.17%,7.26
https://aboutwallart.com/products/bathroom-decor-green-set-of-3-wall-art-prints?variant=55161190482300&country=GB&currency=GBP,1,46,2.17%,11.33
https://aboutwallart.com/products/wall-art-bathroom-set-of-3-framed-bathroom-prints?pr_prod_strat=e5_desc&pr_rec_id=3d4ef471a&pr_rec_pid=8802155725086&pr_ref_pid=8802079899934&pr_seq=uniform,1,45,2.22%,2.89
https://aboutwallart.com/collections/bathroom-home-decor,1,45,2.22%,7.6
https://aboutwallart.com/products/bathroom-decor-in-black-an-gold-set-of-3-framed-wall-art?variant=55849616310652,1,44,2.27%,5.86
https://aboutwallart.com/products/christian-set-of-3-pictures-for-hallway-set-of-3-wall-art-prints?variant=55850672783740&country=GB&currency=GBP,1,44,2.27%,11.45
https://aboutwallart.com/products/pink-swan-nursery-wall-decor-set-of-3-wall-art-prints?variant=55850679435644,1,43,2.33%,8.26
https://aboutwallart.com/products/laundry-room-art-prints-set-of-2-wall-art-prints?variant=49245207888158&country=GB&currency=GBP,1,43,2.33%,9.42
https://aboutwallart.com/products/scandinavian-walnut-oslo-bedside-table?variant=55924039680380&country=GB&currency=GBP&utm_medium=product_sync&utm_source=google&utm_content=sag_organic&utm_campaign=sag_organic,1,41,2.44%,2.39
https://aboutwallart.com/products/canvas-painting-wall-decor-set-of-3-abstract-clocks-wall-art-prints,1,41,2.44%,4.85
https://aboutwallart.com/blogs/news-articles-home-decor-inspiration/office-decor-ideas-10?_pos=36&_sid=3d53d1f20&_ss=r,1,41,2.44%,5.07
https://aboutwallart.com/products/3-pictures-above-bed-set-of-3-framed-wall-art?variant=55850603053436,1,41,2.44%,9.8
https://aboutwallart.com/products/ramadan-mubarak-decorations-for-bedroom-set-of-3-wall-art-prints?variant=55160762761596&country=GB&currency=GBP,1,40,2.5%,3.58
https://aboutwallart.com/products/zack-calzo-premium-brushed-steel-shoe-horn-wall-mounted-55cm,1,40,2.5%,5.53
https://aboutwallart.com/products/gold-artwork-for-living-room-set-of-3-feathers-wall-art-prints?variant=55160323375484&country=GB&currency=GBP,1,40,2.5%,6.8
https://aboutwallart.com/products/cherry-blossoms-wall-art-for-home-office-set-of-2?variant=55848511373692,1,40,2.5%,8.15
https://aboutwallart.com/products/sun-and-moon-wall-art-set-of-2-wall-art-prints?variant=55848412512636,1,39,2.56%,5.67
https://aboutwallart.com/apps/17TRACK,1,39,2.56%,6.97
https://aboutwallart.com/products/framed-landscape-wall-art-set-of-3-wall-art-prints,1,39,2.56%,7.49
https://aboutwallart.com/products/kyo-black-metal-rectangle-lattice-window-mirror-120cm-x-95cm?pr_prod_strat=pinned&pr_rec_id=87c263408&pr_rec_pid=15682200895868&pr_ref_pid=15682198045052&pr_seq=uniform,1,39,2.56%,7.51
https://aboutwallart.com/products/sintered-stone-bar-table-white-rectangle-counter-height-dining-table-with-black-metal-frame-high-top-pub-tables?variant=56002318074236&country=GB&currency=GBP,1,39,2.56%,8.67
https://aboutwallart.com/blogs/news-articles-home-decor-inspiration/5-questions-to-ask-before-hiring-an-interior-decorator,1,39,2.56%,9.82
https://aboutwallart.com/es/products/xmas-wall-art-print-for-christmas-decor?pr_prod_strat=pinned&pr_rec_id=d930b533e&pr_rec_pid=8167980433694&pr_ref_pid=8167980630302&pr_seq=uniform,1,39,2.56%,29.62
https://aboutwallart.com/es/blogs/news-articles-home-decor-inspiration/the-fusion-of-japanese-minimalism-scandinavian-simplicity,1,38,2.63%,7.61
https://aboutwallart.com/es/products/astratto-canvas-white-pleated-fabric-hand-painted-wall-art,1,37,2.7%,6.32
https://aboutwallart.com/products/pink-blooms-bathroom-art-prints-set-of-2-wall-art,1,37,2.7%,7.51
https://aboutwallart.com/products/art-for-huge-wall-set-of-3-asian-inspired-wall-art-prints?variant=55748547674492&country=GB&currency=GBP,1,36,2.78%,4.92
https://aboutwallart.com/products/melia-console-table-with-two-drawers,1,36,2.78%,5.64
https://aboutwallart.com/products/zen-wall-art-set-of-3-wall-art-prints?variant=55161186419068,1,36,2.78%,6.47
https://aboutwallart.com/es/products/art-for-the-living-room-set-of-3-wall-art-prints?pr_prod_strat=e5_desc&pr_rec_id=f90ebb681&pr_rec_pid=8167997964574&pr_ref_pid=8167991017758&pr_seq=uniform,1,35,2.86%,4.17
https://aboutwallart.com/products/bathroom-wall-decor-framed-set-of-3-boho-women-wall-art-prints?variant=55748389142908,1,35,2.86%,4.49
https://aboutwallart.com/products/pictures-for-office-walls-set-of-3-wall-art-prints?pr_prod_strat=pinned&pr_rec_id=f2209eed4&pr_rec_pid=8167987511582&pr_ref_pid=8771818062110&pr_seq=uniform,1,35,2.86%,5.06
https://aboutwallart.com/products/wall-art-islamic-set-of-2-gold-wall-art?variant=55848670495100&country=GB&currency=GBP,1,35,2.86%,5.91
https://aboutwallart.com/products/relaxing-bedroom-wall-art-set-of-3-framed-art-prints?variant=55160360010108&country=GB&currency=GBP,1,35,2.86%,6.06
https://aboutwallart.com/products/zen-themed-room-decor-set-of-3-wall-art-prints?variant=55160265671036,1,35,2.86%,6.26
https://aboutwallart.com/es/products/ramadan-decoration-ideas-set-of-3-wall-art-prints?pr_prod_strat=e5_desc&pr_rec_id=fde1413a6&pr_rec_pid=8167986266398&pr_ref_pid=8167986299166&pr_seq=uniform,1,35,2.86%,7.74
https://aboutwallart.com/products/cebu-two-tier-console-table,1,35,2.86%,8.57
https://aboutwallart.com/products/orbello-truffle-70cm-extra-large-concrete-sphere-planter-207l-round-plant-pot?variant=55924052427132&country=GB&currency=GBP,1,35,2.86%,11.26
https://aboutwallart.com/products/laundry-room-art-prints-set-of-2-wall-art-prints?variant=55848440627580&country=GB&currency=GBP,1,34,2.94%,8.38
https://aboutwallart.com/fr/products/bathroom-art-wall-decor-set-of-2-wall-art-prints,1,34,2.94%,8.53
https://aboutwallart.com/products/belmont-viscose-stripe-grey-towels-100-cotton-hotel-quality-super-absorbent-10-piece-bale-set-4-hand-towel-12-face-cloths-by-olivia-rocco,1,34,2.94%,10.44
https://aboutwallart.com/products/large-wall-paintings-for-living-room-set-of-3-wall-art-prints,1,33,3.03%,9.36
https://aboutwallart.com/products/artwork-for-kitchen-walls-set-of-3-wall-art?variant=55160397169020&country=GB&currency=GBP,1,33,3.03%,10.73
https://aboutwallart.com/products/large-framed-wall-paintings-set-of-3-beach-decor-wall-art-prints?variant=55849672507772&country=GB&currency=GBP,1,33,3.03%,11.55
https://aboutwallart.com/products/white-and-black-prints-set-of-3-wall-art-prints?variant=49245238296862&currency=GBP,1,33,3.03%,12.55
https://aboutwallart.com/products/arabic-calligraphy-art-wall-art-print?variant=55847992590716&country=GB&currency=GBP,1,32,3.12%,3.38
https://aboutwallart.com/fr/products/black-and-white-line-art-for-bedroom-set-of-2-wall-art-prints?variant=47780933992734,1,32,3.12%,4.34
https://aboutwallart.com/fr/pages/gallery-wall-ideas-and-layouts,1,32,3.12%,6.34
https://aboutwallart.com/collections/japan-wall-art/pastel-art,1,32,3.12%,7.53
https://aboutwallart.com/products/living-room-prints-set-of-3-wall-art-prints?variant=49280548471070&currency=GBP,1,32,3.12%,11.41
https://aboutwallart.com/fr/products/prints-for-the-kitchen-set-of-2-wall-art-prints?pr_prod_strat=pinned&pr_rec_id=5e1613d77&pr_rec_pid=8167989182750&pr_ref_pid=8804220469534&pr_seq=uniform,1,31,3.23%,1.13
https://aboutwallart.com/products/print-love-word-art-set-of-3-wall-art-prints-for-bedroom?variant=55849630990716,1,31,3.23%,3.42
https://aboutwallart.com/products/bathroom-decor-blue-set-of-3-wall-art-prints?variant=55849850536316,1,31,3.23%,6.29
https://aboutwallart.com/products/wall-art-with-gold-for-luxurious-living-room-set-of-3-wall-art-prints?variant=55160649351548&country=GB&currency=GBP,1,31,3.23%,10.32
https://aboutwallart.com/fr/collections/french-country-decor-1,1,31,3.23%,30.26
https://aboutwallart.com/es/products/large-frames-for-pictures-in-sizes-a4-a3-a2-20x30-in?variant=46492515238174,1,30,3.33%,4
https://aboutwallart.com/products/scandinavian-walnut-logan-narrow-bedside-table?variant=55924040204668&country=GB&currency=GBP,1,30,3.33%,5.63
https://aboutwallart.com/products/big-wall-paintings-for-living-room-set-of-3-japanese-prints?variant=55161051873660,1,30,3.33%,6.2